timestamp,device_id,temperature_c,vibration_rms,current_a,injected_anomaly
2026-03-14 16:30:00+00:00,device-01,45.00086110735024,0.8316737842435984,1.729075755846804,0
2026-03-14 16:35:00+00:00,device-01,45.219130174768544,0.9117224803950918,1.845072962241836,0
2026-03-14 16:40:00+00:00,device-01,44.82811984764721,0.8759740194334354,1.7869641113741443,0
2026-03-14 16:45:00+00:00,device-01,44.40660960591614,0.8853132834723336,1.8251430694392905,0
2026-03-14 16:50:00+00:00,device-01,44.72176113822317,0.8179275195539055,1.776838304291778,0
2026-03-14 16:55:00+00:00,device-01,44.35588389170786,0.8617261845669609,1.8216556733128344,0
2026-03-14 17:00:00+00:00,device-01,45.102141541388754,0.9064784263065159,1.7589340148037567,0
2026-03-14 17:05:00+00:00,device-01,46.00819472729669,0.9531749824896311,1.8030791278114844,0
2026-03-14 17:10:00+00:00,device-01,44.73550077424068,0.9595022454499303,1.8402478954484174,0
2026-03-14 17:15:00+00:00,device-01,44.65571218470209,0.907232488761326,1.8087084708507584,0
2026-03-14 17:20:00+00:00,device-01,45.44293107218793,0.9030315087146918,1.77924437512894,0
2026-03-14 17:25:00+00:00,device-01,45.35985706004325,0.8722082120746043,1.7421378124604454,0
2026-03-14 17:30:00+00:00,device-01,45.19381789041397,0.9351052852190705,1.81806251144227,0
2026-03-14 17:35:00+00:00,device-01,44.478689040904875,0.9038528067630827,1.8293679063426103,0
2026-03-14 17:40:00+00:00,device-01,45.11952589672735,0.9477690510877698,1.7938361548398598,0
2026-03-14 17:45:00+00:00,device-01,45.636696402935755,1.0063010661309901,1.7638449438505572,0
2026-03-14 17:50:00+00:00,device-01,44.21901222222521,0.9183385779218887,1.8432254762549847,0
2026-03-14 17:55:00+00:00,device-01,44.849605605381214,0.8463288137064422,1.9602405325417411,0
2026-03-14 18:00:00+00:00,device-01,43.849050697536754,0.8793917524642789,1.7938550728562137,0
2026-03-14 18:05:00+00:00,device-01,44.28719566967436,0.8507630792229656,1.8328731103104172,0
2026-03-14 18:10:00+00:00,device-01,43.91061827848264,0.8650494969782636,1.835978133609245,0
2026-03-14 18:15:00+00:00,device-01,45.0452247264511,0.9914013153938155,1.6600123254265988,0
2026-03-14 18:20:00+00:00,device-01,44.3325264410052,0.9387017375209864,1.8220974647564385,0
2026-03-14 18:25:00+00:00,device-01,45.41956898637318,0.8525891131289323,1.772939945458206,0
2026-03-14 18:30:00+00:00,device-01,45.34934890134863,0.9625065296055955,1.89907751956349,0
2026-03-14 18:35:00+00:00,device-01,45.118704684421594,0.9940686769850596,1.8014220861693335,0
2026-03-14 18:40:00+00:00,device-01,43.4977515037323,0.9142790575552624,1.7706738965391824,0
2026-03-14 18:45:00+00:00,device-01,44.892318731963805,0.8996938507235591,1.8048807013750654,0
2026-03-14 18:50:00+00:00,device-01,45.24536680870639,0.9178427845115606,1.8286487414316388,0
2026-03-14 18:55:00+00:00,device-01,45.36854047754519,0.9501578585626874,1.785724952494615,0
2026-03-14 19:00:00+00:00,device-01,44.22802862568918,0.9691394043603991,1.8168235137331203,0
2026-03-14 19:05:00+00:00,device-01,44.97458835196428,0.9974625190291277,1.7393974619597201,0
2026-03-14 19:10:00+00:00,device-01,44.63393653592672,1.0001836999624563,1.8077953866020287,0
2026-03-14 19:15:00+00:00,device-01,44.76259008256207,1.0000353428417552,1.8685142703667648,0
2026-03-14 19:20:00+00:00,device-01,46.081273213021134,1.0100637471621379,1.9407872941650453,0
2026-03-14 19:25:00+00:00,device-01,44.7832294501949,0.9762366709374393,1.8656906575696806,0
2026-03-14 19:30:00+00:00,device-01,45.335589348627686,0.8678185543921718,1.8402783456646827,0
2026-03-14 19:35:00+00:00,device-01,45.98726929462514,0.9390091903458735,1.8956505474193186,0
2026-03-14 19:40:00+00:00,device-01,44.96950870965283,0.962443775695971,1.8864331233499936,0
2026-03-14 19:45:00+00:00,device-01,45.309660806503956,0.9287785332875913,1.9257788922270784,0
2026-03-14 19:50:00+00:00,device-01,45.4749905176625,0.994681651411833,1.8915691189442372,0
2026-03-14 19:55:00+00:00,device-01,45.452116347331604,0.9322882554993939,1.8201990942576545,0
2026-03-14 20:00:00+00:00,device-01,44.55972331112041,0.9051884492608521,1.8434386038067687,0
2026-03-14 20:05:00+00:00,device-01,45.48034338619081,1.0248640167284264,1.8393419493881775,0
2026-03-14 20:10:00+00:00,device-01,46.38799376153597,0.987118885978996,1.847380835116458,0
2026-03-14 20:15:00+00:00,device-01,44.36357729438211,0.965947219808124,1.841931631496703,0
2026-03-14 20:20:00+00:00,device-01,46.0578964703707,1.0024820205605993,1.783626188620215,0
2026-03-14 20:25:00+00:00,device-01,45.549614999198376,1.0104314077928584,1.705012973251399,0
2026-03-14 20:30:00+00:00,device-01,45.02676482669195,0.9755106301027587,1.7915892723444584,0
2026-03-14 20:35:00+00:00,device-01,46.88580069168568,0.8367258459448437,1.7109864273188335,0
2026-03-14 20:40:00+00:00,device-01,46.028793756427035,0.9269753752997111,1.8372841883749613,0
2026-03-14 20:45:00+00:00,device-01,44.665400174283114,0.9390675961949523,1.8341366009542828,0
2026-03-14 20:50:00+00:00,device-01,45.56674157008815,0.9138239072393082,1.733987346285509,0
2026-03-14 20:55:00+00:00,device-01,45.927927836762564,0.9741008383749911,1.87646892114571,0
2026-03-14 21:00:00+00:00,device-01,45.40174943072154,1.0249056245560473,1.8878469392918682,0
2026-03-14 21:05:00+00:00,device-01,46.02157252610872,0.9421742479361851,1.8422427858096786,0
2026-03-14 21:10:00+00:00,device-01,45.506598024541795,0.9107972828586032,1.937207474690668,0
2026-03-14 21:15:00+00:00,device-01,46.02984439875272,1.070055348031203,1.9501028338844606,0
2026-03-14 21:20:00+00:00,device-01,46.57933378512392,0.9471916427844211,1.7660982454235998,0
2026-03-14 21:25:00+00:00,device-01,45.10898692700871,0.9092203397116952,1.9013147497521872,0
2026-03-14 21:30:00+00:00,device-01,45.73371548872301,0.9838525816726897,1.866217434461613,0
2026-03-14 21:35:00+00:00,device-01,45.27675630400294,0.9943479753768134,1.8655194263586368,0
2026-03-14 21:40:00+00:00,device-01,45.69969758973268,0.9389013866030724,1.8971403189888523,0
2026-03-14 21:45:00+00:00,device-01,44.78909633598972,1.0147614564670528,1.7985761712037747,0
2026-03-14 21:50:00+00:00,device-01,45.224128662391756,0.9519524588699668,1.8068361996008726,0
2026-03-14 21:55:00+00:00,device-01,45.501794106209864,0.9312452293569832,1.7934300538436871,0
2026-03-14 22:00:00+00:00,device-01,46.277741499960115,0.9873912794591747,1.7983875942299499,0
2026-03-14 22:05:00+00:00,device-01,46.4597214548296,1.0180636880029932,1.8384219024811097,0
2026-03-14 22:10:00+00:00,device-01,44.74103937592401,0.9488906359310105,1.7578735329324646,0
2026-03-14 22:15:00+00:00,device-01,45.12068523998978,0.9981668542732329,1.7828892162561756,0
2026-03-14 22:20:00+00:00,device-01,46.139176405921894,0.9780076819193072,1.8809339241913963,0
2026-03-14 22:25:00+00:00,device-01,44.301042087940296,1.1249448824212105,1.8426733168039036,0
2026-03-14 22:30:00+00:00,device-01,45.38089153575039,0.949330328141418,1.8705566977105856,0
2026-03-14 22:35:00+00:00,device-01,45.64636644046204,1.054996108709725,1.7348715822634353,0
2026-03-14 22:40:00+00:00,device-01,46.60371672829434,0.9841934633697662,1.8018432795346409,0
2026-03-14 22:45:00+00:00,device-01,46.21570980504093,0.9814898881657081,1.8161958366323903,0
2026-03-14 22:50:00+00:00,device-01,45.51338015220996,1.0249223451753158,1.8521194538215209,0
2026-03-14 22:55:00+00:00,device-01,45.49371030054649,1.0345435395341207,1.815635925431332,0
2026-03-14 23:00:00+00:00,device-01,45.585841701947906,1.0541934653205236,1.9074508985851977,0
2026-03-14 23:05:00+00:00,device-01,46.83669506235436,1.0082676230849712,1.8486059265756605,0
2026-03-14 23:10:00+00:00,device-01,45.47983373425398,0.9628011818572714,1.853767235858252,0
2026-03-14 23:15:00+00:00,device-01,45.57608211546272,0.9669182045308595,1.8542019822262563,0
2026-03-14 23:20:00+00:00,device-01,46.04465817836041,1.0202561529225336,1.8965115302288797,0
2026-03-14 23:25:00+00:00,device-01,45.722473984253625,1.0247848781097944,1.8263772705847903,0
2026-03-14 23:30:00+00:00,device-01,45.67806159183371,1.0666021631559095,1.9226596418010355,0
2026-03-14 23:35:00+00:00,device-01,45.04544036877916,1.018574144015478,1.8835604169255378,0
2026-03-14 23:40:00+00:00,device-01,45.826328492362,1.0516072469217026,1.86583938007632,0
2026-03-14 23:45:00+00:00,device-01,45.53297192030668,1.075376739284634,1.859740986349334,0
2026-03-14 23:50:00+00:00,device-01,46.668832354007456,1.008710644789572,1.8890940313573725,0
2026-03-14 23:55:00+00:00,device-01,46.31874764775535,0.9271181262722593,1.9194376376112234,0
2026-03-15 00:00:00+00:00,device-01,45.853706376406116,0.9433505927131098,1.9158834991681275,0
2026-03-15 00:05:00+00:00,device-01,46.34747303000092,0.9313355748295116,1.8823404980843288,0
2026-03-15 00:10:00+00:00,device-01,45.650675008907285,1.0837093281172356,1.9130283909536068,0
2026-03-15 00:15:00+00:00,device-01,46.63402727578146,0.9626562268906805,1.868162461332072,0
2026-03-15 00:20:00+00:00,device-01,45.9026917863206,1.067508276821791,1.9368454070895782,0
2026-03-15 00:25:00+00:00,device-01,46.32374908106866,1.036084968525401,1.8607339429871497,0
2026-03-15 00:30:00+00:00,device-01,45.02064319309095,1.0934365747981853,1.738455621510912,0
2026-03-15 00:35:00+00:00,device-01,46.175808385484615,1.0586950652054121,1.9438698758195665,0
2026-03-15 00:40:00+00:00,device-01,44.76022998837626,1.0042815668846505,1.8707002230810048,0
2026-03-15 00:45:00+00:00,device-01,44.526059539767495,1.0002506532784046,1.7945959722450546,0
2026-03-15 00:50:00+00:00,device-01,45.746449108158885,1.0153549885148443,1.8535980557883458,0
2026-03-15 00:55:00+00:00,device-01,45.33840268901374,1.0206963489604097,1.813091534008287,0
2026-03-15 01:00:00+00:00,device-01,46.091933813958946,0.9862250305849757,1.992763446064262,0
2026-03-15 01:05:00+00:00,device-01,47.55714686999456,1.011951868306032,1.8972405714752305,0
2026-03-15 01:10:00+00:00,device-01,45.41230669245343,1.094862454485038,1.773884645786053,0
2026-03-15 01:15:00+00:00,device-01,45.56642319265779,0.9300947466343046,1.9014042737941819,0
2026-03-15 01:20:00+00:00,device-01,46.155612127748675,1.0289232665234107,1.845336324593782,0
2026-03-15 01:25:00+00:00,device-01,46.36555899393332,0.971440347747331,1.9848932720610004,0
2026-03-15 01:30:00+00:00,device-01,45.905560214491054,1.0269208469220137,1.8073492481164746,0
2026-03-15 01:35:00+00:00,device-01,45.89346223114,1.0603346081870488,1.736313261374427,0
2026-03-15 01:40:00+00:00,device-01,46.53788054902347,1.016225905200326,1.875710378101914,0
2026-03-15 01:45:00+00:00,device-01,46.41860864698291,1.0585120699787471,1.8514989834463729,0
2026-03-15 01:50:00+00:00,device-01,45.33959062845057,0.9411187260379276,1.84800707185608,0
2026-03-15 01:55:00+00:00,device-01,46.01620057432289,1.0766997341900273,1.745148645323005,0
2026-03-15 02:00:00+00:00,device-01,46.104765242530384,0.9919249577574709,1.8998515157083968,0
2026-03-15 02:05:00+00:00,device-01,45.35033511753259,1.0539244727379864,1.9752627968540328,0
2026-03-15 02:10:00+00:00,device-01,46.27874437072683,1.0326405811636148,1.760937443287803,0
2026-03-15 02:15:00+00:00,device-01,45.504642646391744,0.8949455826097187,1.9463712694764181,0
2026-03-15 02:20:00+00:00,device-01,46.79398637976292,0.9871173597026212,1.8425914499728757,0
2026-03-15 02:25:00+00:00,device-01,46.256761441960734,1.0366341689177148,2.018270537041998,0
2026-03-15 02:30:00+00:00,device-01,46.19262536936597,1.1039870020087215,1.904105594668429,0
2026-03-15 02:35:00+00:00,device-01,45.724634208660135,1.041322275036965,1.8672884883082705,0
2026-03-15 02:40:00+00:00,device-01,46.06354189899436,1.0405054862927747,1.9454952133905785,0
2026-03-15 02:45:00+00:00,device-01,44.756332378730065,0.9576394420992093,1.9113462901710556,0
2026-03-15 02:50:00+00:00,device-01,45.37092664547088,1.100475012977827,1.8448486122820242,0
2026-03-15 02:55:00+00:00,device-01,46.425027704089764,1.1199065919777764,1.9236194803748012,0
2026-03-15 03:00:00+00:00,device-01,44.68914156041345,1.0316075467620218,1.850974302920265,0
2026-03-15 03:05:00+00:00,device-01,46.77983357216419,1.0198079393548454,1.7749154601183492,0
2026-03-15 03:10:00+00:00,device-01,44.97297946214705,0.950451204989695,2.0047280376158656,0
2026-03-15 03:15:00+00:00,device-01,46.73297340357849,1.076168502311217,1.862464365954391,0
2026-03-15 03:20:00+00:00,device-01,45.61938785395586,1.1677059921505126,1.8475044292865619,0
2026-03-15 03:25:00+00:00,device-01,46.76447852990655,1.0690280330161015,1.90497357506784,0
2026-03-15 03:30:00+00:00,device-01,46.31876907965312,1.0969286451343672,1.7916763795962074,0
2026-03-15 03:35:00+00:00,device-01,45.15920651090665,1.0614096206761163,1.804642663132604,0
2026-03-15 03:40:00+00:00,device-01,47.11725190233649,0.9856069061624947,1.8564807154155563,0
2026-03-15 03:45:00+00:00,device-01,47.259868472066664,1.1022343958503755,1.855877382158135,0
2026-03-15 03:50:00+00:00,device-01,46.212404395608125,0.9742056646670922,1.89197425107774,0
2026-03-15 03:55:00+00:00,device-01,46.074489291763314,1.0259253541110376,1.955613586058981,0
2026-03-15 04:00:00+00:00,device-01,46.162054950053644,1.0509158843477417,1.8604167511225465,0
2026-03-15 04:05:00+00:00,device-01,45.599054442109875,1.0816239499873541,1.9190235351529863,0
2026-03-15 04:10:00+00:00,device-01,47.05833894677764,1.0587733570788775,1.926144588510407,0
2026-03-15 04:15:00+00:00,device-01,45.91693872270224,1.057801808241333,1.8256026249832014,0
2026-03-15 04:20:00+00:00,device-01,46.26873216787792,1.0008620578973046,1.9049487418063726,0
2026-03-15 04:25:00+00:00,device-01,45.75682768787552,0.9749346043297211,1.8352745907406132,0
2026-03-15 04:30:00+00:00,device-01,45.88142085561766,1.0429342252752545,1.956260771154606,0
2026-03-15 04:35:00+00:00,device-01,45.432768227783335,1.0047977411695905,1.9203234234700797,0
2026-03-15 04:40:00+00:00,device-01,47.21459492736188,0.9753557270198733,1.8945984266939693,0
2026-03-15 04:45:00+00:00,device-01,46.23422225856994,0.9778754230273554,1.813815307828217,0
2026-03-15 04:50:00+00:00,device-01,47.02563223696768,1.0170842411069934,1.9017447465092647,0
2026-03-15 04:55:00+00:00,device-01,46.366184072334086,0.9493697909838643,1.8493506989893942,0
2026-03-15 05:00:00+00:00,device-01,45.87811015778316,0.9750234906057194,1.9383160506828248,0
2026-03-15 05:05:00+00:00,device-01,46.14281455619711,0.9610283659301164,1.8893835765839668,0
2026-03-15 05:10:00+00:00,device-01,45.986599769368766,1.0522765400793814,1.8483862929319277,0
2026-03-15 05:15:00+00:00,device-01,46.391565614186504,1.0639311744257047,1.9532407595467083,0
2026-03-15 05:20:00+00:00,device-01,46.130505489413736,1.1442474230955741,1.9415834212758387,0
2026-03-15 05:25:00+00:00,device-01,46.190410220602445,0.9693622879575142,1.8632740300460018,0
2026-03-15 05:30:00+00:00,device-01,45.44248122020713,1.0105972997175166,1.9691729619048968,0
2026-03-15 05:35:00+00:00,device-01,45.8497841813756,1.0905360300971974,1.882125941737184,0
2026-03-15 05:40:00+00:00,device-01,47.57947402313001,1.0343850037364322,1.8820577423945972,0
2026-03-15 05:45:00+00:00,device-01,45.958792295774785,1.029181928655789,1.9086109994464342,0
2026-03-15 05:50:00+00:00,device-01,45.69777592808,1.13128831918032,1.8565998825988235,0
2026-03-15 05:55:00+00:00,device-01,46.678720093626694,1.0291973905468894,1.8758333522425807,0
2026-03-15 06:00:00+00:00,device-01,47.434596157022135,0.9885856556293954,1.8932756893414113,0
2026-03-15 06:05:00+00:00,device-01,45.43856626406778,0.9808159184226732,1.995292981069464,0
2026-03-15 06:10:00+00:00,device-01,46.31725917023644,1.0637049479899106,1.994025387784235,0
2026-03-15 06:15:00+00:00,device-01,46.02759222288647,1.062429407742131,1.8890834360084798,0
2026-03-15 06:20:00+00:00,device-01,45.244083113264004,0.9788190678066088,2.001809992918195,0
2026-03-15 06:25:00+00:00,device-01,46.997976194974676,0.9983609787592762,1.9031534332771944,0
2026-03-15 06:30:00+00:00,device-01,46.473810358705094,1.0745827596739856,1.9291512117589054,0
2026-03-15 06:35:00+00:00,device-01,46.54688667827808,1.0769165183116889,1.9598955906719244,0
2026-03-15 06:40:00+00:00,device-01,45.97687815783671,1.0160878288391173,1.9249671502263401,0
2026-03-15 06:45:00+00:00,device-01,46.82842625387161,1.0795451842608714,2.05291737709765,0
2026-03-15 06:50:00+00:00,device-01,46.139112531504594,1.0772022195975535,1.923168185820258,0
2026-03-15 06:55:00+00:00,device-01,46.42309378786068,0.9596201815965385,1.8372718060382447,0
2026-03-15 07:00:00+00:00,device-01,45.75381069532979,1.0333255115823063,1.988013958496328,0
2026-03-15 07:05:00+00:00,device-01,45.68475023019543,1.0698290492636158,1.8855192089087105,0
2026-03-15 07:10:00+00:00,device-01,47.47728490898069,1.0205526857112288,1.892541810167117,0
2026-03-15 07:15:00+00:00,device-01,46.193791140440986,0.9423831996917227,1.7318535954117742,0
2026-03-15 07:20:00+00:00,device-01,46.75925372277171,1.0352919920180015,1.9719667414455335,0
2026-03-15 07:25:00+00:00,device-01,46.53769826695867,1.0871499258143502,1.9615669098153157,0
2026-03-15 07:30:00+00:00,device-01,46.25878492849007,1.1286576844760254,1.9609522513348825,0
2026-03-15 07:35:00+00:00,device-01,46.21820963533512,0.9401800007238066,1.9722653008650142,0
2026-03-15 07:40:00+00:00,device-01,47.020996462598724,1.1804565152138697,2.0155695595084335,0
2026-03-15 07:45:00+00:00,device-01,46.374748095131906,0.9934945261207488,1.9118967666282232,0
2026-03-15 07:50:00+00:00,device-01,46.486121916833646,1.0977503573003973,1.9714599216204631,0
2026-03-15 07:55:00+00:00,device-01,46.61372474318716,1.1116517612159957,1.871117315004506,0
2026-03-15 08:00:00+00:00,device-01,47.42772263909336,1.0991223366802565,1.895063116463848,0
2026-03-15 08:05:00+00:00,device-01,47.08648148791562,1.0574715776312829,1.980238986225552,0
2026-03-15 08:10:00+00:00,device-01,46.88386066365403,0.9919285191596767,1.9408416958660857,0
2026-03-15 08:15:00+00:00,device-01,46.22741670312245,1.0813256563867408,1.8379089374142092,0
2026-03-15 08:20:00+00:00,device-01,45.66037416119383,1.0142239390118122,1.9401318822375209,0
2026-03-15 08:25:00+00:00,device-01,47.29821804251226,0.9238282985546655,1.9080143851790634,0
2026-03-15 08:30:00+00:00,device-01,47.31581400260981,1.1913749938698017,1.8704047220220357,0
2026-03-15 08:35:00+00:00,device-01,46.546517996797284,1.085291750615329,1.9461162201027484,0
2026-03-15 08:40:00+00:00,device-01,47.03000423894556,1.1407366671705605,1.896321616613882,0
2026-03-15 08:45:00+00:00,device-01,47.20332602526522,1.0041874092411014,1.826894196386419,0
2026-03-15 08:50:00+00:00,device-01,47.24373386522311,1.1230690117666597,1.8549845321486567,0
2026-03-15 08:55:00+00:00,device-01,47.3124204235778,1.1291022367890744,2.0283329706695357,0
2026-03-15 09:00:00+00:00,device-01,46.35402512501334,1.1272407566165348,1.83181458846672,0
2026-03-15 09:05:00+00:00,device-01,47.73890216286892,1.0483470651078801,1.9366046462946394,0
2026-03-15 09:10:00+00:00,device-01,45.811227498270206,0.9891679881918296,1.9603646899853886,0
2026-03-15 09:15:00+00:00,device-01,47.292428190806454,1.0402987739689307,1.9626361205425762,0
2026-03-15 09:20:00+00:00,device-01,47.04031158913815,0.9388889066911938,1.851278537638765,0
2026-03-15 09:25:00+00:00,device-01,47.311387175604715,0.9637793246443401,1.9060352173328112,0
2026-03-15 09:30:00+00:00,device-01,48.020411706254265,1.0533191088290081,1.934297586488543,0
2026-03-15 09:35:00+00:00,device-01,47.74942711910744,0.9989841270368203,1.9743772134665514,0
2026-03-15 09:40:00+00:00,device-01,45.91385802002055,1.0401532546973595,1.888183476428515,0
2026-03-15 09:45:00+00:00,device-01,45.53853535765168,1.042736836049197,1.857587712345777,0
2026-03-15 09:50:00+00:00,device-01,47.297508327134665,1.1445240943297492,1.9880642640209312,0
2026-03-15 09:55:00+00:00,device-01,46.020214602588645,1.1126596946594463,1.9947312546880949,0
2026-03-15 10:00:00+00:00,device-01,46.727033489357716,1.045315081779493,1.9511371748577209,0
2026-03-15 10:05:00+00:00,device-01,47.3284769977709,1.1077737683387017,1.8929149426827805,0
2026-03-15 10:10:00+00:00,device-01,45.59491653127193,1.0081029668583559,1.9543557813547288,0
2026-03-15 10:15:00+00:00,device-01,45.27345156022077,1.0299933738768423,1.9370151878721606,0
2026-03-15 10:20:00+00:00,device-01,46.936766559727374,1.09208882751998,1.9812192779597881,0
2026-03-15 10:25:00+00:00,device-01,46.79110278090788,0.984223774140122,1.8565183335904332,0
2026-03-15 10:30:00+00:00,device-01,46.59270184674753,1.0320767805177133,1.9389428488705198,0
2026-03-15 10:35:00+00:00,device-01,46.79642547725879,0.9796923802972382,1.922923993871523,0
2026-03-15 10:40:00+00:00,device-01,46.17173305336182,1.051307012768747,1.8663859498424242,0
2026-03-15 10:45:00+00:00,device-01,45.719246303057865,1.1267477828964,1.946403535740681,0
2026-03-15 10:50:00+00:00,device-01,46.66658786073987,1.0071956587261017,1.936055893570092,0
2026-03-15 10:55:00+00:00,device-01,46.10755938537115,1.0557629137286613,1.9098339950957999,0
2026-03-15 11:00:00+00:00,device-01,45.64178298779123,0.9992612303541468,1.9587104353789075,0
2026-03-15 11:05:00+00:00,device-01,47.15061622765414,0.9862982392907469,1.8503125830743747,0
2026-03-15 11:10:00+00:00,device-01,46.75803501113644,0.9816215704262478,1.9327120820569714,0
2026-03-15 11:15:00+00:00,device-01,47.08991349963473,1.1157800346338107,1.962304112664258,0
2026-03-15 11:20:00+00:00,device-01,46.117121329142876,1.160782638193206,1.9539474889776929,0
2026-03-15 11:25:00+00:00,device-01,46.35322558190898,1.0664215605472975,2.0019777154607836,0
2026-03-15 11:30:00+00:00,device-01,46.11873014294816,1.0060533411975132,1.8658093960211595,0
2026-03-15 11:35:00+00:00,device-01,46.20155895361043,1.0767013174169249,1.8478858924106283,0
2026-03-15 11:40:00+00:00,device-01,46.96309617039279,1.024319465707818,1.9531838099455365,0
2026-03-15 11:45:00+00:00,device-01,46.28228503008912,1.0806746552981068,1.9666283793649202,0
2026-03-15 11:50:00+00:00,device-01,47.08362446180653,1.0547137352722007,2.066986587032897,0
2026-03-15 11:55:00+00:00,device-01,47.076172069650134,1.0536988265446814,1.9772702838458214,0
2026-03-15 12:00:00+00:00,device-01,48.25987443972805,1.0696172691412782,1.8883114520680755,0
2026-03-15 12:05:00+00:00,device-01,45.871182110555395,1.009808945033329,1.989583382162342,0
2026-03-15 12:10:00+00:00,device-01,47.471492570613755,1.0180857426572893,1.8909554656155434,0
2026-03-15 12:15:00+00:00,device-01,46.79109947017025,0.9517527408155557,1.8530132171575968,0
2026-03-15 12:20:00+00:00,device-01,46.84765394899828,1.015222848348176,2.0991779438688214,0
2026-03-15 12:25:00+00:00,device-01,45.84625728708962,0.965691434307005,1.9626483435970599,0
2026-03-15 12:30:00+00:00,device-01,46.542666889253994,1.0290562408883952,1.986461195850076,0
2026-03-15 12:35:00+00:00,device-01,47.38863454054518,0.9878815050578746,1.9778409123941822,0
2026-03-15 12:40:00+00:00,device-01,46.814208705934426,1.0402880815620517,2.053214639989368,0
2026-03-15 12:45:00+00:00,device-01,46.93218185925996,1.0573422275498303,1.9619969527217611,0
2026-03-15 12:50:00+00:00,device-01,46.67539539293895,0.9631186670096746,2.018471358635362,0
2026-03-15 12:55:00+00:00,device-01,47.690502110923106,0.9928960444735331,1.8842297422605456,0
2026-03-15 13:00:00+00:00,device-01,46.870631573764335,0.9858203172932083,1.8627927869683463,0
2026-03-15 13:05:00+00:00,device-01,45.3486832624911,1.0697272463477139,2.0323699116403775,0
2026-03-15 13:10:00+00:00,device-01,46.407788007367294,1.1171281292585153,2.0357204851844815,0
2026-03-15 13:15:00+00:00,device-01,45.51729834240129,1.0737851427571514,1.9783232234481318,0
2026-03-15 13:20:00+00:00,device-01,44.622618785791595,1.0131265228626214,1.9616927935799937,0
2026-03-15 13:25:00+00:00,device-01,46.530667096329175,1.1032278616378952,1.9585468792426612,0
2026-03-15 13:30:00+00:00,device-01,47.838314277837014,0.9536431870142182,1.9077324244632878,0
2026-03-15 13:35:00+00:00,device-01,46.94083315872489,1.103678510645551,2.0417845522115825,0
2026-03-15 13:40:00+00:00,device-01,46.09004629519425,0.995252978826446,1.9894416316391181,0
2026-03-15 13:45:00+00:00,device-01,46.255269598255424,0.888393201385349,1.9807039455249946,0
2026-03-15 13:50:00+00:00,device-01,47.708072059064094,1.159283409617306,1.9733562976713188,0
2026-03-15 13:55:00+00:00,device-01,47.029816730230145,1.104970820653416,2.0141010354473416,0
2026-03-15 14:00:00+00:00,device-01,46.95586479197641,0.9737932054585982,1.9819623856064041,0
2026-03-15 14:05:00+00:00,device-01,46.887581163000846,1.0331468271338304,1.9968177672940963,0
2026-03-15 14:10:00+00:00,device-01,46.95457548526207,1.0132717512089897,1.882392749354084,0
2026-03-15 14:15:00+00:00,device-01,47.494121869316864,1.0283994678508408,1.983561304893513,0
2026-03-15 14:20:00+00:00,device-01,47.3197293000099,0.9484072337394714,2.08462043640572,0
2026-03-15 14:25:00+00:00,device-01,47.08647135343882,0.9877714583451956,1.9227042790263447,0
2026-03-15 14:30:00+00:00,device-01,46.2079676170734,1.044510347868123,1.9465115289226342,0
2026-03-15 14:35:00+00:00,device-01,47.298200476652525,1.0315047939191362,2.008181768597358,0
2026-03-15 14:40:00+00:00,device-01,46.46385166899096,1.0795812396849291,2.012525499667008,0
2026-03-15 14:45:00+00:00,device-01,47.71086822751964,1.0228478351084538,1.9929733728518118,0
2026-03-15 14:50:00+00:00,device-01,46.057743599530866,1.1355541466691856,1.8588704383992063,0
2026-03-15 14:55:00+00:00,device-01,46.85339864356919,0.9815310101082655,1.9864472421215835,0
2026-03-15 15:00:00+00:00,device-01,46.94678785421072,1.0295005725539554,1.8857381861507503,0
2026-03-15 15:05:00+00:00,device-01,46.02684321701931,0.9199263170559475,1.9076900286801168,0
2026-03-15 15:10:00+00:00,device-01,48.161582767227365,0.9522857632909517,1.9904671084189762,0
2026-03-15 15:15:00+00:00,device-01,47.98054588109351,1.0805609302660029,1.9402444174450775,0
2026-03-15 15:20:00+00:00,device-01,46.635762000246885,0.9661787671390939,2.0069794648403287,0
2026-03-15 15:25:00+00:00,device-01,47.50243585018627,1.039029055051918,2.1476968715226654,0
2026-03-15 15:30:00+00:00,device-01,47.22921554644286,1.0085753191585158,2.0058440500783914,0
2026-03-15 15:35:00+00:00,device-01,45.13651275131816,0.9585972124858778,2.0029873290074462,0
2026-03-15 15:40:00+00:00,device-01,47.143095833014264,0.9925652860498055,1.9062736673894556,0
2026-03-15 15:45:00+00:00,device-01,46.9266399342741,0.9834115073715114,1.9218388250857872,0
2026-03-15 15:50:00+00:00,device-01,47.02954718454157,0.9838927444245881,1.8969945482831165,0
2026-03-15 15:55:00+00:00,device-01,46.21914747566941,1.0450717665076263,1.9292543014638617,0
2026-03-15 16:00:00+00:00,device-01,46.78603246342877,1.0391314316609923,1.8960989242686386,0
2026-03-15 16:05:00+00:00,device-01,46.851360290991416,0.9767583579674901,1.9224148439742148,0
2026-03-15 16:10:00+00:00,device-01,47.80932392110899,0.9593825938753401,1.9498633292925487,0
2026-03-15 16:15:00+00:00,device-01,47.213223931184004,1.01795540651256,1.9027407944415236,0
2026-03-15 16:20:00+00:00,device-01,46.97665392703032,0.9979313519172307,1.8780161759402212,0
2026-03-15 16:25:00+00:00,device-01,48.05218930988817,1.0534326683944586,1.8818591500666928,0
2026-03-15 16:30:00+00:00,device-01,46.59455499335712,1.1338625501673065,1.991165367609144,0
2026-03-15 16:35:00+00:00,device-01,46.711895900272175,1.0423163873619927,1.967896207587995,0
2026-03-15 16:40:00+00:00,device-01,45.71398748012589,0.9974989782622697,2.026247321518613,0
2026-03-15 16:45:00+00:00,device-01,48.0852592292024,0.9896917166327067,2.0277349080903417,0
2026-03-15 16:50:00+00:00,device-01,47.663037188365536,0.9545107951970863,1.9450060356738408,0
2026-03-15 16:55:00+00:00,device-01,47.63086777266665,0.9510566766988606,2.0060209601270533,0
2026-03-15 17:00:00+00:00,device-01,47.45832285516893,0.9452576501873117,1.8797592420422495,0
2026-03-15 17:05:00+00:00,device-01,47.06816791989933,0.9746931389421645,2.1035421665904788,0
2026-03-15 17:10:00+00:00,device-01,47.14282627228263,0.9721276264009027,2.0386534380902193,0
2026-03-15 17:15:00+00:00,device-01,46.81644962538863,1.0296897323977934,1.9543937443371366,0
2026-03-15 17:20:00+00:00,device-01,46.851154259899104,0.9715652101848193,1.8978684879682148,0
2026-03-15 17:25:00+00:00,device-01,47.03245748050069,0.9806482731902822,1.9908262086124329,0
2026-03-15 17:30:00+00:00,device-01,48.05344606056623,0.9286063591941686,1.8561798521980206,0
2026-03-15 17:35:00+00:00,device-01,47.384817421641,1.0707419163828287,1.921985213610687,0
2026-03-15 17:40:00+00:00,device-01,46.955534311191045,1.012849372886139,2.014026031134123,0
2026-03-15 17:45:00+00:00,device-01,46.59145247816334,1.0759245418545993,1.973982853387304,0
2026-03-15 17:50:00+00:00,device-01,46.55304847765497,1.0252999883778782,1.9403514793351193,0
2026-03-15 17:55:00+00:00,device-01,48.119911410116906,1.0589063674622634,2.02720529782053,0
2026-03-15 18:00:00+00:00,device-01,47.353119465010096,0.9709631921179718,1.9081925484749704,0
2026-03-15 18:05:00+00:00,device-01,47.046094148396705,1.0182028068785332,1.9879403944128236,0
2026-03-15 18:10:00+00:00,device-01,46.75680182009806,1.1165715551506996,1.9413310941249475,0
2026-03-15 18:15:00+00:00,device-01,46.223062011915765,0.9190653288292027,1.9207059580963242,0
2026-03-15 18:20:00+00:00,device-01,46.95281653208529,1.0379957332657137,1.9996939831325624,0
2026-03-15 18:25:00+00:00,device-01,47.61135039484363,1.063014222122124,1.9126576104410415,0
2026-03-15 18:30:00+00:00,device-01,46.725133768259916,0.9981026819624417,2.0866889855043955,0
2026-03-15 18:35:00+00:00,device-01,46.84091002220206,1.0142308574030556,1.9378218893156394,0
2026-03-15 18:40:00+00:00,device-01,46.84527569072345,1.0388706070590765,2.0926284761165133,0
2026-03-15 18:45:00+00:00,device-01,47.07668561743122,0.940287564166096,1.9079334787817066,0
2026-03-15 18:50:00+00:00,device-01,45.88478168524151,0.9935812139783613,2.0102593284526686,0
2026-03-15 18:55:00+00:00,device-01,46.83498011395782,0.9272136281510943,1.9022562835964332,0
2026-03-15 19:00:00+00:00,device-01,46.4015016802984,0.9359497887709278,1.8940904292373362,0
2026-03-15 19:05:00+00:00,device-01,47.618557575693835,0.9378273646420318,1.9844644881476317,0
2026-03-15 19:10:00+00:00,device-01,46.45964842219111,0.9609806215319795,2.015858450852923,0
2026-03-15 19:15:00+00:00,device-01,47.402669601801854,0.9746665998066533,1.899069947345682,0
2026-03-15 19:20:00+00:00,device-01,48.06546242680252,0.9892085860652065,2.0468933985518882,0
2026-03-15 19:25:00+00:00,device-01,46.77840811602921,0.8923860081402484,1.9283055265039657,0
2026-03-15 19:30:00+00:00,device-01,46.576341380088344,1.0651402120133864,1.9843497610753849,0
2026-03-15 19:35:00+00:00,device-01,47.13091657626591,1.021843449025955,1.9995760994062632,0
2026-03-15 19:40:00+00:00,device-01,46.994912907799815,0.9987063408125466,2.0127812692561244,0
2026-03-15 19:45:00+00:00,device-01,46.30017102472583,0.9420586040200891,1.8695406658810552,0
2026-03-15 19:50:00+00:00,device-01,47.31766532388474,0.954672511136451,2.0748302098991744,0
2026-03-15 19:55:00+00:00,device-01,48.40515227667092,0.986144765797438,2.011729115991547,0
2026-03-15 20:00:00+00:00,device-01,46.812832008533675,0.9780030038893057,1.952789016783594,0
2026-03-15 20:05:00+00:00,device-01,46.850666513133135,0.869718482352956,1.917176502522605,0
2026-03-15 20:10:00+00:00,device-01,46.2603469790144,0.9925722876888464,1.8772805679468276,0
2026-03-15 20:15:00+00:00,device-01,47.214230978851404,1.102853625563001,1.8975365983824624,0
2026-03-15 20:20:00+00:00,device-01,46.11700551785433,0.8576059529335536,2.0122134370595353,0
2026-03-15 20:25:00+00:00,device-01,46.21400714044879,1.002079899892479,1.9593458702054445,0
2026-03-15 20:30:00+00:00,device-01,47.883546125790325,0.9688431316988599,1.9122104481170892,0
2026-03-15 20:35:00+00:00,device-01,46.35283229462848,0.9430158137990549,1.948774440489651,0
2026-03-15 20:40:00+00:00,device-01,47.74242038642899,1.0179025135127426,2.0745244164856005,0
2026-03-15 20:45:00+00:00,device-01,48.05129162275745,0.8856837548899961,1.961122284790382,0
2026-03-15 20:50:00+00:00,device-01,47.16449078385365,0.9535269391687387,1.94617898479203,0
2026-03-15 20:55:00+00:00,device-01,47.369007832446165,1.0190753989378352,2.062563327116783,0
2026-03-15 21:00:00+00:00,device-01,48.34683147444789,0.932675156828152,2.009519527739658,0
2026-03-15 21:05:00+00:00,device-01,46.841118306931925,0.9201163743672917,1.9847399156839431,0
2026-03-15 21:10:00+00:00,device-01,46.56224695187392,0.946274936818572,1.9458911655515847,0
2026-03-15 21:15:00+00:00,device-01,46.02856256957548,0.9163320494216176,1.8894864158980884,0
2026-03-15 21:20:00+00:00,device-01,47.00344309842281,1.0174192698101323,1.9126694625279583,0
2026-03-15 21:25:00+00:00,device-01,48.00802347861634,0.8901568205327023,1.9543432330573387,0
2026-03-15 21:30:00+00:00,device-01,47.64266428899165,0.9803815923812934,1.9702602639391096,0
2026-03-15 21:35:00+00:00,device-01,46.309759288245345,0.869984186720941,2.0050771781671752,0
2026-03-15 21:40:00+00:00,device-01,46.36868671115231,0.9674779574860819,2.0170713153837947,0
2026-03-15 21:45:00+00:00,device-01,46.61270667367983,0.9264880221344645,1.997601468461012,0
2026-03-15 21:50:00+00:00,device-01,47.1683420237844,0.7978963378793408,1.9977093779764268,0
2026-03-15 21:55:00+00:00,device-01,46.8181150232022,0.9291215872895948,1.9242900256973436,0
2026-03-15 22:00:00+00:00,device-01,47.109980312553695,0.8733618193440704,1.8557107940222726,0
2026-03-15 22:05:00+00:00,device-01,47.16556056571962,0.9041322305686569,1.953996065582309,0
2026-03-15 22:10:00+00:00,device-01,46.746632913105586,1.00481731979928,1.9282501244302996,0
2026-03-15 22:15:00+00:00,device-01,46.92553511150015,0.8670773087295343,1.9465898588565174,0
2026-03-15 22:20:00+00:00,device-01,47.096105058691236,0.8687737703491656,1.9695205683862989,0
2026-03-15 22:25:00+00:00,device-01,46.89049625761286,0.9960787442836698,1.9116216432234876,0
2026-03-15 22:30:00+00:00,device-01,47.299475497932164,0.9267562245428109,1.9198496305125374,0
2026-03-15 22:35:00+00:00,device-01,48.25431101971864,0.9987932548837332,1.9807013445694426,0
2026-03-15 22:40:00+00:00,device-01,47.356716965203006,0.9349460478314563,1.9939046342845643,0
2026-03-15 22:45:00+00:00,device-01,46.97899349648421,0.871720141629549,1.9478344599597528,0
2026-03-15 22:50:00+00:00,device-01,45.75718424679679,0.9124215150785817,2.0173253310633505,0
2026-03-15 22:55:00+00:00,device-01,47.20652989510302,0.9777917125296369,1.9744927284899465,0
2026-03-15 23:00:00+00:00,device-01,45.5697292437761,0.9617149450339856,1.9266949216831013,0
2026-03-15 23:05:00+00:00,device-01,45.943476078204725,0.9121387252719444,1.9905611515710016,0
2026-03-15 23:10:00+00:00,device-01,47.52539489633643,0.9133529558819649,2.1012876374757656,0
2026-03-15 23:15:00+00:00,device-01,47.41881118381517,0.9038126195876429,1.9480706650502586,0
2026-03-15 23:20:00+00:00,device-01,46.816740373635405,0.8786154846668965,2.0587559379882316,0
2026-03-15 23:25:00+00:00,device-01,45.72189280642087,1.0063934515888588,2.071673321522092,0
2026-03-15 23:30:00+00:00,device-01,46.65611147468312,0.906219249681029,2.07911357533655,0
2026-03-15 23:35:00+00:00,device-01,46.43804548831347,0.8464538553887161,1.9400812037140698,0
2026-03-15 23:40:00+00:00,device-01,47.356009799141155,0.8788278341252606,2.1105742173815703,0
2026-03-15 23:45:00+00:00,device-01,48.48764378021035,0.9394388718859964,1.9968435351602898,0
2026-03-15 23:50:00+00:00,device-01,47.05604711946242,0.9338248718050598,1.974843906323492,0
2026-03-15 23:55:00+00:00,device-01,46.35559367441904,0.8925459109305283,1.9764569234630467,0
2026-03-16 00:00:00+00:00,device-01,46.07859347197727,0.8639820053972561,2.0265766506623266,0
2026-03-16 00:05:00+00:00,device-01,46.855534097228904,0.89832306497268,1.9937522101494196,0
2026-03-16 00:10:00+00:00,device-01,46.76781795993222,0.8098088892637405,1.9802709550110118,0
2026-03-16 00:15:00+00:00,device-01,46.08223551720233,0.8276707029970793,2.068098163994538,0
2026-03-16 00:20:00+00:00,device-01,46.96642604118379,0.9344128165588884,1.9479130152719706,0
2026-03-16 00:25:00+00:00,device-01,46.07596915563444,0.8674548332858364,1.9288839574250403,0
2026-03-16 00:30:00+00:00,device-01,47.65666783649969,0.9101184558869818,2.0392505857480194,0
2026-03-16 00:35:00+00:00,device-01,47.618585263001556,0.9522255088844427,2.034069676096242,0
2026-03-16 00:40:00+00:00,device-01,47.63054587095851,0.9217438536041136,2.057679903575896,0
2026-03-16 00:45:00+00:00,device-01,46.535827943659285,0.8881608688895894,1.9278945467068294,0
2026-03-16 00:50:00+00:00,device-01,47.22422418584125,0.9952545339214117,2.05729316126468,0
2026-03-16 00:55:00+00:00,device-01,46.76796097713465,0.9189354188812116,2.0215119531861783,0
2026-03-16 01:00:00+00:00,device-01,46.58454443931845,0.8651435707231316,2.0985240563496688,0
2026-03-16 01:05:00+00:00,device-01,46.61556767862785,0.9197586901216541,1.9180489816441058,0
2026-03-16 01:10:00+00:00,device-01,45.939379302382676,0.9018496878356487,2.0062152258255876,0
2026-03-16 01:15:00+00:00,device-01,45.83463945471049,0.8356429036901653,1.9766391740175018,0
2026-03-16 01:20:00+00:00,device-01,47.39748223329064,0.8821542177584438,1.8980775268457044,0
2026-03-16 01:25:00+00:00,device-01,46.70366882149972,0.8686850050392517,1.950738315653975,0
2026-03-16 01:30:00+00:00,device-01,46.985056709694895,0.7748529436943075,2.061421395804707,0
2026-03-16 01:35:00+00:00,device-01,47.530736380104685,0.8658340081050332,1.965823703926089,0
2026-03-16 01:40:00+00:00,device-01,45.6122803412485,0.8589115938521255,1.9507671310591101,0
2026-03-16 01:45:00+00:00,device-01,46.27247030277322,0.8497020204205457,2.0463780858718117,0
2026-03-16 01:50:00+00:00,device-01,46.93993840163078,0.7864507046741667,2.053772379104433,0
2026-03-16 01:55:00+00:00,device-01,47.08746751281512,0.8515466179353647,2.053801968141909,0
2026-03-16 02:00:00+00:00,device-01,46.54480079724187,0.866514690738143,1.9473663149912896,0
2026-03-16 02:05:00+00:00,device-01,47.52488483159725,0.8725724360623895,1.9914182113322838,0
2026-03-16 02:10:00+00:00,device-01,46.9473970954058,0.8077448150945311,2.0568869347732526,0
2026-03-16 02:15:00+00:00,device-01,45.94636933254108,0.897406621353871,1.9558318177305318,0
2026-03-16 02:20:00+00:00,device-01,46.13977340977976,0.8011966556392601,1.9503783018371799,0
2026-03-16 02:25:00+00:00,device-01,47.35066416123311,0.850965624371786,2.0451742233063803,0
2026-03-16 02:30:00+00:00,device-01,47.10699805900809,0.92834069345851,2.0893611833014707,0
2026-03-16 02:35:00+00:00,device-01,45.44841016062226,0.8244626595519468,1.9266335568014552,0
2026-03-16 02:40:00+00:00,device-01,47.71654411117005,0.832595986853256,1.8400395375838794,0
2026-03-16 02:45:00+00:00,device-01,47.187112488253256,0.9128121333821818,1.9090080765018638,0
2026-03-16 02:50:00+00:00,device-01,47.70413743987007,0.8367101597849409,1.9354111555570461,0
2026-03-16 02:55:00+00:00,device-01,46.49046634529987,0.8399873999036139,1.9880267565115801,0
2026-03-16 03:00:00+00:00,device-01,46.54727817097184,0.8654256508379294,2.033365182218687,0
2026-03-16 03:05:00+00:00,device-01,45.96092420052294,0.9067893650806026,1.9877488438559772,0
2026-03-16 03:10:00+00:00,device-01,48.520422683888285,0.7384510858464388,1.954641042042632,0
2026-03-16 03:15:00+00:00,device-01,46.616838164968144,0.8079411563759634,2.0059839033216504,0
2026-03-16 03:20:00+00:00,device-01,47.84596993127915,0.7975748178066473,1.9391875360085171,0
2026-03-16 03:25:00+00:00,device-01,46.27658911522309,0.7924241169008668,1.9942005483071257,0
2026-03-16 03:30:00+00:00,device-01,46.83933648578359,0.8030835253400433,1.9586353959949563,0
2026-03-16 03:35:00+00:00,device-01,45.549611542456205,0.8027268803894252,2.158061635846228,0
2026-03-16 03:40:00+00:00,device-01,46.44641885021822,0.8601004649713213,2.0463576067282996,0
2026-03-16 03:45:00+00:00,device-01,47.397878929454116,0.7978724950753789,1.9473566740881472,0
2026-03-16 03:50:00+00:00,device-01,45.827811659410166,0.8486012427896688,1.9377464386383427,0
2026-03-16 03:55:00+00:00,device-01,47.44933077669536,0.8617402187532737,1.9713745512392056,0
2026-03-16 04:00:00+00:00,device-01,46.92953459119454,0.8026177843605038,1.8990732897660922,0
2026-03-16 04:05:00+00:00,device-01,45.95735669020714,0.8455696777237534,1.954034481041003,0
2026-03-16 04:10:00+00:00,device-01,46.33161619189698,0.9216115020739553,1.9536666713591142,0
2026-03-16 04:15:00+00:00,device-01,46.35595811392921,0.853102252971666,2.051089786175546,0
2026-03-16 04:20:00+00:00,device-01,46.63716835430162,0.8028190021578042,1.9725499680061374,0
2026-03-16 04:25:00+00:00,device-01,46.29101705248286,0.831014850229632,1.9508027769780276,0
2026-03-16 04:30:00+00:00,device-01,46.08166050848605,0.7863212538202973,1.9178949041172553,0
2026-03-16 04:35:00+00:00,device-01,46.44195326944586,0.8459572863305977,1.9278096647815652,0
2026-03-16 04:40:00+00:00,device-01,45.93070301825538,0.8751097755234735,1.9945095298358746,0
2026-03-16 04:45:00+00:00,device-01,45.7411771016311,0.7879817474191421,1.9856638526178345,0
2026-03-16 04:50:00+00:00,device-01,46.604400867289705,0.8180782916126481,2.0667051924069706,0
2026-03-16 04:55:00+00:00,device-01,47.25037404413153,0.8845417660214214,1.9609785431440592,0
2026-03-16 05:00:00+00:00,device-01,45.55599869679261,0.8011591798866136,2.062351510255403,0
2026-03-16 05:05:00+00:00,device-01,46.623170668785605,0.8351002037230484,2.014299892497638,0
2026-03-16 05:10:00+00:00,device-01,46.15986111338232,0.7721053343529668,1.9986638198594489,0
2026-03-16 05:15:00+00:00,device-01,45.92490369268568,0.7814946391812139,1.8785111385641884,0
2026-03-16 05:20:00+00:00,device-01,47.20034661484193,0.7960881551391653,1.9216711214357072,0
2026-03-16 05:25:00+00:00,device-01,46.234216094544514,0.930010109849362,2.0436233465061524,0
2026-03-16 05:30:00+00:00,device-01,47.639700684108995,0.7996798774251276,2.0830675932261995,0
2026-03-16 05:35:00+00:00,device-01,46.038916741592175,0.7925782815772676,2.011643899098819,0
2026-03-16 05:40:00+00:00,device-01,46.849230796423065,0.7898659998981867,2.045064961325764,0
2026-03-16 05:45:00+00:00,device-01,46.41341686792212,0.8087007211883798,1.9749041272752816,0
2026-03-16 05:50:00+00:00,device-01,46.03849589935531,0.8487382821849593,1.9771383146135926,0
2026-03-16 05:55:00+00:00,device-01,46.97144066573785,0.8243830825773993,1.959691307837559,0
2026-03-16 06:00:00+00:00,device-01,46.44529823826468,0.9167719978764397,2.0579984664337077,0
2026-03-16 06:05:00+00:00,device-01,46.969712440008315,0.8235496803052252,2.0201296377876683,0
2026-03-16 06:10:00+00:00,device-01,46.50800122144522,0.8842149207185133,1.9855546690819745,0
2026-03-16 06:15:00+00:00,device-01,45.774635548930014,0.8246711564093264,1.9799421640388766,0
2026-03-16 06:20:00+00:00,device-01,46.45682167693355,0.8401117651569496,2.0330745649776376,0
2026-03-16 06:25:00+00:00,device-01,46.558163714920425,0.7366560549068727,2.019107529914091,0
2026-03-16 06:30:00+00:00,device-01,47.18620600478395,0.801492782501098,1.9498322239657688,0
2026-03-16 06:35:00+00:00,device-01,45.87434252755546,0.8034144811346787,2.102745815969123,0
2026-03-16 06:40:00+00:00,device-01,46.47461104989153,0.7937366097609398,2.015238096425116,0
2026-03-16 06:45:00+00:00,device-01,45.29020033436842,0.6972696673560308,2.000472581461546,0
2026-03-16 06:50:00+00:00,device-01,46.94489663592147,0.8479805746220811,2.088506225451542,0
2026-03-16 06:55:00+00:00,device-01,45.72511217626174,0.7836342691332903,2.0613331302080318,0
2026-03-16 07:00:00+00:00,device-01,45.210960243068165,0.7801374014783263,1.9946348994457188,0
2026-03-16 07:05:00+00:00,device-01,46.42718482637785,0.7883383905350012,2.0320905974824774,0
2026-03-16 07:10:00+00:00,device-01,47.23580400686935,0.7887558798276277,1.9357491375056066,0
2026-03-16 07:15:00+00:00,device-01,45.38786299096965,0.8195845808693998,1.9615113868333187,0
2026-03-16 07:20:00+00:00,device-01,45.68646582883849,0.7347548773877979,1.8643539750456015,0
2026-03-16 07:25:00+00:00,device-01,45.9208769361601,0.7508382910494243,2.0732055572851897,0
2026-03-16 07:30:00+00:00,device-01,45.64356423946244,0.8110131001361474,1.886086296694497,0
2026-03-16 07:35:00+00:00,device-01,46.692818030684556,0.802858818096879,2.0408727205616355,0
2026-03-16 07:40:00+00:00,device-01,45.85503217433771,0.7758524427450955,1.9501585896421838,0
2026-03-16 07:45:00+00:00,device-01,45.908064383456164,0.7651023942591028,1.9412616856040183,0
2026-03-16 07:50:00+00:00,device-01,46.81433840416788,0.7511969981356099,1.9882966658359442,0
2026-03-16 07:55:00+00:00,device-01,45.87002910032431,0.7891281424521315,2.0159795679183725,0
2026-03-16 08:00:00+00:00,device-01,46.69466509684058,0.8502177009385448,2.036715318788362,0
2026-03-16 08:05:00+00:00,device-01,45.70454424350449,0.737421285778377,2.1062786982337816,0
2026-03-16 08:10:00+00:00,device-01,45.528777068764555,0.8656401008150145,2.0214872819834135,0
2026-03-16 08:15:00+00:00,device-01,45.08518520193797,0.8308313350533681,2.0528295760843895,0
2026-03-16 08:20:00+00:00,device-01,47.66553302379041,0.7651498849524087,1.9640337040339395,0
2026-03-16 08:25:00+00:00,device-01,46.131166994985634,0.8261254303825302,2.0427492884075478,0
2026-03-16 08:30:00+00:00,device-01,46.51872497938573,0.712857992798948,2.00910287476046,0
2026-03-16 08:35:00+00:00,device-01,46.31882651442389,0.6987638125942707,1.9720942123763519,0
2026-03-16 08:40:00+00:00,device-01,46.445090379618335,0.7200508188181981,1.9941027960487145,0
2026-03-16 08:45:00+00:00,device-01,46.36042028080298,0.7632580115273765,1.9961123148499484,0
2026-03-16 08:50:00+00:00,device-01,47.653881071982,0.7666883261789335,2.011274618036631,0
2026-03-16 08:55:00+00:00,device-01,45.583336922018795,0.7564233349782072,2.023860551730487,0
2026-03-16 09:00:00+00:00,device-01,45.21278563332279,0.7863814170913701,1.9692110534138696,0
2026-03-16 09:05:00+00:00,device-01,45.5870282820356,0.6738906629970541,1.9552632405629866,0
2026-03-16 09:10:00+00:00,device-01,45.35346224655069,0.804662206611876,2.0445208912134625,0
2026-03-16 09:15:00+00:00,device-01,46.80295824590577,0.7081844397743449,1.8978402621106583,0
2026-03-16 09:20:00+00:00,device-01,46.84664375617463,0.745370077236468,1.9624994284117872,0
2026-03-16 09:25:00+00:00,device-01,45.59172046573189,0.7570416805719794,2.092705166589288,0
2026-03-16 09:30:00+00:00,device-01,45.283566972925,0.719153776716225,1.8370703117755265,0
2026-03-16 09:35:00+00:00,device-01,46.00071355419238,0.7077029881418807,1.9578708940599325,0
2026-03-16 09:40:00+00:00,device-01,47.215025842021895,0.7252461591676951,2.040666800949134,0
2026-03-16 09:45:00+00:00,device-01,44.259677368470534,0.7742599878920292,1.9003317682575045,0
2026-03-16 09:50:00+00:00,device-01,46.594120646871865,0.8036699115183925,2.1551847520306513,0
2026-03-16 09:55:00+00:00,device-01,45.46452850886881,0.8017059466867136,1.8439349760767556,0
2026-03-16 10:00:00+00:00,device-01,46.93785894052318,0.723101820859124,2.08537350661656,0
2026-03-16 10:05:00+00:00,device-01,45.44706965874363,0.7325885465213844,2.0925589533693576,0
2026-03-16 10:10:00+00:00,device-01,45.993809727241704,0.7254871688848447,2.05403592912692,0
2026-03-16 10:15:00+00:00,device-01,45.13115993502714,0.7933668031528452,1.98569375318696,0
2026-03-16 10:20:00+00:00,device-01,45.49339962102757,0.6683730207957167,2.020351465340759,0
2026-03-16 10:25:00+00:00,device-01,47.13946285534548,0.8315378609401666,1.9450154515217917,0
2026-03-16 10:30:00+00:00,device-01,46.735646563063334,0.7447665913967807,2.047337383098778,0
2026-03-16 10:35:00+00:00,device-01,45.871910738739906,0.7292256410964113,1.931511255112096,0
2026-03-16 10:40:00+00:00,device-01,45.53576587340156,0.7847787771622716,1.9821937486201833,0
2026-03-16 10:45:00+00:00,device-01,44.81100095441864,0.8188504386015607,2.058321965569864,0
2026-03-16 10:50:00+00:00,device-01,45.852857205068894,0.7837712833726843,1.9316074488084776,0
2026-03-16 10:55:00+00:00,device-01,46.09850732257202,0.8187112544408984,1.9765259153541173,0
2026-03-16 11:00:00+00:00,device-01,46.052996194718794,0.7722331993347464,2.008152115894098,0
2026-03-16 11:05:00+00:00,device-01,46.0378466992577,0.8264477704633097,1.9177009166300187,0
2026-03-16 11:10:00+00:00,device-01,45.30987347991495,0.8266838167509961,2.067980351520687,0
2026-03-16 11:15:00+00:00,device-01,46.04036024521445,0.7589212805259937,2.018472026824047,0
2026-03-16 11:20:00+00:00,device-01,46.05126513121206,0.8353343870000152,1.9069955586603844,0
2026-03-16 11:25:00+00:00,device-01,46.97328745192213,0.7710991539685308,1.9950159813162942,0
2026-03-16 11:30:00+00:00,device-01,47.36813818015041,0.7667050454937707,1.9512149906833596,0
2026-03-16 11:35:00+00:00,device-01,45.957036600060185,0.715794190733694,1.958180393272888,0
2026-03-16 11:40:00+00:00,device-01,45.50799254278351,0.7469459722046542,2.0021351297715384,0
2026-03-16 11:45:00+00:00,device-01,45.99037085379271,0.7997908500753105,1.9548433589521041,0
2026-03-16 11:50:00+00:00,device-01,45.60194914834817,0.6948157825565062,2.055187686401173,0
2026-03-16 11:55:00+00:00,device-01,45.49898034149968,0.792475450987784,1.9549274567899897,0
2026-03-16 12:00:00+00:00,device-01,45.96900336812698,0.7769809093528731,2.055997343200956,0
2026-03-16 12:05:00+00:00,device-01,45.27109454106877,0.7729938135537289,1.9943547753278819,0
2026-03-16 12:10:00+00:00,device-01,46.41700646017053,0.6483665638204701,2.0482098621641653,0
2026-03-16 12:15:00+00:00,device-01,45.91129008176274,0.7531142878920056,1.9642648685045163,0
2026-03-16 12:20:00+00:00,device-01,46.15031137104779,0.7902845528212367,1.9663069285960832,0
2026-03-16 12:25:00+00:00,device-01,45.838497697844076,0.719328809598142,1.9273528772454118,0
2026-03-16 12:30:00+00:00,device-01,45.44870357255845,0.7616068113265344,2.031054165985556,0
2026-03-16 12:35:00+00:00,device-01,45.285411971972934,0.6378126725522716,2.0525156083267326,0
2026-03-16 12:40:00+00:00,device-01,45.77406867479947,0.7899208142553228,2.1232694792222793,0
2026-03-16 12:45:00+00:00,device-01,45.54718431243646,0.7228743405949549,2.0734179061623754,0
2026-03-16 12:50:00+00:00,device-01,46.086178830973445,0.7992186640039367,2.010839004196738,0
2026-03-16 12:55:00+00:00,device-01,45.91045395494654,0.6631763792944769,1.9830576607595496,0
2026-03-16 13:00:00+00:00,device-01,44.95102679612871,0.7896040032026566,2.0188996527496235,0
2026-03-16 13:05:00+00:00,device-01,45.94268914803291,0.7428286969399441,1.993772553389767,0
2026-03-16 13:10:00+00:00,device-01,44.94674223526612,0.7947509874925546,2.0831026044788143,0
2026-03-16 13:15:00+00:00,device-01,45.446228272671966,0.7077905744967068,2.051785677898541,0
2026-03-16 13:20:00+00:00,device-01,45.662711186715185,0.7228686293166735,1.944796224495317,0
2026-03-16 13:25:00+00:00,device-01,44.40704176609596,0.8656396347503948,1.9535947431262275,0
2026-03-16 13:30:00+00:00,device-01,45.91474109245344,0.7117552362849014,2.076738003457989,0
2026-03-16 13:35:00+00:00,device-01,45.947305739476946,0.7176974674553075,2.013032244442659,0
2026-03-16 13:40:00+00:00,device-01,45.72191089950294,0.7389259353771622,1.9804860676845804,0
2026-03-16 13:45:00+00:00,device-01,45.52639533650895,0.701393552702945,2.0654138063145013,0
2026-03-16 13:50:00+00:00,device-01,45.55276383775758,0.8118210386644555,1.970817846164553,0
2026-03-16 13:55:00+00:00,device-01,45.12155735331125,0.8383358495365733,1.97712465920729,0
2026-03-16 14:00:00+00:00,device-01,45.60717314211281,0.7166771539203995,1.9660764358410674,0
2026-03-16 14:05:00+00:00,device-01,45.39994362579648,0.6653884247675395,1.8758797600667816,0
2026-03-16 14:10:00+00:00,device-01,45.8417404483927,0.8101067917667782,2.045266757546311,0
2026-03-16 14:15:00+00:00,device-01,44.925434724669636,0.8067556742036187,1.9206953457197198,0
2026-03-16 14:20:00+00:00,device-01,45.92399299723502,0.792257671266374,1.958945774409573,0
2026-03-16 14:25:00+00:00,device-01,45.850064351308,0.8088491987144664,1.948259800213897,0
2026-03-16 14:30:00+00:00,device-01,45.64142943177474,0.7075066417910094,2.036334178078872,0
2026-03-16 14:35:00+00:00,device-01,45.423773782625254,0.742327735327989,1.9884202589232682,0
2026-03-16 14:40:00+00:00,device-01,46.10853051710427,0.6814271078652416,1.9932785600077967,0
2026-03-16 14:45:00+00:00,device-01,44.54732875381544,0.6796148689099013,1.8914021796140457,0
2026-03-16 14:50:00+00:00,device-01,46.02550679803047,0.7994788956680476,1.9867376058350896,0
2026-03-16 14:55:00+00:00,device-01,45.86393759138387,0.71673939160521,1.9032157675061443,0
2026-03-16 15:00:00+00:00,device-01,45.88277929935372,0.8642352695338009,2.0100373633905235,0
2026-03-16 15:05:00+00:00,device-01,45.943322099896626,0.7538977465710537,2.013416580910999,0
2026-03-16 15:10:00+00:00,device-01,45.20802268798583,0.7181099724095719,1.9901748796270016,0
2026-03-16 15:15:00+00:00,device-01,45.47450555212042,0.7899783703177496,2.113610748836385,0
2026-03-16 15:20:00+00:00,device-01,46.09260581458506,0.8401105531119004,2.022487135624435,0
2026-03-16 15:25:00+00:00,device-01,45.93863364982513,0.7743277389921185,2.0263720005625965,0
2026-03-16 15:30:00+00:00,device-01,45.77239035480631,0.6891481207850824,1.9989582589723764,0
2026-03-16 15:35:00+00:00,device-01,44.55815676900301,0.7685501413377568,1.9786490016241391,0
2026-03-16 15:40:00+00:00,device-01,45.985175962314315,0.818784960204513,2.0479623732636023,0
2026-03-16 15:45:00+00:00,device-01,46.41774347586546,0.7253584992447799,2.0558849268194384,0
2026-03-16 15:50:00+00:00,device-01,46.29632762336695,0.7113643709302427,1.9115168969382514,0
2026-03-16 15:55:00+00:00,device-01,45.74370124563771,0.8009052172303176,2.0526423491984094,0
2026-03-16 16:00:00+00:00,device-01,44.48002609840746,0.7571279897765893,2.0199867116008043,0
2026-03-16 16:05:00+00:00,device-01,46.220582716526394,0.6950597036805334,2.046581565276064,0
2026-03-16 16:10:00+00:00,device-01,45.448109283099,0.7312671057933866,2.0166904263029255,0
2026-03-16 16:15:00+00:00,device-01,43.76879615473772,0.712549354672439,1.9138415542417333,0
2026-03-16 16:20:00+00:00,device-01,45.79596390857876,0.7652343666743209,1.9178986908193505,0
2026-03-16 16:25:00+00:00,device-01,44.47774397613578,0.7560040180244618,2.0975229544486567,0
2026-03-16 16:30:00+00:00,device-01,44.60508823767609,0.808151401254084,2.0029647067477407,0
2026-03-16 16:35:00+00:00,device-01,45.05844500239789,0.7862319481838337,1.9025536065469666,0
2026-03-16 16:40:00+00:00,device-01,46.384037040964095,0.6727020252767769,2.0082444299727724,0
2026-03-16 16:45:00+00:00,device-01,45.223926106776375,0.7713686533094589,1.9653945823286556,0
2026-03-16 16:50:00+00:00,device-01,45.66349449627923,0.7960165075774541,1.876280567134872,0
2026-03-16 16:55:00+00:00,device-01,46.68764862490112,0.7741249724139637,1.8492354401704754,0
2026-03-16 17:00:00+00:00,device-01,46.57015092843215,0.8030054508989568,1.8902459774996907,0
2026-03-16 17:05:00+00:00,device-01,45.37223037060975,0.7242054066516022,2.002470705756428,0
2026-03-16 17:10:00+00:00,device-01,45.26574958039428,0.7043347701032147,1.9830339222294115,0
2026-03-16 17:15:00+00:00,device-01,44.54243049764709,0.7985822713814867,1.9707217367925003,0
2026-03-16 17:20:00+00:00,device-01,44.9291342915473,0.6990182345868542,2.0025029439165176,0
2026-03-16 17:25:00+00:00,device-01,45.703210390092174,0.6445375641586952,2.0212389830728794,0
2026-03-16 17:30:00+00:00,device-01,45.67266552993603,0.8040126697515745,1.8587675529785581,0
2026-03-16 17:35:00+00:00,device-01,45.46300530056165,0.7167819008175527,1.9665937122372963,0
2026-03-16 17:40:00+00:00,device-01,46.07237457906519,0.7379415375578162,1.9347306327293197,0
2026-03-16 17:45:00+00:00,device-01,44.82552127367512,0.6836097889817488,1.910154489300391,0
2026-03-16 17:50:00+00:00,device-01,45.31708161296836,0.6875064757481657,1.9510527380201284,0
2026-03-16 17:55:00+00:00,device-01,45.8583526401149,0.6962376825586905,1.9762490689996943,0
2026-03-16 18:00:00+00:00,device-01,45.74552337709938,0.7363290527100563,1.9673745439969792,0
2026-03-16 18:05:00+00:00,device-01,46.07641355076693,0.7731660503438684,1.895808388421655,0
2026-03-16 18:10:00+00:00,device-01,45.59478787510187,0.6400901964033133,1.9538299144777471,0
2026-03-16 18:15:00+00:00,device-01,45.09040594901786,0.7929141641051115,2.1034972822914138,0
2026-03-16 18:20:00+00:00,device-01,45.55062878020405,0.696540410356262,1.919000409866579,0
2026-03-16 18:25:00+00:00,device-01,44.58537658090239,0.7026695853683494,1.8807724848917595,0
2026-03-16 18:30:00+00:00,device-01,44.12966351484516,0.7902328151009688,1.9982348952852476,0
2026-03-16 18:35:00+00:00,device-01,45.673840178427774,0.7529732144785717,2.0172384058052084,0
2026-03-16 18:40:00+00:00,device-01,45.218849888310764,0.6802580547952243,2.0090016579475187,0
2026-03-16 18:45:00+00:00,device-01,45.46340660233309,0.849694152994483,1.9136922391014735,0
2026-03-16 18:50:00+00:00,device-01,44.04920635339801,0.7148281276688817,2.04047525311992,0
2026-03-16 18:55:00+00:00,device-01,44.972065185490465,0.7706295820995448,1.933181882750964,0
2026-03-16 19:00:00+00:00,device-01,44.79779891728719,0.7686727376795882,1.9119194765680683,0
2026-03-16 19:05:00+00:00,device-01,44.60279885914141,0.8296688444220353,1.9432116587229855,0
2026-03-16 19:10:00+00:00,device-01,43.61928007515157,0.736753111456999,1.9729045257790194,0
2026-03-16 19:15:00+00:00,device-01,44.95341742939183,0.8103848749759167,2.0219762909811876,0
2026-03-16 19:20:00+00:00,device-01,45.80597545226872,0.7233394919221442,2.0162629702918586,0
2026-03-16 19:25:00+00:00,device-01,45.434589985549444,0.8170036964473925,1.9771833695922558,0
2026-03-16 19:30:00+00:00,device-01,44.73725387888623,0.723220983504284,2.0342059372896233,0
2026-03-16 19:35:00+00:00,device-01,45.13752429641208,0.7437423645914436,1.982817272791893,0
2026-03-16 19:40:00+00:00,device-01,45.667714799047936,0.8571433609636746,2.0313812467811942,0
2026-03-16 19:45:00+00:00,device-01,43.195676050720756,0.7786953922905837,1.8930824221580849,0
2026-03-16 19:50:00+00:00,device-01,45.03080357896554,0.7688461012007061,1.8825544741295324,0
2026-03-16 19:55:00+00:00,device-01,45.488226917513856,0.8759814507939847,2.023236534334069,0
2026-03-16 20:00:00+00:00,device-01,45.57548180073763,0.782477123790564,1.8929747880806915,0
2026-03-16 20:05:00+00:00,device-01,46.27850540269054,0.7241421594278242,1.9579730470875139,0
2026-03-16 20:10:00+00:00,device-01,45.872526524338,0.8022295535902935,1.9698605387313066,0
2026-03-16 20:15:00+00:00,device-01,45.286786871366296,0.7069725926250613,1.9461502021511787,0
2026-03-16 20:20:00+00:00,device-01,45.26937272674298,0.823040267302984,1.9478964804551313,0
2026-03-16 20:25:00+00:00,device-01,45.598846449322366,0.8275004078412838,2.058340089026864,0
2026-03-16 20:30:00+00:00,device-01,44.66044979105347,0.7391398778602599,1.8226811079696146,0
2026-03-16 20:35:00+00:00,device-01,44.99984007951023,0.7369882579285706,2.02716237708014,0
2026-03-16 20:40:00+00:00,device-01,45.65233135026435,0.7778132323602629,2.1115111220773692,0
2026-03-16 20:45:00+00:00,device-01,46.378167578825135,0.7703095588654117,1.9748847433161427,0
2026-03-16 20:50:00+00:00,device-01,44.88646049544585,0.7213402729560507,1.9719981394704327,0
2026-03-16 20:55:00+00:00,device-01,44.954058859381945,0.7992609268017958,2.0163839055048367,0
2026-03-16 21:00:00+00:00,device-01,45.116867512037985,0.6694036115692296,2.0821960375491235,0
2026-03-16 21:05:00+00:00,device-01,45.90816654930112,0.750504224997833,1.9008430160443124,0
2026-03-16 21:10:00+00:00,device-01,44.93669804132936,0.7526088446276609,1.977046585180858,0
2026-03-16 21:15:00+00:00,device-01,45.97646312353744,0.7598101578669874,1.9602695939430461,0
2026-03-16 21:20:00+00:00,device-01,44.26124749434877,0.7895109744630696,2.0046609142191545,0
2026-03-16 21:25:00+00:00,device-01,44.79767944297277,0.7134337557566467,1.9803027873078203,0
2026-03-16 21:30:00+00:00,device-01,44.77918834913128,0.8049544355995026,2.009982419976285,0
2026-03-16 21:35:00+00:00,device-01,45.45845913032267,0.7672234432475444,1.9447550230980606,0
2026-03-16 21:40:00+00:00,device-01,45.629590858193474,0.7444314103514271,1.9726409717006708,0
2026-03-16 21:45:00+00:00,device-01,43.83130357101822,0.7093205410362592,1.9291262691856306,0
2026-03-16 21:50:00+00:00,device-01,44.23734111783009,0.719234525826255,1.929133466663528,0
2026-03-16 21:55:00+00:00,device-01,45.10373208223855,0.7971428288496298,1.9601407105094801,0
2026-03-16 22:00:00+00:00,device-01,44.39686499329104,0.7316791435518771,1.959752833884732,0
2026-03-16 22:05:00+00:00,device-01,43.78226985792891,0.7838348988251751,1.8975628580718786,0
2026-03-16 22:10:00+00:00,device-01,45.56492784387192,0.8344857802928493,2.0617519709818906,0
2026-03-16 22:15:00+00:00,device-01,45.17379754189,0.833788682681778,1.9590781436729638,0
2026-03-16 22:20:00+00:00,device-01,45.163273657015736,0.8609545164937529,1.8837940034849756,0
2026-03-16 22:25:00+00:00,device-01,44.47527289027773,0.7689062618767605,2.0325391283877043,0
2026-03-16 22:30:00+00:00,device-01,45.51838209675805,0.7302578224224837,1.9211792346802536,0
2026-03-16 22:35:00+00:00,device-01,44.6201985264748,0.8363439326025351,1.9962003866953013,0
2026-03-16 22:40:00+00:00,device-01,45.54572586674581,0.8016082079734709,1.9643079464989355,0
2026-03-16 22:45:00+00:00,device-01,44.13011176861732,0.8431438272441225,1.979989557151109,0
2026-03-16 22:50:00+00:00,device-01,44.16044456562663,0.7883252415924242,1.9748356312684172,0
2026-03-16 22:55:00+00:00,device-01,44.8916716827365,0.8483886891033223,1.9296842503808727,0
2026-03-16 23:00:00+00:00,device-01,44.24684928987011,0.8317674572548763,1.9662692177348142,0
2026-03-16 23:05:00+00:00,device-01,45.20137844314793,0.8261185197780448,2.085414264045156,0
2026-03-16 23:10:00+00:00,device-01,44.900711820984206,0.8163306377516283,1.8287868715461515,0
2026-03-16 23:15:00+00:00,device-01,44.06266529575668,0.8119040350283334,1.9666133154384384,0
2026-03-16 23:20:00+00:00,device-01,44.7498531105963,0.8045429764372733,1.9883656338936628,0
2026-03-16 23:25:00+00:00,device-01,44.44306239124568,0.8050660502289103,1.8987395050574127,0
2026-03-16 23:30:00+00:00,device-01,45.320157125483654,0.8441674094960325,1.8792621622647254,0
2026-03-16 23:35:00+00:00,device-01,44.22641246543612,0.7699529650921775,2.090623451374899,0
2026-03-16 23:40:00+00:00,device-01,44.35191207922546,0.8832377400608896,1.9384019313859366,0
2026-03-16 23:45:00+00:00,device-01,45.49734130307877,0.7920500931448387,2.085033735490334,0
2026-03-16 23:50:00+00:00,device-01,46.20664184276238,0.8475472068002758,1.9920399107534081,0
2026-03-16 23:55:00+00:00,device-01,46.029092560583216,0.7946889900575511,1.9640608825345236,0
2026-03-17 00:00:00+00:00,device-01,44.664211899880264,0.7877977136442599,1.9876471813192649,0
2026-03-17 00:05:00+00:00,device-01,44.7633328997001,0.9026799985504912,1.9967840384041409,0
2026-03-17 00:10:00+00:00,device-01,45.67374424426395,0.786544477560008,2.0290560200668426,0
2026-03-17 00:15:00+00:00,device-01,44.50341740078222,0.7391014873002248,1.9840168908183164,0
2026-03-17 00:20:00+00:00,device-01,43.897286207662106,0.7682155760304403,1.9661340541460588,0
2026-03-17 00:25:00+00:00,device-01,44.65276285957288,0.7890223281932865,1.9676223914808721,0
2026-03-17 00:30:00+00:00,device-01,44.87724176957768,0.9136139766728713,2.037745915899115,0
2026-03-17 00:35:00+00:00,device-01,43.97101636135366,0.8171693875777393,2.005233443964704,0
2026-03-17 00:40:00+00:00,device-01,43.38931159856166,0.8545509486755422,1.8956765504764348,0
2026-03-17 00:45:00+00:00,device-01,43.52622651846979,0.7587253809221939,1.9172408761061466,0
2026-03-17 00:50:00+00:00,device-01,44.98801317969797,0.8274322368260539,1.974802564343949,0
2026-03-17 00:55:00+00:00,device-01,43.98163658606947,0.8443784575082544,1.9171596617158517,0
2026-03-17 01:00:00+00:00,device-01,44.40385685734715,0.901894810041746,1.931521306485834,0
2026-03-17 01:05:00+00:00,device-01,44.64190302628364,0.7780149962815361,1.8963292239673755,0
2026-03-17 01:10:00+00:00,device-01,44.916835381175275,0.8440241119034927,1.937557988067597,0
2026-03-17 01:15:00+00:00,device-01,44.23934256087564,0.8300059468753536,1.9782446731258834,0
2026-03-17 01:20:00+00:00,device-01,44.81322644204059,0.7648240497769134,2.012105465867472,0
2026-03-17 01:25:00+00:00,device-01,43.831447598140414,0.8159758566842072,1.9525166838390535,0
2026-03-17 01:30:00+00:00,device-01,44.1916679960557,0.8048195831912435,2.0760191954833647,0
2026-03-17 01:35:00+00:00,device-01,43.7181688154192,0.7027754219533255,1.946507070774041,0
2026-03-17 01:40:00+00:00,device-01,45.217902833202054,0.8500331453671497,2.1422592621091123,0
2026-03-17 01:45:00+00:00,device-01,44.3971279592658,0.8481734138923628,2.0103133200638874,0
2026-03-17 01:50:00+00:00,device-01,43.88900603690968,0.800281540980706,1.9795761907853058,0
2026-03-17 01:55:00+00:00,device-01,44.15031094063972,0.7563726310201959,1.9193878094723789,0
2026-03-17 02:00:00+00:00,device-01,44.23222628465962,0.8983725543737145,1.7794155081538388,0
2026-03-17 02:05:00+00:00,device-01,44.8682804365919,0.8387615183781644,1.9391309168229895,0
2026-03-17 02:10:00+00:00,device-01,43.251467197438714,0.8773848465892938,1.958683923386538,0
2026-03-17 02:15:00+00:00,device-01,43.63288018853759,0.8981592087958472,2.0628883830799705,0
2026-03-17 02:20:00+00:00,device-01,44.084777010696605,0.8026961499559778,1.8643049406983505,0
2026-03-17 02:25:00+00:00,device-01,46.11261026963972,0.8704525427523468,2.0609901814780747,0
2026-03-17 02:30:00+00:00,device-01,44.99953203898545,0.8188955723744384,1.9311077892452904,0
2026-03-17 02:35:00+00:00,device-01,44.24311803030523,0.8289386008232472,1.9891696932340681,0
2026-03-17 02:40:00+00:00,device-01,44.81012830479918,0.8289029873883834,1.7928777006537757,0
2026-03-17 02:45:00+00:00,device-01,45.74254554273048,0.834240204651834,1.9531508967516036,0
2026-03-17 02:50:00+00:00,device-01,44.12934857268761,0.8911311139696299,1.9237241272274486,0
2026-03-17 02:55:00+00:00,device-01,44.027126783229726,0.8427559245217309,1.9848311851326803,0
2026-03-17 03:00:00+00:00,device-01,45.12264134646712,0.8300137671149328,1.9488947064555913,0
2026-03-17 03:05:00+00:00,device-01,44.61088663023518,0.8250137330448459,1.8744209843456874,0
2026-03-17 03:10:00+00:00,device-01,44.72559831213013,0.8570507464275371,1.9993072012659239,0
2026-03-17 03:15:00+00:00,device-01,43.89062938515643,0.7963902547847783,1.9836966629449797,0
2026-03-17 03:20:00+00:00,device-01,45.584066090315176,0.8171534501440167,1.9773544452929344,0
2026-03-17 03:25:00+00:00,device-01,45.424595395502216,0.8408290708932555,2.0016111148085414,0
2026-03-17 03:30:00+00:00,device-01,44.61482255843461,0.8163113467091306,2.0066605089840848,0
2026-03-17 03:35:00+00:00,device-01,44.6884588308419,0.8398444704018746,1.9388184669476618,0
2026-03-17 03:40:00+00:00,device-01,42.78118996802451,0.8163977229865466,1.8581908637236222,0
2026-03-17 03:45:00+00:00,device-01,44.63750609500589,0.9483064342562997,1.8560741665104743,0
2026-03-17 03:50:00+00:00,device-01,44.04609014543604,0.9157371710753877,2.019677018694688,0
2026-03-17 03:55:00+00:00,device-01,44.47657755244017,0.8729608587262859,1.9808372892296158,0
2026-03-17 04:00:00+00:00,device-01,44.64146326189513,0.8489648869688531,1.9438491637241053,0
2026-03-17 04:05:00+00:00,device-01,43.91575649247168,0.9623699468322062,1.9111639346943727,0
2026-03-17 04:10:00+00:00,device-01,42.962263695265236,0.87016859093318,1.9386501555539537,0
2026-03-17 04:15:00+00:00,device-01,44.394074771772864,0.8508710752729729,1.9377567598988479,0
2026-03-17 04:20:00+00:00,device-01,43.60857726224938,0.8715651900003053,1.9155744459109882,0
2026-03-17 04:25:00+00:00,device-01,43.887415044494055,0.8729045841686759,1.8933478224839353,0
2026-03-17 04:30:00+00:00,device-01,43.68642118193281,0.9293248106854581,2.0646561733314757,0
2026-03-17 04:35:00+00:00,device-01,43.86152555516674,0.8590650574984038,1.9480171023260877,0
2026-03-17 04:40:00+00:00,device-01,42.47503484659125,0.9661866815592646,1.8974600786543585,0
2026-03-17 04:45:00+00:00,device-01,44.93465723392934,0.818329223093448,1.8551880168179407,0
2026-03-17 04:50:00+00:00,device-01,44.251254213046366,0.8983452560231573,1.889271970931612,0
2026-03-17 04:55:00+00:00,device-01,44.84303231279995,0.8147663944364902,1.9754975779343447,0
2026-03-17 05:00:00+00:00,device-01,45.442106409597905,0.9569302136852458,1.9773159375651113,0
2026-03-17 05:05:00+00:00,device-01,44.06322024839505,0.8507666863035358,1.918209160081802,0
2026-03-17 05:10:00+00:00,device-01,42.77691147194767,0.8656075620120312,1.9339090113225448,0
2026-03-17 05:15:00+00:00,device-01,43.404131918841564,0.9159531282256299,1.9119977625503457,0
2026-03-17 05:20:00+00:00,device-01,43.1762797346556,0.9337346792139126,1.863323823648901,0
2026-03-17 05:25:00+00:00,device-01,43.6610852912229,0.8166021847735726,2.0073868223033395,0
2026-03-17 05:30:00+00:00,device-01,44.05946052742314,0.8561183926537511,1.9511339739560316,0
2026-03-17 05:35:00+00:00,device-01,42.59351020605177,0.8049123426903679,2.0768459446947602,0
2026-03-17 05:40:00+00:00,device-01,44.22613365433904,0.8827576907461061,1.8823817589078322,0
2026-03-17 05:45:00+00:00,device-01,42.920536049944715,0.872059410187821,1.9189858988480324,0
2026-03-17 05:50:00+00:00,device-01,44.177351887399176,0.8609185305465425,1.9797006227462326,0
2026-03-17 05:55:00+00:00,device-01,43.88398871105457,0.8453808643920239,1.9114998242990384,0
2026-03-17 06:00:00+00:00,device-01,43.73255298197698,0.861548726546238,1.842425499971142,0
2026-03-17 06:05:00+00:00,device-01,43.89245328827756,0.8447657336901837,1.8682353191692314,0
2026-03-17 06:10:00+00:00,device-01,43.55725384888053,0.9097762897473526,1.9306914021903707,0
2026-03-17 06:15:00+00:00,device-01,43.497910148875306,0.9603695567149727,1.944725952485275,0
2026-03-17 06:20:00+00:00,device-01,42.74027926373474,0.7892807788017482,1.917923726199736,0
2026-03-17 06:25:00+00:00,device-01,43.88906528488925,0.8812645248716272,1.983283910586525,0
2026-03-17 06:30:00+00:00,device-01,45.19330097097547,0.8674011283191764,1.9821141233792514,0
2026-03-17 06:35:00+00:00,device-01,45.279424395903135,0.9141757759728566,1.9413869632125726,0
2026-03-17 06:40:00+00:00,device-01,44.81002836698546,0.8432173515947261,1.9231043945832496,0
2026-03-17 06:45:00+00:00,device-01,44.370523295087324,0.884732906396057,1.9057866542578505,0
2026-03-17 06:50:00+00:00,device-01,43.394660347982054,0.8413246369501847,1.9534896689685484,0
2026-03-17 06:55:00+00:00,device-01,44.86988458918371,0.9293891521473167,1.9750723428778725,0
2026-03-17 07:00:00+00:00,device-01,43.81246090044359,0.9007683841764365,1.9229963695181789,0
2026-03-17 07:05:00+00:00,device-01,43.79535723692694,0.8889816089332426,1.945823938779732,0
2026-03-17 07:10:00+00:00,device-01,43.63155996561453,0.916815623025362,1.8988278955130706,0
2026-03-17 07:15:00+00:00,device-01,43.89167031440588,0.8872330685254786,1.833055036880429,0
2026-03-17 07:20:00+00:00,device-01,43.514553947610345,0.8231172225891527,1.8571507654089459,0
2026-03-17 07:25:00+00:00,device-01,43.75249382287994,0.9318457739923028,1.9626126968664028,0
2026-03-17 07:30:00+00:00,device-01,43.04388869905326,0.9177236005346359,1.9429443292084716,0
2026-03-17 07:35:00+00:00,device-01,43.53354018773369,0.8968567202008837,2.0109930879476736,0
2026-03-17 07:40:00+00:00,device-01,45.383521188490946,0.9550572378341926,1.9184010063281356,0
2026-03-17 07:45:00+00:00,device-01,43.73047309067127,0.9679856556043669,1.9663750775271203,0
2026-03-17 07:50:00+00:00,device-01,43.60421433676719,0.8536961420667895,1.9933219475348583,0
2026-03-17 07:55:00+00:00,device-01,44.136057318622115,0.870505287769663,1.973058951912476,0
2026-03-17 08:00:00+00:00,device-01,44.251230156224125,0.9881714988236772,1.8763288735377743,0
2026-03-17 08:05:00+00:00,device-01,42.9680874006245,0.9829972382801079,1.9012162331000884,0
2026-03-17 08:10:00+00:00,device-01,43.59492653413383,0.8763815509162747,1.919523789823917,0
2026-03-17 08:15:00+00:00,device-01,44.374974404861995,0.8555113418977748,1.852031303102476,0
2026-03-17 08:20:00+00:00,device-01,43.9133430389624,0.8839130921093972,1.939085497073306,0
2026-03-17 08:25:00+00:00,device-01,43.80213185319747,0.8921291762884209,1.9715110265401707,0
2026-03-17 08:30:00+00:00,device-01,44.7969158492741,0.8390740469149522,1.8806627275250825,0
2026-03-17 08:35:00+00:00,device-01,43.22703433420216,0.9210767716564091,2.027308361377364,0
2026-03-17 08:40:00+00:00,device-01,43.75180169445057,0.8567491763424255,1.8909515452933117,0
2026-03-17 08:45:00+00:00,device-01,43.32227551155434,0.8614769082045457,1.8956561711445057,0
2026-03-17 08:50:00+00:00,device-01,44.72200224376614,0.9690384506297198,1.8929743862818316,0
2026-03-17 08:55:00+00:00,device-01,42.304987195487406,0.8903087884573807,1.864210827234801,0
2026-03-17 09:00:00+00:00,device-01,43.194726552836464,0.9221281138308662,1.9312139657798182,0
2026-03-17 09:05:00+00:00,device-01,43.285985588179955,0.9583881236190555,1.9067779335190742,0
2026-03-17 09:10:00+00:00,device-01,44.11347657144076,0.968824268859731,2.0046914215302847,0
2026-03-17 09:15:00+00:00,device-01,44.06602887063916,0.9125398592146735,1.9408792666349517,0
2026-03-17 09:20:00+00:00,device-01,44.610943237368836,0.9328224955597196,1.9361324385869076,0
2026-03-17 09:25:00+00:00,device-01,42.525189682627165,0.8905699484399705,1.8900080407374502,0
2026-03-17 09:30:00+00:00,device-01,44.14508497753703,1.0204306442100641,1.8178744412329648,0
2026-03-17 09:35:00+00:00,device-01,43.407230928864664,0.9667782619860683,1.89678514945315,0
2026-03-17 09:40:00+00:00,device-01,43.13939827507691,0.8803355092444787,1.8505636492074353,0
2026-03-17 09:45:00+00:00,device-01,43.97587794652186,0.9369146546230874,1.9581164435221599,0
2026-03-17 09:50:00+00:00,device-01,42.946961401159285,0.9736010448206608,1.8986028318115757,0
2026-03-17 09:55:00+00:00,device-01,42.13013422049533,0.9631030751004089,1.9997964160819188,0
2026-03-17 10:00:00+00:00,device-01,43.31777046277339,1.0317973769375783,1.9433917920876915,0
2026-03-17 10:05:00+00:00,device-01,42.521469322883355,1.0101583649893988,1.9488255544384645,0
2026-03-17 10:10:00+00:00,device-01,43.108689170160645,0.9157777350466199,1.9119519511873815,0
2026-03-17 10:15:00+00:00,device-01,43.81607589203494,0.9394817083185689,1.9100508956893423,0
2026-03-17 10:20:00+00:00,device-01,43.76748085231621,0.8810582825824138,1.9361438754599407,0
2026-03-17 10:25:00+00:00,device-01,44.65304045107746,0.958799480653439,1.951723501255638,0
2026-03-17 10:30:00+00:00,device-01,43.39561882580831,0.9550661412730186,1.8531439528258824,0
2026-03-17 10:35:00+00:00,device-01,42.45524802375861,1.0838741830673249,1.9247287395479642,0
2026-03-17 10:40:00+00:00,device-01,42.992552172776044,0.9547603592163113,2.051869803198339,0
2026-03-17 10:45:00+00:00,device-01,42.871527866552896,0.8463970792820105,1.8886347861689383,0
2026-03-17 10:50:00+00:00,device-01,42.655933248690985,0.9186299165791939,1.878094154458952,0
2026-03-17 10:55:00+00:00,device-01,43.80651928382091,0.959022610680558,1.8512880951971453,0
2026-03-17 11:00:00+00:00,device-01,43.04348851680301,0.8917715798062142,1.805330936306082,0
2026-03-17 11:05:00+00:00,device-01,42.104416771689365,0.9123753585165418,1.9629854473209845,0
2026-03-17 11:10:00+00:00,device-01,43.96988814407748,0.9386134736167969,1.8947166386536092,0
2026-03-17 11:15:00+00:00,device-01,43.397546034516616,0.9751414094301634,1.9084418080059569,0
2026-03-17 11:20:00+00:00,device-01,43.71887135307835,0.9509352528136233,2.0005586397388657,0
2026-03-17 11:25:00+00:00,device-01,43.536669301798305,0.9158881365578779,2.039823369529948,0
2026-03-17 11:30:00+00:00,device-01,43.89843999413889,1.0008770322860152,1.8353616975744522,0
2026-03-17 11:35:00+00:00,device-01,43.47655092015202,0.9356500302695352,1.9513494142755683,0
2026-03-17 11:40:00+00:00,device-01,44.30897446882283,0.9388010360891066,1.924907100384567,0
2026-03-17 11:45:00+00:00,device-01,43.73485459054927,0.8959140385845032,1.9108514132356662,0
2026-03-17 11:50:00+00:00,device-01,43.70558701205783,0.9267214568223363,1.9150731250827284,0
2026-03-17 11:55:00+00:00,device-01,43.71185884306158,0.999731856910596,1.8843797004167295,0
2026-03-17 12:00:00+00:00,device-01,42.39915734771032,0.8873768819241181,1.9805455761239728,0
2026-03-17 12:05:00+00:00,device-01,43.29745010385927,0.9658125697180359,1.921463160234779,0
2026-03-17 12:10:00+00:00,device-01,43.225104698809936,1.0063642947529994,1.9046807740078895,0
2026-03-17 12:15:00+00:00,device-01,43.54587995841399,0.9527244999248233,1.9582182358617362,0
2026-03-17 12:20:00+00:00,device-01,42.44352240241157,0.9846663637987539,1.9365903950929424,0
2026-03-17 12:25:00+00:00,device-01,44.532539926744526,0.9179289895111062,1.909805198703286,0
2026-03-17 12:30:00+00:00,device-01,43.45582326397899,1.040369306046554,1.9012019448245332,0
2026-03-17 12:35:00+00:00,device-01,42.5289610353691,1.0309894416626137,1.9863260037055865,0
2026-03-17 12:40:00+00:00,device-01,42.174835199621356,0.9887881107698654,1.9109461567333796,0
2026-03-17 12:45:00+00:00,device-01,43.16836852029466,0.890330088338591,1.8743749461516837,0
2026-03-17 12:50:00+00:00,device-01,43.29675132499613,0.9268513576537167,1.827722879439297,0
2026-03-17 12:55:00+00:00,device-01,42.851015222258226,1.0290445652076647,1.8578981258930574,0
2026-03-17 13:00:00+00:00,device-01,43.41263615348127,1.0669198248367253,1.8149420174946902,0
2026-03-17 13:05:00+00:00,device-01,42.89371159327585,0.9971432478318172,1.8837683717399585,0
2026-03-17 13:10:00+00:00,device-01,43.723115068642066,1.0457214023943353,1.8921150886283566,0
2026-03-17 13:15:00+00:00,device-01,42.82423632711562,0.9540045521820598,1.7530331515760282,0
2026-03-17 13:20:00+00:00,device-01,43.298968534088736,0.9759545908375011,1.8765572660658338,0
2026-03-17 13:25:00+00:00,device-01,44.00565112647592,0.9865067130775047,1.9137862989128103,0
2026-03-17 13:30:00+00:00,device-01,45.11521899500773,1.008623511409157,1.8842096081581434,0
2026-03-17 13:35:00+00:00,device-01,42.60432980791379,0.9120414657086872,1.8163152677332566,0
2026-03-17 13:40:00+00:00,device-01,42.979196197907676,1.0365224040687402,1.9490966178396192,0
2026-03-17 13:45:00+00:00,device-01,42.711180704583015,1.0566172860184593,1.8305650090066823,0
2026-03-17 13:50:00+00:00,device-01,43.84285216858552,0.9340477937418526,1.7980217207453477,0
2026-03-17 13:55:00+00:00,device-01,42.484952205180754,0.9247058013459056,1.8062527697834643,0
2026-03-17 14:00:00+00:00,device-01,42.94441401886815,1.0109825919646769,1.869599629428604,0
2026-03-17 14:05:00+00:00,device-01,43.257628269040694,0.9617142915588933,1.928817027116991,0
2026-03-17 14:10:00+00:00,device-01,42.588202519200834,0.8768571348293235,1.9391468030897705,0
2026-03-17 14:15:00+00:00,device-01,42.59812153675908,1.0367898909342357,1.8811654872669952,0
2026-03-17 14:20:00+00:00,device-01,42.93032798015848,1.0050958293074772,1.7963300782586362,0
2026-03-17 14:25:00+00:00,device-01,41.78801425983967,0.9744323826001107,1.8279051907594035,0
2026-03-17 14:30:00+00:00,device-01,42.24158971686552,1.1048787358665173,1.8128110659589582,0
2026-03-17 14:35:00+00:00,device-01,42.95944638526471,1.0070866217570862,1.8553359453043368,0
2026-03-17 14:40:00+00:00,device-01,43.347521328782285,0.9633978282708734,1.7589551191031876,0
2026-03-17 14:45:00+00:00,device-01,43.108961508977714,1.007047813628895,1.8714315030057014,0
2026-03-17 14:50:00+00:00,device-01,41.99249312709758,0.9509005569576289,1.9028274204436189,0
2026-03-17 14:55:00+00:00,device-01,42.90494274038458,0.9657253209363104,1.8545423007539459,0
2026-03-17 15:00:00+00:00,device-01,43.78386575804044,1.0240282179918951,1.8904526994828101,0
2026-03-17 15:05:00+00:00,device-01,43.60947598312418,0.9778923021969583,1.805888453114438,0
2026-03-17 15:10:00+00:00,device-01,43.16070190160281,0.983938297748822,1.7742811682943018,0
2026-03-17 15:15:00+00:00,device-01,42.59016645075088,1.0908116262011094,1.8227045213555706,0
2026-03-17 15:20:00+00:00,device-01,43.648721573027316,1.0512167357714925,1.929713105195098,0
2026-03-17 15:25:00+00:00,device-01,42.797209479515665,1.0492379723008671,1.9214472821774737,0
2026-03-17 15:30:00+00:00,device-01,42.379620551035806,1.0363923123316245,1.83159804739252,0
2026-03-17 15:35:00+00:00,device-01,42.632243857277736,1.0350087030174038,1.9305954805887016,0
2026-03-17 15:40:00+00:00,device-01,44.203340946159905,1.084467310441791,1.8382341875717438,0
2026-03-17 15:45:00+00:00,device-01,43.33939562664248,1.0114924412272517,1.947800365303476,0
2026-03-17 15:50:00+00:00,device-01,43.992558338891534,1.1060692984136558,1.8854018058905695,0
2026-03-17 15:55:00+00:00,device-01,42.84141133295129,0.9665394797192299,1.8286844067516952,0
2026-03-17 16:00:00+00:00,device-01,43.829558292498675,1.0021657122271037,1.9028752880296325,0
2026-03-17 16:05:00+00:00,device-01,42.74775368212467,0.9467878183805837,1.808032102159625,0
2026-03-17 16:10:00+00:00,device-01,43.05460596805927,0.9993209759906215,1.7977197720730522,0
2026-03-17 16:15:00+00:00,device-01,44.90129487841426,1.0432156347477552,1.766158541528606,0
2026-03-17 16:20:00+00:00,device-01,43.69394436450667,1.090631584757875,1.8680634682244748,0
2026-03-17 16:25:00+00:00,device-01,42.8022578379051,0.9856703776956387,1.8487147711204315,0
2026-03-17 16:30:00+00:00,device-01,43.08988680208073,1.0198612263183549,1.846632868736421,0
2026-03-17 16:35:00+00:00,device-01,43.37384589839503,1.0023864115903798,1.826023316535774,0
2026-03-17 16:40:00+00:00,device-01,43.98908563084533,0.9841594921628567,1.936241741830872,0
2026-03-17 16:45:00+00:00,device-01,42.795694501717485,0.9623546511687042,1.8239059643190116,0
2026-03-17 16:50:00+00:00,device-01,41.91553327975366,1.0255823427127728,1.8052706868162254,0
2026-03-17 16:55:00+00:00,device-01,42.935123059193366,0.9366631705082804,1.9227947419062925,0
2026-03-17 17:00:00+00:00,device-01,43.1381046438733,1.0295021397504298,1.9326570645045231,0
2026-03-17 17:05:00+00:00,device-01,43.20052079210711,1.0257225169720712,1.867063073498455,0
2026-03-17 17:10:00+00:00,device-01,44.04208368152169,0.9924786708616448,1.7416808664152206,0
2026-03-17 17:15:00+00:00,device-01,43.338684981511115,0.9755035524597878,1.8094503500423773,0
2026-03-17 17:20:00+00:00,device-01,43.68269650070258,0.9575071440817816,1.881557167791063,0
2026-03-17 17:25:00+00:00,device-01,42.33957286590245,1.1209538911096775,1.845195860352272,0
2026-03-17 17:30:00+00:00,device-01,43.71462864456321,0.9609449686867773,1.9367259642709973,0
2026-03-17 17:35:00+00:00,device-01,44.571244037272294,1.1065758845076648,1.7608150536771108,0
2026-03-17 17:40:00+00:00,device-01,43.64176669248536,1.0593372474371738,1.882880803123397,0
2026-03-17 17:45:00+00:00,device-01,43.27510678834737,1.011757207826763,1.8039034987668885,0
2026-03-17 17:50:00+00:00,device-01,43.20234475017402,0.9727246209653412,1.9202550670235092,0
2026-03-17 17:55:00+00:00,device-01,44.34253553507448,1.0833142618765028,1.8357121968451422,0
2026-03-17 18:00:00+00:00,device-01,42.43953966997027,1.1182741452146148,1.9014041476505636,0
2026-03-17 18:05:00+00:00,device-01,43.00787366383876,0.9856831958679952,1.8000593992102578,0
2026-03-17 18:10:00+00:00,device-01,43.40491717415776,1.0180307782951317,1.7536865273241622,0
2026-03-17 18:15:00+00:00,device-01,43.60074718985247,1.086123599862474,1.770978356719163,0
2026-03-17 18:20:00+00:00,device-01,42.771039517011225,1.0508966634573886,1.8005438667217533,0
2026-03-17 18:25:00+00:00,device-01,43.28956481483149,1.1346612985895446,1.774801047023336,0
2026-03-17 18:30:00+00:00,device-01,42.87721380832746,1.0067024164679925,1.9076611978068092,0
2026-03-17 18:35:00+00:00,device-01,43.15345593135698,1.0628611823472702,1.9153114007776504,0
2026-03-17 18:40:00+00:00,device-01,42.974077705556596,0.9737277638938615,1.8507024285777898,0
2026-03-17 18:45:00+00:00,device-01,42.264890271757615,1.141586810157286,1.7716104191641304,0
2026-03-17 18:50:00+00:00,device-01,43.0467388796983,1.000783729002247,1.8259019888883392,0
2026-03-17 18:55:00+00:00,device-01,43.67308554042633,0.9274014135047408,1.7911874518964925,0
2026-03-17 19:00:00+00:00,device-01,42.37977636055679,1.032000973917796,1.9189318267460878,0
2026-03-17 19:05:00+00:00,device-01,42.88558329388844,1.0317974345514986,1.8499849997298186,0
2026-03-17 19:10:00+00:00,device-01,43.51740063892636,1.1350176791025512,1.8597352657315271,0
2026-03-17 19:15:00+00:00,device-01,42.30090487465821,1.0227585736107259,1.805728432678648,0
2026-03-17 19:20:00+00:00,device-01,43.17546197720823,1.039518103587378,1.7083701393006085,0
2026-03-17 19:25:00+00:00,device-01,42.30337785022703,1.0702632204607225,1.782121067153552,0
2026-03-17 19:30:00+00:00,device-01,43.83761260134048,1.1203360175722303,1.7607305739648837,0
2026-03-17 19:35:00+00:00,device-01,44.66029774257984,1.0382823997341653,1.8492828608452665,0
2026-03-17 19:40:00+00:00,device-01,44.454902047285024,1.093829333346277,1.8321987558763453,0
2026-03-17 19:45:00+00:00,device-01,42.88394654553177,1.0681613588280794,1.777647174242093,0
2026-03-17 19:50:00+00:00,device-01,43.55361122920177,1.0278371580495695,1.8017664645464984,0
2026-03-17 19:55:00+00:00,device-01,43.11831826320295,1.046908519601092,1.918409510632222,0
2026-03-17 20:00:00+00:00,device-01,43.1032912361068,1.0448364149464413,1.7661979572469915,0
2026-03-17 20:05:00+00:00,device-01,44.1134935936999,0.9979634376370169,1.7680186594747063,0
2026-03-17 20:10:00+00:00,device-01,42.10493382038881,1.1048006553046061,1.8087324883737401,0
2026-03-17 20:15:00+00:00,device-01,43.765410987781664,0.9751775283669301,1.7798216739421897,0
2026-03-17 20:20:00+00:00,device-01,42.9908162333852,1.1033488620203789,1.795381670176845,0
2026-03-17 20:25:00+00:00,device-01,44.00952197965749,1.092833185630835,1.8523298207635879,0
2026-03-17 20:30:00+00:00,device-01,43.15310051246807,1.040771465557037,1.9237125066614724,0
2026-03-17 20:35:00+00:00,device-01,42.54970989856003,1.0074533046959482,1.7123453628383127,0
2026-03-17 20:40:00+00:00,device-01,43.213171266912454,1.0346957247384965,1.8173560627847698,0
2026-03-17 20:45:00+00:00,device-01,43.53299228137454,1.069937011942935,1.8202725564331619,0
2026-03-17 20:50:00+00:00,device-01,43.04154183560681,1.0837223245353738,1.8120856418612408,0
2026-03-17 20:55:00+00:00,device-01,43.35687567615749,1.0611762789112567,1.8052300437085678,0
2026-03-17 21:00:00+00:00,device-01,42.64886757989106,1.0966878622013356,1.795369423210922,0
2026-03-17 21:05:00+00:00,device-01,41.519162524348495,1.0194498005061992,1.875377993341218,0
2026-03-17 21:10:00+00:00,device-01,43.641788576404004,1.0592805850710705,1.7865527721137835,0
2026-03-17 21:15:00+00:00,device-01,43.50012448445518,0.9693544469511102,1.8061565183486883,0
2026-03-17 21:20:00+00:00,device-01,43.11342795478974,1.0861627637937226,1.8131229452865762,0
2026-03-17 21:25:00+00:00,device-01,43.05663073589213,1.0558396432292032,1.8189136449104752,0
2026-03-17 21:30:00+00:00,device-01,43.73324050206366,1.0275912141049266,1.8015460895678432,0
2026-03-17 21:35:00+00:00,device-01,42.6869987640223,1.1066258156306836,1.871086545938248,0
2026-03-17 21:40:00+00:00,device-01,42.51158954315123,1.0832934408292747,1.8099448140570886,0
2026-03-17 21:45:00+00:00,device-01,42.87341832629287,0.9080555152440614,1.8202428294235333,0
2026-03-17 21:50:00+00:00,device-01,43.837061060991104,1.0510171279365323,1.8060455124681756,0
2026-03-17 21:55:00+00:00,device-01,42.03305375589669,0.9764091378521008,1.7482846601121393,0
2026-03-17 22:00:00+00:00,device-01,43.837703525933776,1.102620327995062,1.7580014207325965,0
2026-03-17 22:05:00+00:00,device-01,42.55538527300948,1.1738576875839948,1.7441322704470765,0
2026-03-17 22:10:00+00:00,device-01,42.23183157265295,1.023583490542518,1.8180247756956651,0
2026-03-17 22:15:00+00:00,device-01,43.883935083700365,1.0533349434267043,1.762989348556246,0
2026-03-17 22:20:00+00:00,device-01,42.93365854394369,1.037139720248079,1.7414487056348924,0
2026-03-17 22:25:00+00:00,device-01,42.09095741336298,1.0673070551736672,1.81875130262387,0
2026-03-17 22:30:00+00:00,device-01,42.74969824047398,1.0820584332224525,1.8352997719989539,0
2026-03-17 22:35:00+00:00,device-01,43.65228805983022,1.1142448399162121,1.6974821955641601,0
2026-03-17 22:40:00+00:00,device-01,43.83479333896651,1.0005578110119107,1.9038439588551122,0
2026-03-17 22:45:00+00:00,device-01,42.70121244749229,1.1285439239338217,1.8037332728624376,0
2026-03-17 22:50:00+00:00,device-01,43.28449625569829,1.003409364787806,1.7948191593824425,0
2026-03-17 22:55:00+00:00,device-01,43.49987124803648,1.063851933856204,1.8644684946819945,0
2026-03-17 23:00:00+00:00,device-01,42.54876382382157,1.1079283383492127,1.8039835041737058,0
2026-03-17 23:05:00+00:00,device-01,43.248568069375935,1.0856510168182691,1.762896003401682,0
2026-03-17 23:10:00+00:00,device-01,42.97781880602784,1.0030434730084035,1.9301347924925643,0
2026-03-17 23:15:00+00:00,device-01,42.62505686861676,1.014846747319397,1.7333293900148752,0
2026-03-17 23:20:00+00:00,device-01,42.655961087246666,1.0267866611077578,1.7912687166484669,0
2026-03-17 23:25:00+00:00,device-01,43.047629537080624,1.0472945930156632,1.8472905178491736,0
2026-03-17 23:30:00+00:00,device-01,43.021893664075016,1.107140146547855,1.7316130065215902,0
2026-03-17 23:35:00+00:00,device-01,42.60549413769334,0.9851309197625563,1.789003006615429,0
2026-03-17 23:40:00+00:00,device-01,42.70356646080643,1.0729751597580117,1.8176515836020006,0
2026-03-17 23:45:00+00:00,device-01,43.78150507525112,1.0800468900724203,1.9378895945933863,0
2026-03-17 23:50:00+00:00,device-01,43.15233900378064,1.0773604859414565,1.73955605856087,0
2026-03-17 23:55:00+00:00,device-01,43.62276708323444,1.0726487524699773,1.7895974029630564,0
2026-03-18 00:00:00+00:00,device-01,43.8450676096188,1.1251263401037206,1.8313128237192997,0
2026-03-18 00:05:00+00:00,device-01,43.41662263802417,1.0734674704298137,1.795986503733813,0
2026-03-18 00:10:00+00:00,device-01,44.59474445698006,1.0917812649243646,1.7182864306464094,0
2026-03-18 00:15:00+00:00,device-01,42.42815215173215,1.0769565175879647,1.8142785975538056,0
2026-03-18 00:20:00+00:00,device-01,43.572542561943386,1.138270374553512,1.7955775613664808,0
2026-03-18 00:25:00+00:00,device-01,42.78479585514253,0.9534496988845114,1.815196263280354,0
2026-03-18 00:30:00+00:00,device-01,44.307435605707525,1.1123602421931036,1.8556803128959787,0
2026-03-18 00:35:00+00:00,device-01,44.199635964706275,1.0350078395049875,1.8479182185186855,0
2026-03-18 00:40:00+00:00,device-01,41.642370460458245,1.0338178010768493,1.810926412576896,0
2026-03-18 00:45:00+00:00,device-01,42.33315215118202,0.999163788129696,1.804430225435567,0
2026-03-18 00:50:00+00:00,device-01,43.477467590470546,0.9539765634206145,1.7192212942486294,0
2026-03-18 00:55:00+00:00,device-01,43.566495403408396,1.0280800520512177,1.7764054158550326,0
2026-03-18 01:00:00+00:00,device-01,43.53037285443353,1.0125633490934198,1.7970184821869613,0
2026-03-18 01:05:00+00:00,device-01,42.96641143330325,1.0713797133806169,1.7590733326742787,0
2026-03-18 01:10:00+00:00,device-01,43.335890682358226,0.9727906881739584,1.7883260201606426,0
2026-03-18 01:15:00+00:00,device-01,43.4757597023128,1.117707084372849,1.7322857458020255,0
2026-03-18 01:20:00+00:00,device-01,42.96552301712364,1.05943556658772,1.873200171580462,0
2026-03-18 01:25:00+00:00,device-01,43.74058207386606,1.033146044340391,1.9096011965863875,0
2026-03-18 01:30:00+00:00,device-01,55.258425198169945,1.0097621921138122,1.7564397482947733,1
2026-03-18 01:35:00+00:00,device-01,57.28526558055523,1.0055550850347987,1.803170327278046,1
2026-03-18 01:40:00+00:00,device-01,56.119359602506776,0.9880830775034599,1.7644357902294623,1
2026-03-18 01:45:00+00:00,device-01,57.515906641152526,1.0170313399247548,1.8535937802834088,1
2026-03-18 01:50:00+00:00,device-01,56.686438211872144,1.0442038033744132,1.8032589475906387,1
2026-03-18 01:55:00+00:00,device-01,56.226100700315484,1.0346750068543955,1.7811364156891114,1
2026-03-18 02:00:00+00:00,device-01,57.11176708419562,0.9724506974801772,1.762414157707988,1
2026-03-18 02:05:00+00:00,device-01,56.21393516933604,1.029505631713211,1.7827393803988796,1
2026-03-18 02:10:00+00:00,device-01,56.21481334594333,0.9977499176416088,1.7144875848087828,1
2026-03-18 02:15:00+00:00,device-01,55.75857624738477,1.050005286340607,1.8143801286824848,1
2026-03-18 02:20:00+00:00,device-01,56.838967408062814,1.134836006239666,1.7303471375279231,1
2026-03-18 02:25:00+00:00,device-01,57.20746890942837,1.0724369326540735,1.8046186958295778,1
2026-03-18 02:30:00+00:00,device-01,57.57788925948893,1.025102365602481,1.7796431483084874,1
2026-03-18 02:35:00+00:00,device-01,56.76468915597374,0.9590769773236475,1.8369011976476257,1
2026-03-18 02:40:00+00:00,device-01,57.59957380696673,0.9691379332892676,1.7695249309571282,1
2026-03-18 02:45:00+00:00,device-01,56.880873202770175,0.9550812655397101,1.8312689781634457,1
2026-03-18 02:50:00+00:00,device-01,56.805272744180954,1.0752494402074722,1.7138841086340442,1
2026-03-18 02:55:00+00:00,device-01,57.27439164967754,1.0002214693365916,1.8051328516004104,1
2026-03-18 03:00:00+00:00,device-01,57.61614412122577,1.041119237289895,1.7544616231056689,1
2026-03-18 03:05:00+00:00,device-01,42.821570037989865,1.0063932041811092,1.7789020917541578,0
2026-03-18 03:10:00+00:00,device-01,42.892409806019245,1.0415488653099054,1.7708959570147857,0
2026-03-18 03:15:00+00:00,device-01,42.952978248008854,1.106558490721233,1.8221107919121342,0
2026-03-18 03:20:00+00:00,device-01,43.12606435169899,1.0017034403658571,1.6440992930816658,0
2026-03-18 03:25:00+00:00,device-01,42.44045432493253,1.0183696160819724,1.7840040527222525,0
2026-03-18 03:30:00+00:00,device-01,43.79300673443778,0.9945574139252682,1.674292728580519,0
2026-03-18 03:35:00+00:00,device-01,42.79582641609416,1.0780511992481847,1.835715556999189,0
2026-03-18 03:40:00+00:00,device-01,43.402582421363874,0.9824750956968703,1.6442862635338644,0
2026-03-18 03:45:00+00:00,device-01,42.50384815258973,0.9765409896852458,1.701768672139949,0
2026-03-18 03:50:00+00:00,device-01,43.33569670959581,0.9632269356530068,1.6609079762292622,0
2026-03-18 03:55:00+00:00,device-01,43.361552009600224,0.9615971158952379,1.8590404692607139,0
2026-03-18 04:00:00+00:00,device-01,42.795910763529704,1.0549670328548808,1.6826924066992732,0
2026-03-18 04:05:00+00:00,device-01,44.508009020971926,1.1592709495189546,1.7662136478882238,0
2026-03-18 04:10:00+00:00,device-01,43.356160805110925,0.9804291658198832,1.7265781300785035,0
2026-03-18 04:15:00+00:00,device-01,44.343377161187696,1.0771494993725064,1.650087316105543,0
2026-03-18 04:20:00+00:00,device-01,43.774065835707425,1.0414927738244513,1.7371836183417992,0
2026-03-18 04:25:00+00:00,device-01,42.642265410255234,0.9731925380842569,1.796533324661637,0
2026-03-18 04:30:00+00:00,device-01,42.84156362292769,1.0138060094534858,1.7450619031678696,0
2026-03-18 04:35:00+00:00,device-01,43.417649811159684,1.015333595031565,1.8119320830273942,0
2026-03-18 04:40:00+00:00,device-01,43.15853037560973,0.9917739434144174,1.733101574151356,0
2026-03-18 04:45:00+00:00,device-01,43.15371082763864,1.1221602048142858,1.754578847405961,0
2026-03-18 04:50:00+00:00,device-01,42.92217008660039,0.9296359169749142,1.7304302042256314,0
2026-03-18 04:55:00+00:00,device-01,41.86005264728858,1.043297161243659,1.773483535005112,0
2026-03-18 05:00:00+00:00,device-01,42.97170271598879,1.040116313745849,1.8661559760748494,0
2026-03-18 05:05:00+00:00,device-01,41.58038685201122,0.9938454372436698,1.7733080667996235,0
2026-03-18 05:10:00+00:00,device-01,43.39695863627203,1.0295790040786916,1.7625930095683704,0
2026-03-18 05:15:00+00:00,device-01,42.632104208803064,1.0652532293645962,1.713175102574578,0
2026-03-18 05:20:00+00:00,device-01,42.643259242430766,1.028270415125994,1.7043051612099676,0
2026-03-18 05:25:00+00:00,device-01,42.994291060616305,1.0407522106368086,1.8368327045385406,0
2026-03-18 05:30:00+00:00,device-01,43.342473508852116,1.0537754880716204,1.6816093694531482,0
2026-03-18 05:35:00+00:00,device-01,42.15304397786223,0.9167627521188993,1.6929108708002998,0
2026-03-18 05:40:00+00:00,device-01,41.935319096070955,1.0915118846459138,1.7412085992764958,0
2026-03-18 05:45:00+00:00,device-01,42.41703153838515,1.1307274238513545,1.7208339192386641,0
2026-03-18 05:50:00+00:00,device-01,41.73805209576127,1.0650630995555759,1.8631413611219336,0
2026-03-18 05:55:00+00:00,device-01,42.49449624487305,1.0659096294545045,1.6031541787312389,0
2026-03-18 06:00:00+00:00,device-01,44.288984496178514,0.9440090847606811,1.7661685089706924,0
2026-03-18 06:05:00+00:00,device-01,42.439877328148214,1.0076870918627714,1.7866087134989237,0
2026-03-18 06:10:00+00:00,device-01,43.63963777567771,0.9721854937186811,1.6759764012567424,0
2026-03-18 06:15:00+00:00,device-01,42.22772195534046,0.9825992998929145,1.7038919505504853,0
2026-03-18 06:20:00+00:00,device-01,43.40150797465262,1.0594743990567064,1.7678843772679171,0
2026-03-18 06:25:00+00:00,device-01,42.97261301826006,0.9700833352681254,1.8390604128868684,0
2026-03-18 06:30:00+00:00,device-01,43.158905720373525,1.002921440062176,1.6854213254580184,0
2026-03-18 06:35:00+00:00,device-01,43.60331202534413,0.9131379969949884,1.6452619536757065,0
2026-03-18 06:40:00+00:00,device-01,44.43897378163926,0.9997784094210579,1.7977272931515296,0
2026-03-18 06:45:00+00:00,device-01,43.35038295788951,1.0113263323581028,1.8301682176366219,0
2026-03-18 06:50:00+00:00,device-01,43.30566732027171,0.9707040380308001,1.718006912155973,0
2026-03-18 06:55:00+00:00,device-01,42.54183080216782,0.9690598931142899,1.6046474754795568,0
2026-03-18 07:00:00+00:00,device-01,43.63614260757758,1.0984787544690335,1.8239531203650339,0
2026-03-18 07:05:00+00:00,device-01,43.0602152406228,0.9427665277625461,1.7242967020418507,0
2026-03-18 07:10:00+00:00,device-01,43.81957608720018,0.9498118394779719,1.8030104051562474,0
2026-03-18 07:15:00+00:00,device-01,43.21132607115667,0.9609739984729716,1.7323362966453886,0
2026-03-18 07:20:00+00:00,device-01,44.46531303373335,1.0604402489015137,1.7117758400944143,0
2026-03-18 07:25:00+00:00,device-01,41.86350984864288,1.1046442047707759,1.7065700268870967,0
2026-03-18 07:30:00+00:00,device-01,43.048812992570014,1.0152367340969348,1.821462382497206,0
2026-03-18 07:35:00+00:00,device-01,43.878394497513725,0.9618160390901606,1.8184943964763745,0
2026-03-18 07:40:00+00:00,device-01,43.02084115657712,0.9753425254591424,1.6035287331046535,0
2026-03-18 07:45:00+00:00,device-01,42.71681630451042,1.0490102345471592,1.674997560842261,0
2026-03-18 07:50:00+00:00,device-01,43.09027607566525,0.9492500381564849,1.8371715048946722,0
2026-03-18 07:55:00+00:00,device-01,42.31554058523082,1.0664779823725987,1.7078838564649292,0
2026-03-18 08:00:00+00:00,device-01,43.36989959194844,1.0636802522784299,1.6476685279247834,0
2026-03-18 08:05:00+00:00,device-01,45.00013938868784,0.9953759771481578,1.7289411317219159,0
2026-03-18 08:10:00+00:00,device-01,44.0985650738979,1.0231799180173529,1.721548228831695,0
2026-03-18 08:15:00+00:00,device-01,42.52600622003182,1.0273622389557935,1.7215873845035585,0
2026-03-18 08:20:00+00:00,device-01,42.69628591933793,1.0665807176901754,1.6980329712892377,0
2026-03-18 08:25:00+00:00,device-01,43.02966967292577,0.935286712961244,1.7075815968640558,0
2026-03-18 08:30:00+00:00,device-01,44.02146713674284,1.0459025099465797,1.6982120450073726,0
2026-03-18 08:35:00+00:00,device-01,42.74877375966956,0.9670578136224233,1.744982031339304,0
2026-03-18 08:40:00+00:00,device-01,42.84613346605783,0.946402131230933,1.6755651980200006,0
2026-03-18 08:45:00+00:00,device-01,43.95414269324066,0.9888888707093989,1.7063337318424867,0
2026-03-18 08:50:00+00:00,device-01,43.945639218502095,0.9719972774845985,1.7144516047885334,0
2026-03-18 08:55:00+00:00,device-01,43.0843180458762,0.9322933319786103,1.8008249975715758,0
2026-03-18 09:00:00+00:00,device-01,42.56920122627645,0.900749267755643,1.7442705786677775,0
2026-03-18 09:05:00+00:00,device-01,42.27250282603334,0.9324532449037516,1.7146701308502061,0
2026-03-18 09:10:00+00:00,device-01,42.873760834799576,1.051112517670487,1.752810539370126,0
2026-03-18 09:15:00+00:00,device-01,41.807454405223794,1.0755543380656567,1.7443943550720267,0
2026-03-18 09:20:00+00:00,device-01,43.89951011467755,1.0088575059631009,1.7846862360515285,0
2026-03-18 09:25:00+00:00,device-01,42.93946696982254,1.0345684666585437,1.7491967210682267,0
2026-03-18 09:30:00+00:00,device-01,43.723286842270404,0.9483458189562475,1.8258312573824524,0
2026-03-18 09:35:00+00:00,device-01,44.70014192393482,0.969239996829693,1.798265236198915,0
2026-03-18 09:40:00+00:00,device-01,44.219384982046115,0.9861408458834401,1.7145206438528198,0
2026-03-18 09:45:00+00:00,device-01,42.59850719446757,0.9168381502135762,1.6915035888479601,0
2026-03-18 09:50:00+00:00,device-01,44.01882942448923,0.9203005093235644,1.768721882249485,0
2026-03-18 09:55:00+00:00,device-01,44.2269484134988,0.9735468160854224,1.74616158613712,0
2026-03-18 10:00:00+00:00,device-01,42.90013194662057,0.9515582095595302,1.7088859575834474,0
2026-03-18 10:05:00+00:00,device-01,42.76144617937581,0.9132763216815428,1.6253402059081103,0
2026-03-18 10:10:00+00:00,device-01,43.35818156024537,0.9846568993291864,1.6034130271466025,0
2026-03-18 10:15:00+00:00,device-01,42.32022059763953,0.9510379156783679,1.7336500949374738,0
2026-03-18 10:20:00+00:00,device-01,44.47702149525601,1.014136700203685,1.7584052130425376,0
2026-03-18 10:25:00+00:00,device-01,41.7700813410789,0.9616726824531309,1.75976187894643,0
2026-03-18 10:30:00+00:00,device-01,42.68543848915954,0.9457748415042259,1.6337275014720423,0
2026-03-18 10:35:00+00:00,device-01,43.277914308417294,0.9660280220510453,1.7726014860932044,0
2026-03-18 10:40:00+00:00,device-01,43.314093600979966,0.9498952396163368,1.677715462530888,0
2026-03-18 10:45:00+00:00,device-01,43.59582436505743,0.9239380905639543,1.7324752429741697,0
2026-03-18 10:50:00+00:00,device-01,43.676072395792474,0.9360845806997956,1.7335774952565621,0
2026-03-18 10:55:00+00:00,device-01,43.34308885296554,0.9924914210827237,1.6598339052672921,0
2026-03-18 11:00:00+00:00,device-01,44.29503429920144,0.9861805615996232,1.6719116912027732,0
2026-03-18 11:05:00+00:00,device-01,42.00828475236125,1.0169966268734214,1.58241716299158,0
2026-03-18 11:10:00+00:00,device-01,43.51240452246461,0.8668623851055867,1.651206065562472,0
2026-03-18 11:15:00+00:00,device-01,43.01901945409101,0.930680811011088,1.5974691893238704,0
2026-03-18 11:20:00+00:00,device-01,43.61873388796262,1.6578616167211147,1.7312754057236257,1
2026-03-18 11:25:00+00:00,device-01,43.687289223050435,1.6859953517281392,1.708132314699582,1
2026-03-18 11:30:00+00:00,device-01,42.90129671826907,1.653611868466486,1.7587048092479662,1
2026-03-18 11:35:00+00:00,device-01,43.097768800995475,1.6493703319039317,1.7246696743277636,1
2026-03-18 11:40:00+00:00,device-01,44.10813637133915,1.7129848078558911,1.6646082091831016,1
2026-03-18 11:45:00+00:00,device-01,43.804593846747395,1.6815439283305862,1.7228833510732313,1
2026-03-18 11:50:00+00:00,device-01,43.09104540032658,1.6131218370343299,1.6781044845979964,1
2026-03-18 11:55:00+00:00,device-01,45.00214370396066,1.73696291796253,1.7374934930917254,1
2026-03-18 12:00:00+00:00,device-01,45.19768081674737,1.7188699299599801,1.7192930722250603,1
2026-03-18 12:05:00+00:00,device-01,42.56460468561066,1.6391263162746699,1.6404783120346493,1
2026-03-18 12:10:00+00:00,device-01,43.8066922017842,1.7081776202218077,1.6993477772540648,1
2026-03-18 12:15:00+00:00,device-01,45.358874315837795,1.6286421521662464,1.701960123705048,1
2026-03-18 12:20:00+00:00,device-01,44.158484726416184,1.7204694476748383,1.679602800289994,1
2026-03-18 12:25:00+00:00,device-01,43.77171007515172,1.6520747609797422,1.7511863630056452,1
2026-03-18 12:30:00+00:00,device-01,43.4785751143143,1.6216036666284568,1.7997026743861202,1
2026-03-18 12:35:00+00:00,device-01,43.25266027205694,1.641867782507571,1.6742843967068488,1
2026-03-18 12:40:00+00:00,device-01,43.49005162445561,1.6210065372131908,1.6747364632567603,1
2026-03-18 12:45:00+00:00,device-01,43.2606510581406,1.667678015056647,1.560325694268433,1
2026-03-18 12:50:00+00:00,device-01,44.17498113072241,1.6655972778959125,1.6869065995125179,1
2026-03-18 12:55:00+00:00,device-01,43.38225507322339,1.6574012423475373,1.6679042534929454,1
2026-03-18 13:00:00+00:00,device-01,43.35960745380328,0.897112301235728,1.5638390971363776,0
2026-03-18 13:05:00+00:00,device-01,42.834385258677706,0.7406545050568378,1.710255281825136,0
2026-03-18 13:10:00+00:00,device-01,43.64870221236688,0.9271142492135079,1.7278434611192701,0
2026-03-18 13:15:00+00:00,device-01,43.06508030748025,0.8264230592474586,1.6477744695029508,0
2026-03-18 13:20:00+00:00,device-01,43.57202349563764,0.9322050283300751,1.6689035428758185,0
2026-03-18 13:25:00+00:00,device-01,44.43543522602516,0.9752947394518369,1.6327118729963948,0
2026-03-18 13:30:00+00:00,device-01,43.969959884711166,0.9312074715089841,1.7358952648625992,0
2026-03-18 13:35:00+00:00,device-01,44.074800504095855,0.8967982787300401,1.5985391561297162,0
2026-03-18 13:40:00+00:00,device-01,43.978468776980236,0.9060320154350145,1.670234405324736,0
2026-03-18 13:45:00+00:00,device-01,43.77837233050849,0.9071275062322741,1.805539935007637,0
2026-03-18 13:50:00+00:00,device-01,43.65559535902296,0.8850723396489742,1.691017644397129,0
2026-03-18 13:55:00+00:00,device-01,43.53706800465555,0.8820978577464816,1.7154462902530538,0
2026-03-18 14:00:00+00:00,device-01,44.29175273593226,0.8638446605248669,1.6780203958672844,0
2026-03-18 14:05:00+00:00,device-01,43.00927247959006,0.9681989990746452,1.6158046154640928,0
2026-03-18 14:10:00+00:00,device-01,44.714646518106974,0.9067640395751181,1.6837616799916102,0
2026-03-18 14:15:00+00:00,device-01,43.80792636076202,0.9541055649119535,1.7095634394278172,0
2026-03-18 14:20:00+00:00,device-01,43.26794290148264,0.8925392972220411,1.6232708600586863,0
2026-03-18 14:25:00+00:00,device-01,43.4576226270654,0.9073997403638571,1.7045818170400684,0
2026-03-18 14:30:00+00:00,device-01,43.33415335844511,0.8940214603215823,1.7582364975304545,0
2026-03-18 14:35:00+00:00,device-01,43.928242793978384,0.9244314584588025,1.7471814697077885,0
2026-03-18 14:40:00+00:00,device-01,43.321689365771896,0.941370411701789,1.5874949008694317,0
2026-03-18 14:45:00+00:00,device-01,44.631782032822244,0.9107728307918959,1.6234036625289154,0
2026-03-18 14:50:00+00:00,device-01,43.293282837003176,0.8638458464627246,1.5845618129271588,0
2026-03-18 14:55:00+00:00,device-01,42.25783375626472,0.8572881897312256,1.7451153391918945,0
2026-03-18 15:00:00+00:00,device-01,43.345097971365234,0.9779938926784726,1.7169305685627958,0
2026-03-18 15:05:00+00:00,device-01,42.459058531392735,0.8797833120503752,1.7219653539530153,0
2026-03-18 15:10:00+00:00,device-01,43.84537001543752,0.8779803506605482,1.6265433528145876,0
2026-03-18 15:15:00+00:00,device-01,44.622971868825516,0.9645366101468796,1.6087132083765805,0
2026-03-18 15:20:00+00:00,device-01,44.343304224848175,0.9444306851895647,1.6827977745531513,0
2026-03-18 15:25:00+00:00,device-01,42.96189859134181,0.9154816050447148,1.6837138303877646,0
2026-03-18 15:30:00+00:00,device-01,43.37299901847658,0.8675727418536213,1.6258724685509307,0
2026-03-18 15:35:00+00:00,device-01,45.16001504235639,1.0039561752387032,1.6851324559746763,0
2026-03-18 15:40:00+00:00,device-01,44.14635057637949,0.9046996652618111,1.7147515889144842,0
2026-03-18 15:45:00+00:00,device-01,43.934723657958806,0.9111559699090639,1.6892354348185727,0
2026-03-18 15:50:00+00:00,device-01,44.67955909729215,0.8740082358947643,1.6126700831680143,0
2026-03-18 15:55:00+00:00,device-01,45.66573535987026,0.8106062297037498,1.5477528837836196,0
2026-03-18 16:00:00+00:00,device-01,44.86494545737235,0.813342857254052,1.6584609713862184,0
2026-03-18 16:05:00+00:00,device-01,44.06348854224311,0.8991906143065993,1.6833376200084824,0
2026-03-18 16:10:00+00:00,device-01,44.22275918357112,0.8971953922098436,1.6573552626392376,0
2026-03-18 16:15:00+00:00,device-01,44.41503859142202,0.8643677783588339,1.6467446616678925,0
2026-03-18 16:20:00+00:00,device-01,43.562824532670696,0.81654892263307,1.6304457569213244,0
2026-03-18 16:25:00+00:00,device-01,43.2592658410749,0.801817366598446,1.7143589735927753,0
2026-03-18 16:30:00+00:00,device-01,44.04576485458337,0.8562766894602173,1.6677678674321676,0
2026-03-18 16:35:00+00:00,device-01,43.354708474707344,0.7986336901541782,2.5305647177974118,1
2026-03-18 16:40:00+00:00,device-01,43.98346307821603,0.9151587042530318,2.464372600425885,1
2026-03-18 16:45:00+00:00,device-01,44.10252771413775,0.9266210992338657,2.4849326995840615,1
2026-03-18 16:50:00+00:00,device-01,45.68274668522255,1.0092166481889313,2.531481309700985,1
2026-03-18 16:55:00+00:00,device-01,43.457088476724465,0.910460134779786,2.460825261170946,1
2026-03-18 17:00:00+00:00,device-01,43.976397852562734,0.835683431287361,2.445090753010007,1
2026-03-18 17:05:00+00:00,device-01,43.95548821203673,0.8205267234998567,2.500399462098848,1
2026-03-18 17:10:00+00:00,device-01,44.38549101413532,0.690310126121007,2.5917080752445365,1
2026-03-18 17:15:00+00:00,device-01,44.82097713292612,0.8319412123290519,2.5306097238605862,1
2026-03-18 17:20:00+00:00,device-01,43.753850940960035,0.8516287792193776,1.753462819847732,0
2026-03-18 17:25:00+00:00,device-01,43.53118487018848,0.907662388947715,1.6575012581441098,0
2026-03-18 17:30:00+00:00,device-01,42.96659814323531,0.8886494198031465,1.6462959618705737,0
2026-03-18 17:35:00+00:00,device-01,43.47573886923249,0.8862872018992385,1.5808744102067631,0
2026-03-18 17:40:00+00:00,device-01,44.508598978251165,0.8663543979169573,1.629345459355578,0
2026-03-18 17:45:00+00:00,device-01,44.17407340923814,0.8875249055353757,1.749541749750092,0
2026-03-18 17:50:00+00:00,device-01,43.44036825217482,0.9256689567538434,1.6825970552203253,0
2026-03-18 17:55:00+00:00,device-01,43.89930763978348,0.7988579141219945,1.7064461437385208,0
2026-03-18 18:00:00+00:00,device-01,44.19136979035768,0.828052873009653,1.7042811170507288,0
2026-03-18 18:05:00+00:00,device-01,44.531028633754985,0.7803108618350344,1.660920426406996,0
2026-03-18 18:10:00+00:00,device-01,43.772212562262474,0.9294934996604313,1.6487242408266067,0
2026-03-18 18:15:00+00:00,device-01,44.02143614064479,0.9122305625453689,1.6676846085066783,0
2026-03-18 18:20:00+00:00,device-01,42.93301555428739,0.8838315965256205,1.7003342658563485,0
2026-03-18 18:25:00+00:00,device-01,43.40914537776909,0.7851238404575387,1.687052217064514,0
2026-03-18 18:30:00+00:00,device-01,45.35673162658841,0.8525364969104474,1.6886242436134395,0
2026-03-18 18:35:00+00:00,device-01,42.70186684555722,0.8309990371089779,1.6678817961868522,0
2026-03-18 18:40:00+00:00,device-01,44.00635737298196,0.8456180895144242,1.6119659186569664,0
2026-03-18 18:45:00+00:00,device-01,44.40553072481904,0.8310206265105573,1.6419966152546235,0
2026-03-18 18:50:00+00:00,device-01,43.99933902586506,0.8652781140620823,1.600737126487273,0
2026-03-18 18:55:00+00:00,device-01,43.704983260742296,0.818396642852516,1.717037342591772,0
2026-03-18 19:00:00+00:00,device-01,44.23726684698054,0.8797296281557322,1.530170389436722,0
2026-03-18 19:05:00+00:00,device-01,44.285892360607185,0.847937694512459,1.6427579428071586,0
2026-03-18 19:10:00+00:00,device-01,44.241250075619604,0.8200854527578948,1.798600827648742,0
2026-03-18 19:15:00+00:00,device-01,42.99371545259153,0.8280224423241676,1.6344160300243677,0
2026-03-18 19:20:00+00:00,device-01,44.21433040213539,0.8104662071534805,1.5863626080553828,0
2026-03-18 19:25:00+00:00,device-01,43.72835015341956,0.8720749426951185,1.6529155930291435,0
2026-03-18 19:30:00+00:00,device-01,43.952946873992296,0.8166974518662617,1.7309002967156073,0
2026-03-18 19:35:00+00:00,device-01,44.50469388904076,0.8439099821199803,1.6434571471292265,0
2026-03-18 19:40:00+00:00,device-01,44.80378763034702,0.8084449462351524,1.689433192685233,0
2026-03-18 19:45:00+00:00,device-01,44.99250373421454,0.752714799064004,1.658179176578896,0
2026-03-18 19:50:00+00:00,device-01,44.02676846307289,0.8711849102482442,1.6293609912883331,0
2026-03-18 19:55:00+00:00,device-01,45.03057321900753,0.7718883172867805,1.8403036746114712,0
2026-03-18 20:00:00+00:00,device-01,45.21490965187982,0.8576728755754149,1.6551101242194932,0
2026-03-18 20:05:00+00:00,device-01,45.198491222734454,0.8436479565675233,1.6181679647330975,0
2026-03-18 20:10:00+00:00,device-01,45.38524148299392,0.7387695174743671,1.6205564374565633,0
2026-03-18 20:15:00+00:00,device-01,44.32000013634132,0.7732734385084966,1.6723495852441486,0
2026-03-18 20:20:00+00:00,device-01,44.309673989228855,0.7937443415123291,1.6736295123109002,0
2026-03-18 20:25:00+00:00,device-01,45.018704549178196,0.7773609312545496,1.694960197723322,0
2026-03-14 16:30:00+00:00,device-02,47.47447530986249,1.0911149220679754,1.934793302570624,0
2026-03-14 16:35:00+00:00,device-02,46.492614966187595,0.9830047919098226,2.016914454818793,0
2026-03-14 16:40:00+00:00,device-02,47.55547575123292,0.8807315053853115,1.9911425093310782,0
2026-03-14 16:45:00+00:00,device-02,47.617059086594075,0.9855077065070161,1.8961845639427495,0
2026-03-14 16:50:00+00:00,device-02,46.756193191651256,1.0174108503660348,2.050240599636031,0
2026-03-14 16:55:00+00:00,device-02,47.112777023796696,1.0239323589734108,1.8795719404275095,0
2026-03-14 17:00:00+00:00,device-02,46.95975352509167,1.0094273131256828,1.997858080593237,0
2026-03-14 17:05:00+00:00,device-02,48.205374200086986,0.9661007814350017,1.969806793003164,0
2026-03-14 17:10:00+00:00,device-02,45.81026060803846,1.0834194868342673,2.0313764343729326,0
2026-03-14 17:15:00+00:00,device-02,47.349717203806804,0.9765575589483321,1.9815184648696418,0
2026-03-14 17:20:00+00:00,device-02,46.43767291048888,1.0466818016053476,2.0242045084047873,0
2026-03-14 17:25:00+00:00,device-02,47.307866035713985,0.9979535964757599,1.960064123072223,0
2026-03-14 17:30:00+00:00,device-02,48.212746501597984,0.9536385616474564,2.020579679332876,0
2026-03-14 17:35:00+00:00,device-02,47.1885887766215,1.0856304782026107,1.9835633167008617,0
2026-03-14 17:40:00+00:00,device-02,47.73687419862835,0.8904693267192791,2.092517423207293,0
2026-03-14 17:45:00+00:00,device-02,47.058641799639865,0.9747396125206252,1.9225155766263284,0
2026-03-14 17:50:00+00:00,device-02,49.01760023039629,1.0402860374288538,2.0365925906558884,0
2026-03-14 17:55:00+00:00,device-02,48.30917406846938,1.0020338678416745,1.9934941987355386,0
2026-03-14 18:00:00+00:00,device-02,48.46894058593691,1.058706829773314,1.9768917784401636,0
2026-03-14 18:05:00+00:00,device-02,46.76014508278533,1.0174014009644494,1.9329962177427722,0
2026-03-14 18:10:00+00:00,device-02,46.92907759540565,1.0009774168501315,1.994501533769838,0
2026-03-14 18:15:00+00:00,device-02,48.46561880151646,1.1330588043736078,1.87991820283775,0
2026-03-14 18:20:00+00:00,device-02,47.58368125145934,1.0151464254127676,1.8869025557615056,0
2026-03-14 18:25:00+00:00,device-02,47.54913849931477,1.0194943911231904,2.012411960021869,0
2026-03-14 18:30:00+00:00,device-02,47.97327145932359,0.9744572804728617,1.8770775486835236,0
2026-03-14 18:35:00+00:00,device-02,46.87093243309865,0.9924655244664106,2.0572676820565445,0
2026-03-14 18:40:00+00:00,device-02,48.30049010070159,1.063616891128122,1.955266243916443,0
2026-03-14 18:45:00+00:00,device-02,47.782230532934136,1.0605729820385015,1.9873913916951034,0
2026-03-14 18:50:00+00:00,device-02,48.11478557237701,1.0336919164358531,1.9776063417455587,0
2026-03-14 18:55:00+00:00,device-02,47.319794374824596,0.9998007965280901,1.9989883994681201,0
2026-03-14 19:00:00+00:00,device-02,48.15838456485843,1.0704020613107195,1.957698713904065,0
2026-03-14 19:05:00+00:00,device-02,47.31559850457372,0.9520764636042627,1.9530699801942708,0
2026-03-14 19:10:00+00:00,device-02,48.48696630839958,1.0214399421041833,1.9682339357530492,0
2026-03-14 19:15:00+00:00,device-02,48.61952848113305,1.027131786227189,2.039426847981306,0
2026-03-14 19:20:00+00:00,device-02,48.476964109436246,0.9986603777242401,2.0451403735023463,0
2026-03-14 19:25:00+00:00,device-02,48.21002828904316,1.0498521784568413,2.0542468070436897,0
2026-03-14 19:30:00+00:00,device-02,48.302025920310555,1.0100289031282024,2.0004043497831137,0
2026-03-14 19:35:00+00:00,device-02,45.97404721089638,1.0044668690931369,1.967119343784908,0
2026-03-14 19:40:00+00:00,device-02,48.46244795660941,1.1360200312261926,1.879039428155133,0
2026-03-14 19:45:00+00:00,device-02,47.696024268908936,1.0841660533026687,2.019067810520484,0
2026-03-14 19:50:00+00:00,device-02,47.96412711256894,1.1083078885770956,2.031592860185674,0
2026-03-14 19:55:00+00:00,device-02,47.70887480572958,1.0520916501415927,1.9576328397235385,0
2026-03-14 20:00:00+00:00,device-02,46.94346648009182,1.0989762521939543,2.030912025482401,0
2026-03-14 20:05:00+00:00,device-02,47.55000186803093,1.090997082549823,2.060492906453736,0
2026-03-14 20:10:00+00:00,device-02,48.39779174159243,1.1138160301846811,1.9894883053112316,0
2026-03-14 20:15:00+00:00,device-02,48.938737283226395,1.1727795118659603,2.0478930489821994,0
2026-03-14 20:20:00+00:00,device-02,47.520283007102016,1.0441931967308042,2.0036120810927724,0
2026-03-14 20:25:00+00:00,device-02,47.33328714191829,1.069674059770091,1.8817202139474052,0
2026-03-14 20:30:00+00:00,device-02,48.99202770312268,1.055325087559321,1.9581206888029004,0
2026-03-14 20:35:00+00:00,device-02,47.36771060316248,0.883272349432446,1.9625351271168554,0
2026-03-14 20:40:00+00:00,device-02,49.44675713071102,0.9904054603729989,2.0195644976876284,0
2026-03-14 20:45:00+00:00,device-02,48.04035645570862,1.0623587486725867,1.9366580714198902,0
2026-03-14 20:50:00+00:00,device-02,47.39619388552041,1.094264076782959,1.9627901411741417,0
2026-03-14 20:55:00+00:00,device-02,48.71328145315054,1.0349477112977592,1.9320383667332475,0
2026-03-14 21:00:00+00:00,device-02,49.21924112486632,1.1216795334644816,1.988120564069256,0
2026-03-14 21:05:00+00:00,device-02,47.03921202231039,1.130251315559652,1.9952786107022114,0
2026-03-14 21:10:00+00:00,device-02,49.14443361065601,1.0465329516123596,2.0502303044384895,0
2026-03-14 21:15:00+00:00,device-02,47.865787472676274,1.1395454031234862,2.040233551565848,0
2026-03-14 21:20:00+00:00,device-02,49.11279866501623,1.157062438070631,2.0029397153988238,0
2026-03-14 21:25:00+00:00,device-02,47.815625399977726,1.09381823260061,2.0081949853453023,0
2026-03-14 21:30:00+00:00,device-02,46.987483250521976,1.0226478351980022,2.0009071461709516,0
2026-03-14 21:35:00+00:00,device-02,48.45244858577349,1.1462687084961123,2.0017927404961644,0
2026-03-14 21:40:00+00:00,device-02,48.75921437073927,1.0657699573931216,2.0884917825207854,0
2026-03-14 21:45:00+00:00,device-02,49.5873065063966,1.0561870092533563,1.8471728461599788,0
2026-03-14 21:50:00+00:00,device-02,49.336158190964,1.08199162507914,1.9864606497871722,0
2026-03-14 21:55:00+00:00,device-02,48.62580072879403,1.0503826757819363,2.016415636481514,0
2026-03-14 22:00:00+00:00,device-02,47.98221168045278,1.1319832619387147,2.066095424120943,0
2026-03-14 22:05:00+00:00,device-02,47.793609908137654,1.1183114403629228,1.9332980124859378,0
2026-03-14 22:10:00+00:00,device-02,47.96109776878364,1.141479001220944,2.0204176092217137,0
2026-03-14 22:15:00+00:00,device-02,47.59528233741888,1.1106535080528992,2.0519723825846516,0
2026-03-14 22:20:00+00:00,device-02,47.99415758869682,1.042948977005492,1.9741838064055488,0
2026-03-14 22:25:00+00:00,device-02,46.414566740149176,1.0757415610098338,1.8870276860986523,0
2026-03-14 22:30:00+00:00,device-02,48.33031808738877,1.128527295523972,1.9806153425721484,0
2026-03-14 22:35:00+00:00,device-02,48.19421271885976,1.065440449035025,1.9308046385570996,0
2026-03-14 22:40:00+00:00,device-02,50.019918316395305,1.2328094268263716,2.042557780214411,0
2026-03-14 22:45:00+00:00,device-02,48.7642457682262,1.0757128769519722,1.953096023531725,0
2026-03-14 22:50:00+00:00,device-02,47.90627538146963,1.059519621609902,2.111627843924221,0
2026-03-14 22:55:00+00:00,device-02,48.64702750007539,1.147289148289241,2.0139299491896776,0
2026-03-14 23:00:00+00:00,device-02,47.402942200211385,1.1282295703583016,1.9577619326403537,0
2026-03-14 23:05:00+00:00,device-02,47.84834014695191,1.0904387503978406,1.9764542557797182,0
2026-03-14 23:10:00+00:00,device-02,46.97213489483925,1.0813087913502637,1.9418437636787818,0
2026-03-14 23:15:00+00:00,device-02,49.29404005332619,1.115125665101809,2.0313897075820813,0
2026-03-14 23:20:00+00:00,device-02,48.7131838104068,1.1365501360286063,2.0981314245515073,0
2026-03-14 23:25:00+00:00,device-02,47.48410430182025,1.1338755838642562,1.9963721174979487,0
2026-03-14 23:30:00+00:00,device-02,48.27381924494919,1.0816164973964983,2.065435150321957,0
2026-03-14 23:35:00+00:00,device-02,48.990125107611355,1.1192482821669651,1.9540431349654601,0
2026-03-14 23:40:00+00:00,device-02,48.68096952707225,1.140796424909409,2.0297088722529963,0
2026-03-14 23:45:00+00:00,device-02,48.611072702191215,1.1377866977146303,2.150098312802817,0
2026-03-14 23:50:00+00:00,device-02,47.75205338158894,0.9461537965132647,1.9281661166777513,0
2026-03-14 23:55:00+00:00,device-02,47.915514123287046,1.0568828839311573,2.08707959929297,0
2026-03-15 00:00:00+00:00,device-02,48.43721354970811,1.0635211741183495,2.084199195632584,0
2026-03-15 00:05:00+00:00,device-02,49.02378517260188,1.0917094515530867,1.9016152286338595,0
2026-03-15 00:10:00+00:00,device-02,47.80837687401885,1.1130841314911828,1.9289873005221754,0
2026-03-15 00:15:00+00:00,device-02,47.61255880128766,1.1510983764819278,1.9571159105923825,0
2026-03-15 00:20:00+00:00,device-02,49.207292423075835,1.1368004621418002,2.074442224009069,0
2026-03-15 00:25:00+00:00,device-02,47.76416280043356,1.1004507402545354,1.9912167389233866,0
2026-03-15 00:30:00+00:00,device-02,49.178281656931254,1.1088302336404758,2.007534691111105,0
2026-03-15 00:35:00+00:00,device-02,48.60327075464831,1.1964963717554868,2.0606546712469287,0
2026-03-15 00:40:00+00:00,device-02,49.0587059971093,1.0787618867451936,2.0259116430009887,0
2026-03-15 00:45:00+00:00,device-02,49.67185593665736,1.1254766355837567,2.033007569156487,0
2026-03-15 00:50:00+00:00,device-02,48.94164740163451,1.1893715593462773,2.0008130741699564,0
2026-03-15 00:55:00+00:00,device-02,49.011574340110066,1.1292295114051538,2.088161669624979,0
2026-03-15 01:00:00+00:00,device-02,47.83461226950473,1.0105864243313114,1.974661882019417,0
2026-03-15 01:05:00+00:00,device-02,47.99918725458614,1.1323296649927699,2.1224613050479633,0
2026-03-15 01:10:00+00:00,device-02,48.94527548575752,1.09502868967813,2.002297744289809,0
2026-03-15 01:15:00+00:00,device-02,49.57716628092192,1.1095466024875982,1.9753304928704998,0
2026-03-15 01:20:00+00:00,device-02,49.48630081628661,1.1685495391996308,2.062610708054095,0
2026-03-15 01:25:00+00:00,device-02,50.142115500495585,1.1402646994738432,2.051488985938472,0
2026-03-15 01:30:00+00:00,device-02,48.74666800147102,1.1043669175229271,1.9062265342794311,0
2026-03-15 01:35:00+00:00,device-02,48.679562092887416,1.1629422953794153,2.038931140854517,0
2026-03-15 01:40:00+00:00,device-02,49.25049777858572,1.1408703257071917,1.945270050534982,0
2026-03-15 01:45:00+00:00,device-02,48.5679128954488,1.1251197734501746,1.977109710566637,0
2026-03-15 01:50:00+00:00,device-02,48.51943585692728,1.1356610944438397,2.074690618365768,0
2026-03-15 01:55:00+00:00,device-02,47.83847206598011,1.13400601644567,1.9763475798378183,0
2026-03-15 02:00:00+00:00,device-02,49.27391854862436,1.1051052113446547,2.0500110474578666,0
2026-03-15 02:05:00+00:00,device-02,47.83807591298912,1.0998490674394903,2.0065107840331686,0
2026-03-15 02:10:00+00:00,device-02,48.955439064520775,1.1247762454206465,2.1458728594346717,0
2026-03-15 02:15:00+00:00,device-02,47.61179021034596,1.076511479446139,2.0247239434916566,0
2026-03-15 02:20:00+00:00,device-02,49.38097531336822,1.0619763847377952,1.9605783841774729,0
2026-03-15 02:25:00+00:00,device-02,47.90167382684984,1.1906542992191158,1.9653897201168575,0
2026-03-15 02:30:00+00:00,device-02,49.22054835456004,1.1143035673641606,1.9779100530022222,0
2026-03-15 02:35:00+00:00,device-02,47.5258192275106,1.1257587501337873,2.040477283948009,0
2026-03-15 02:40:00+00:00,device-02,48.33869754623607,1.1208684912668119,2.0332343736404805,0
2026-03-15 02:45:00+00:00,device-02,49.479596566077774,1.1294439320168606,2.092149958606641,0
2026-03-15 02:50:00+00:00,device-02,48.099169941107576,1.1300532256749851,2.04460478247431,0
2026-03-15 02:55:00+00:00,device-02,48.71807355229841,1.1328089878873406,2.042871819162596,0
2026-03-15 03:00:00+00:00,device-02,48.344236792334435,1.0899315061175412,2.055167272603602,0
2026-03-15 03:05:00+00:00,device-02,47.07060639944235,1.177396950335925,2.028542369837035,0
2026-03-15 03:10:00+00:00,device-02,48.910888350116316,1.0967989531997404,2.054432058094101,0
2026-03-15 03:15:00+00:00,device-02,49.005837401405394,1.183747708477785,2.0844616904236535,0
2026-03-15 03:20:00+00:00,device-02,47.93579520716243,1.0366513042880625,2.0850579930867106,0
2026-03-15 03:25:00+00:00,device-02,49.120765178549526,1.0800961270357725,2.0059316844573973,0
2026-03-15 03:30:00+00:00,device-02,48.17011666152602,1.1833496590765293,1.9331466348091408,0
2026-03-15 03:35:00+00:00,device-02,48.03261315919594,1.126897755410947,1.9913065482375638,0
2026-03-15 03:40:00+00:00,device-02,48.747645262703166,1.101306651344189,2.05728338698682,0
2026-03-15 03:45:00+00:00,device-02,48.273683002345706,1.1541594456855415,1.8916352652190762,0
2026-03-15 03:50:00+00:00,device-02,50.36317135324792,1.0836581284026305,2.0129865861226963,0
2026-03-15 03:55:00+00:00,device-02,47.67778554016226,1.1403021994373008,2.069044765399116,0
2026-03-15 04:00:00+00:00,device-02,49.29086983479481,1.0262156470236086,2.0088338298123385,0
2026-03-15 04:05:00+00:00,device-02,49.473896183045035,1.114860419089807,1.9761488598169281,0
2026-03-15 04:10:00+00:00,device-02,47.403838427360746,1.1054818192706666,2.1490372316626267,0
2026-03-15 04:15:00+00:00,device-02,47.58422418320626,1.1654408883237906,2.1274655824287865,0
2026-03-15 04:20:00+00:00,device-02,49.19823908198635,1.1827250260185285,2.029444094574743,0
2026-03-15 04:25:00+00:00,device-02,48.47507693273539,1.096675792137925,2.124868192616765,0
2026-03-15 04:30:00+00:00,device-02,49.088166022191984,1.2203057536703934,2.1239912741952995,0
2026-03-15 04:35:00+00:00,device-02,49.62478878224678,1.1107058155016003,1.9788533993686204,0
2026-03-15 04:40:00+00:00,device-02,48.57414266402667,1.0379488212616772,2.2080283492417965,0
2026-03-15 04:45:00+00:00,device-02,48.09730757619837,1.0221873194752449,1.99155223179901,0
2026-03-15 04:50:00+00:00,device-02,46.93887838195023,1.2185387081336672,2.032547639632803,0
2026-03-15 04:55:00+00:00,device-02,49.000076645121766,1.1376219048246374,1.9831614361574512,0
2026-03-15 05:00:00+00:00,device-02,48.21416167958198,1.1100305039883434,2.054105933406592,0
2026-03-15 05:05:00+00:00,device-02,49.09086394181141,1.1053903014612392,1.9711123355099673,0
2026-03-15 05:10:00+00:00,device-02,49.04089716650611,1.0885527429190596,2.05012860853477,0
2026-03-15 05:15:00+00:00,device-02,47.916866787315044,1.2111436515185814,2.116056233864514,0
2026-03-15 05:20:00+00:00,device-02,50.09990539650491,1.1396962224864406,2.0644718633183583,0
2026-03-15 05:25:00+00:00,device-02,49.658636228587234,1.2337491854297757,2.0363534232165255,0
2026-03-15 05:30:00+00:00,device-02,49.501273465490094,1.134627013466218,2.1455031206180277,0
2026-03-15 05:35:00+00:00,device-02,48.085445289532366,1.027390835622431,1.999533776880807,0
2026-03-15 05:40:00+00:00,device-02,48.636432540473685,1.1874453910606169,2.1119563088632973,0
2026-03-15 05:45:00+00:00,device-02,48.5458048809171,1.1271220509491664,2.0362881100348846,0
2026-03-15 05:50:00+00:00,device-02,48.64530923976089,1.1339759500348394,2.067912192678689,0
2026-03-15 05:55:00+00:00,device-02,48.15571624530787,1.224481366940769,2.0573940977972933,0
2026-03-15 06:00:00+00:00,device-02,49.25375852281293,1.1332260014980335,2.063730109216675,0
2026-03-15 06:05:00+00:00,device-02,49.116846744565294,1.2047625783564384,2.053396642737297,0
2026-03-15 06:10:00+00:00,device-02,49.21898499317857,1.1466706478836535,2.0102069478044218,0
2026-03-15 06:15:00+00:00,device-02,48.61586416574153,1.109568264720552,2.0235534007896234,0
2026-03-15 06:20:00+00:00,device-02,49.880509527442825,1.1727699250866719,2.084679189895589,0
2026-03-15 06:25:00+00:00,device-02,49.114946524337,1.117596669656822,2.052242367151301,0
2026-03-15 06:30:00+00:00,device-02,47.073747033415906,1.2092618754374653,1.9894708784830235,0
2026-03-15 06:35:00+00:00,device-02,48.54879771700562,1.1960475053618833,2.017452698291194,0
2026-03-15 06:40:00+00:00,device-02,48.963594833339364,1.1513856283179817,2.0187274689777692,0
2026-03-15 06:45:00+00:00,device-02,49.68580545648886,1.178929226298352,2.0575054473666508,0
2026-03-15 06:50:00+00:00,device-02,48.806117419918166,1.1768396011284334,2.0720203951410414,0
2026-03-15 06:55:00+00:00,device-02,48.84806613508312,1.1349934082263082,2.067289698389525,0
2026-03-15 07:00:00+00:00,device-02,48.565621866585374,1.1936860209874567,2.0231204469023716,0
2026-03-15 07:05:00+00:00,device-02,49.50190949424898,1.1377081903833528,2.063918074300053,0
2026-03-15 07:10:00+00:00,device-02,48.72910156770972,1.180016754432076,1.9812561780435713,0
2026-03-15 07:15:00+00:00,device-02,48.626349264808496,1.101812518568341,1.8908678397841692,0
2026-03-15 07:20:00+00:00,device-02,48.535568327046235,1.1545441446413014,2.061089410112622,0
2026-03-15 07:25:00+00:00,device-02,49.4509586034725,1.1703498888239547,1.9656747976193352,0
2026-03-15 07:30:00+00:00,device-02,48.69450430870999,1.1102147267381843,2.0085880291292892,0
2026-03-15 07:35:00+00:00,device-02,47.9006541040778,1.1290027887788092,1.9935378304464613,0
2026-03-15 07:40:00+00:00,device-02,49.515798378612196,1.1232382233830698,2.10408708935666,0
2026-03-15 07:45:00+00:00,device-02,48.5951200961015,1.1863838412474936,1.9942679306920403,0
2026-03-15 07:50:00+00:00,device-02,49.342034380703325,1.1140601545842184,2.0838677602454116,0
2026-03-15 07:55:00+00:00,device-02,49.3598192611553,1.1720285717730459,2.038464501482429,0
2026-03-15 08:00:00+00:00,device-02,49.94669169768639,1.2264102235402763,1.9940952326936143,0
2026-03-15 08:05:00+00:00,device-02,49.84129509912445,1.168047419916739,1.9742625716513151,0
2026-03-15 08:10:00+00:00,device-02,48.71351975564269,1.0696547711838051,2.096899037310321,0
2026-03-15 08:15:00+00:00,device-02,49.00544746890379,1.1565483539048789,2.09283721759483,0
2026-03-15 08:20:00+00:00,device-02,48.224468013197544,1.2023155878880325,2.1165744343803032,0
2026-03-15 08:25:00+00:00,device-02,50.30767995029404,1.1359599068164272,2.1804875614263257,0
2026-03-15 08:30:00+00:00,device-02,49.448440059009734,1.205716662655752,2.087395979253174,0
2026-03-15 08:35:00+00:00,device-02,50.12110698176782,1.1811308066384871,2.0884314605322523,0
2026-03-15 08:40:00+00:00,device-02,48.92738822160654,1.1712435701472834,2.0646229223445087,0
2026-03-15 08:45:00+00:00,device-02,47.721914788671505,1.1370741709821492,2.078839312831119,0
2026-03-15 08:50:00+00:00,device-02,50.234103608535804,1.1244634779610614,2.051960229784335,0
2026-03-15 08:55:00+00:00,device-02,49.232634318444845,1.1372076815142802,2.0197906906975014,0
2026-03-15 09:00:00+00:00,device-02,49.26618705296322,1.153086104882538,2.1935336320031085,0
2026-03-15 09:05:00+00:00,device-02,49.21724529050149,1.176002858971419,1.9626748851395952,0
2026-03-15 09:10:00+00:00,device-02,49.63511452550526,1.1707780552093825,2.0900811511274604,0
2026-03-15 09:15:00+00:00,device-02,49.56241533597388,1.1345976794471193,2.101878268597558,0
2026-03-15 09:20:00+00:00,device-02,48.081183548000475,1.1527954125168673,2.0848037192259663,0
2026-03-15 09:25:00+00:00,device-02,49.960679214730206,1.1687860224442561,2.018554137124339,0
2026-03-15 09:30:00+00:00,device-02,48.83483827210255,1.0680196175095806,2.0652168636407846,0
2026-03-15 09:35:00+00:00,device-02,48.88338165539981,1.110702433656051,2.049490469245734,0
2026-03-15 09:40:00+00:00,device-02,50.42468197521409,1.1090039866764538,2.0131463816496318,0
2026-03-15 09:45:00+00:00,device-02,49.86499648935569,1.1385850019229102,2.0752768721829677,0
2026-03-15 09:50:00+00:00,device-02,48.98895609873698,1.1348216338292874,2.0540494015334274,0
2026-03-15 09:55:00+00:00,device-02,47.93124879518348,1.1355132147907911,2.0458205539178094,0
2026-03-15 10:00:00+00:00,device-02,49.34886335082836,1.1045681485214787,2.12037099536158,0
2026-03-15 10:05:00+00:00,device-02,49.61772683916604,1.1816291868902642,2.0162816592504376,0
2026-03-15 10:10:00+00:00,device-02,49.189199820909494,1.1616598937275389,2.106681078026832,0
2026-03-15 10:15:00+00:00,device-02,48.37821053661762,1.065395642277913,2.0440827602141085,0
2026-03-15 10:20:00+00:00,device-02,48.70177566974459,1.1479532375581722,2.1067816463953446,0
2026-03-15 10:25:00+00:00,device-02,48.38137788397926,1.0907139683490426,2.08577418094291,0
2026-03-15 10:30:00+00:00,device-02,49.415541569670054,1.2318767479226844,2.096508121521814,0
2026-03-15 10:35:00+00:00,device-02,49.843043009866165,1.1237014475954255,2.0237737386771695,0
2026-03-15 10:40:00+00:00,device-02,49.99187326317896,1.1265031967139905,2.036491745283136,0
2026-03-15 10:45:00+00:00,device-02,48.76613286534728,1.1500870784883614,2.0320849360198148,0
2026-03-15 10:50:00+00:00,device-02,49.44776395459928,1.1355816178216362,2.094278556232072,0
2026-03-15 10:55:00+00:00,device-02,49.67560432476404,1.1423433592987335,2.129085874213588,0
2026-03-15 11:00:00+00:00,device-02,48.934415516632335,1.2222974286280086,2.1494425450922807,0
2026-03-15 11:05:00+00:00,device-02,49.19268430821367,1.155890723672516,2.0552113004382337,0
2026-03-15 11:10:00+00:00,device-02,50.78772051824821,1.1859849618548532,2.0907628548603716,0
2026-03-15 11:15:00+00:00,device-02,49.44892963342784,1.2002352165650934,1.989204053983051,0
2026-03-15 11:20:00+00:00,device-02,49.927699034947345,1.0947678823389762,1.9537087750244686,0
2026-03-15 11:25:00+00:00,device-02,49.009482736172124,1.2275770320514132,2.0351280654400896,0
2026-03-15 11:30:00+00:00,device-02,49.34729047098667,1.1771345044292219,2.047571208948068,0
2026-03-15 11:35:00+00:00,device-02,48.122178024252754,1.1901771334969335,1.9948757380171618,0
2026-03-15 11:40:00+00:00,device-02,49.308761755659,1.098737459019501,1.9818258186521356,0
2026-03-15 11:45:00+00:00,device-02,50.16496183774063,1.1823497139399886,2.1207174935651394,0
2026-03-15 11:50:00+00:00,device-02,50.803607064546604,1.1617196459150267,2.0410886709927554,0
2026-03-15 11:55:00+00:00,device-02,50.17599164128016,1.113748259128988,1.9889827098209258,0
2026-03-15 12:00:00+00:00,device-02,49.82306091309631,1.2542939898197374,2.22904207481272,0
2026-03-15 12:05:00+00:00,device-02,49.38320947684878,1.1680275182507198,2.100758433177086,0
2026-03-15 12:10:00+00:00,device-02,48.92998251697621,1.1272453994444616,2.0718409853428743,0
2026-03-15 12:15:00+00:00,device-02,49.2415509772812,1.148431980501877,2.1318461100930315,0
2026-03-15 12:20:00+00:00,device-02,49.786459980165425,1.1837522341703446,2.046225790869575,0
2026-03-15 12:25:00+00:00,device-02,48.81156190980356,1.1942514839579177,2.187131596612822,0
2026-03-15 12:30:00+00:00,device-02,50.01799006759471,1.166310761956217,2.000411403426653,0
2026-03-15 12:35:00+00:00,device-02,48.67951523881572,1.1975692203853645,2.0147204089583153,0
2026-03-15 12:40:00+00:00,device-02,48.12647283136715,1.2096846157909982,2.0851137177239143,0
2026-03-15 12:45:00+00:00,device-02,48.66697448327605,1.0738993464607705,2.047951278407617,0
2026-03-15 12:50:00+00:00,device-02,48.21313062643858,1.1108043207653702,2.17852969587721,0
2026-03-15 12:55:00+00:00,device-02,48.42166825569177,1.0875518883410427,1.9986384493909175,0
2026-03-15 13:00:00+00:00,device-02,50.17815575744351,1.13882315891052,2.0512042313840744,0
2026-03-15 13:05:00+00:00,device-02,49.24886791449045,1.2055445519215744,2.109574731041293,0
2026-03-15 13:10:00+00:00,device-02,49.5452449802797,1.1654525137914011,2.129380942684491,0
2026-03-15 13:15:00+00:00,device-02,50.206135459653574,1.0799134506122243,2.156079803216524,0
2026-03-15 13:20:00+00:00,device-02,50.27999685397538,1.1169089302060666,2.1170601059757743,0
2026-03-15 13:25:00+00:00,device-02,49.048530877584746,1.1824012585883406,2.228736779206752,0
2026-03-15 13:30:00+00:00,device-02,50.33481763243478,1.1037737693382792,2.068953042711049,0
2026-03-15 13:35:00+00:00,device-02,49.6770676555589,1.1248753353272678,2.1082006150807837,0
2026-03-15 13:40:00+00:00,device-02,49.41315689467777,1.1442861388338335,2.1493216538954267,0
2026-03-15 13:45:00+00:00,device-02,49.72322875030829,1.0373328741058454,2.079585399247774,0
2026-03-15 13:50:00+00:00,device-02,48.41870416440296,1.1667226991057469,2.0813498944052466,0
2026-03-15 13:55:00+00:00,device-02,48.86920728552199,1.1441854164191598,2.0715020316250587,0
2026-03-15 14:00:00+00:00,device-02,49.34656561089072,1.1548136794283026,2.0611432860271752,0
2026-03-15 14:05:00+00:00,device-02,49.85179975707414,1.076763421417167,2.032524279942518,0
2026-03-15 14:10:00+00:00,device-02,49.16727356740449,1.0865970621741372,2.067247129970394,0
2026-03-15 14:15:00+00:00,device-02,49.34121478581963,1.0944467664939614,2.0081723739644155,0
2026-03-15 14:20:00+00:00,device-02,50.11153640764188,1.1360998031434693,2.123897839023726,0
2026-03-15 14:25:00+00:00,device-02,50.423669199929584,1.1263635302190131,2.0063497598272333,0
2026-03-15 14:30:00+00:00,device-02,49.9749686005382,1.1285031088748558,2.225394876977043,0
2026-03-15 14:35:00+00:00,device-02,50.32831979053474,1.2109558319927376,2.2039606074992664,0
2026-03-15 14:40:00+00:00,device-02,49.15977273625141,1.185893401330623,2.1687701743914074,0
2026-03-15 14:45:00+00:00,device-02,49.230671698744395,1.083909245992752,2.090439960973269,0
2026-03-15 14:50:00+00:00,device-02,49.67032672320743,1.0864179446979354,2.0683500773462464,0
2026-03-15 14:55:00+00:00,device-02,49.23898273888647,1.2041039586885736,2.177020918767774,0
2026-03-15 15:00:00+00:00,device-02,49.09694791872245,1.1016853789778525,2.11502876426808,0
2026-03-15 15:05:00+00:00,device-02,50.610596136044116,1.1856841512404683,2.1380377387773937,0
2026-03-15 15:10:00+00:00,device-02,49.31537596922393,1.195873516515232,2.061926136780324,0
2026-03-15 15:15:00+00:00,device-02,48.78205125391985,1.088017181375621,2.169082401260358,0
2026-03-15 15:20:00+00:00,device-02,49.80144891978415,1.1008445782585772,2.057911723544847,0
2026-03-15 15:25:00+00:00,device-02,50.74728743632108,1.1176368550146707,2.1124825887132177,0
2026-03-15 15:30:00+00:00,device-02,49.520708698473086,1.069475793302765,2.0030273704162567,0
2026-03-15 15:35:00+00:00,device-02,50.32796544273416,1.0629314904744982,2.0676755068668426,0
2026-03-15 15:40:00+00:00,device-02,49.16132384581226,1.0909181115278594,2.137164070414747,0
2026-03-15 15:45:00+00:00,device-02,49.12566092018815,1.152758068498503,2.0806611525870804,0
2026-03-15 15:50:00+00:00,device-02,48.98842029993643,1.0868663871247046,2.0812504125529867,0
2026-03-15 15:55:00+00:00,device-02,49.37257259959577,1.098075235075508,2.155477023838596,0
2026-03-15 16:00:00+00:00,device-02,50.76001829859453,1.0842521743770674,2.104320737077781,0
2026-03-15 16:05:00+00:00,device-02,48.667294801259594,1.0383877720174148,2.183286788967357,0
2026-03-15 16:10:00+00:00,device-02,50.62372515018354,1.1799565245434114,1.964984699907393,0
2026-03-15 16:15:00+00:00,device-02,48.773211680489936,0.9877267827448784,2.14376170607131,0
2026-03-15 16:20:00+00:00,device-02,49.316874444716866,1.0712284609758642,2.140463413807913,0
2026-03-15 16:25:00+00:00,device-02,50.06696431966726,1.1309548223387034,2.0182453039836528,0
2026-03-15 16:30:00+00:00,device-02,49.924414592383705,1.0323057340419075,2.0333105658511883,0
2026-03-15 16:35:00+00:00,device-02,49.68191822593815,1.1314074284777635,2.163742710371506,0
2026-03-15 16:40:00+00:00,device-02,48.33115975817379,1.1628518622978357,2.0478521022976426,0
2026-03-15 16:45:00+00:00,device-02,49.74044902440367,1.0563064077140218,2.0739554316618545,0
2026-03-15 16:50:00+00:00,device-02,48.77234923906796,1.1087710487274767,2.1481031633799526,0
2026-03-15 16:55:00+00:00,device-02,51.28731053016082,1.0418576216747037,2.09287440862547,0
2026-03-15 17:00:00+00:00,device-02,49.340693968504155,1.121764291084812,2.141577086208122,0
2026-03-15 17:05:00+00:00,device-02,49.62316781508557,1.0998603129788307,2.0615667406012252,0
2026-03-15 17:10:00+00:00,device-02,48.68929304150821,1.1052403037088365,2.131545026140161,0
2026-03-15 17:15:00+00:00,device-02,49.157638158091174,1.16178790542886,2.1788271880711063,0
2026-03-15 17:20:00+00:00,device-02,48.589945045102624,1.116048188659814,2.1339375359426915,0
2026-03-15 17:25:00+00:00,device-02,50.18151786630579,1.1587917137553625,1.9837403626671115,0
2026-03-15 17:30:00+00:00,device-02,49.311784700262194,1.1221991553154385,2.1541368883166814,0
2026-03-15 17:35:00+00:00,device-02,49.88969845685904,1.0295020826875503,2.1190471033774156,0
2026-03-15 17:40:00+00:00,device-02,49.01724533693147,1.1015404104725919,2.0617996779282954,0
2026-03-15 17:45:00+00:00,device-02,49.146227183718125,1.1119250783309917,2.1995057203297748,0
2026-03-15 17:50:00+00:00,device-02,50.399273871717895,1.0141441477471795,2.0124423100375646,0
2026-03-15 17:55:00+00:00,device-02,48.81783260788424,1.1520688944993842,2.2289516663807354,0
2026-03-15 18:00:00+00:00,device-02,48.23742753845742,1.0877571890464617,2.0795074912427673,0
2026-03-15 18:05:00+00:00,device-02,49.783176869550395,1.101716489815373,2.2117012564241,0
2026-03-15 18:10:00+00:00,device-02,48.7001958630696,1.037438070478313,2.115337421743611,0
2026-03-15 18:15:00+00:00,device-02,49.191772923744175,1.0848376907629185,2.03884917479337,0
2026-03-15 18:20:00+00:00,device-02,50.137727989669514,1.095141155785407,2.1243487576177116,0
2026-03-15 18:25:00+00:00,device-02,48.92677227334497,1.0627699719383055,2.1388297941286796,0
2026-03-15 18:30:00+00:00,device-02,50.11482489297388,1.0820434330230424,2.1517080279286787,0
2026-03-15 18:35:00+00:00,device-02,49.023122021753174,0.9709545278860849,2.18306036251248,0
2026-03-15 18:40:00+00:00,device-02,50.54347490457218,1.1439492472419568,2.0664018167179745,0
2026-03-15 18:45:00+00:00,device-02,50.427541659252356,1.0190507128261372,2.1497447458187904,0
2026-03-15 18:50:00+00:00,device-02,49.169912512919566,0.9645535836563002,2.164676041744757,0
2026-03-15 18:55:00+00:00,device-02,49.35049924941883,1.0245463347437684,2.104747530304702,0
2026-03-15 19:00:00+00:00,device-02,48.91722367131445,1.0297164617979848,2.065362774152187,0
2026-03-15 19:05:00+00:00,device-02,49.6393494407733,1.09753518259129,2.0644978488187764,0
2026-03-15 19:10:00+00:00,device-02,50.30348684059706,1.0235447644665152,2.1667240275890296,0
2026-03-15 19:15:00+00:00,device-02,48.486007105611286,1.082327346879774,2.16999961936513,0
2026-03-15 19:20:00+00:00,device-02,50.140570121260644,1.019013300660167,2.073042228605231,0
2026-03-15 19:25:00+00:00,device-02,48.57116983379405,1.1762108801300188,2.0428988839511972,0
2026-03-15 19:30:00+00:00,device-02,48.89564033219121,1.0919904544575825,2.197205134063453,0
2026-03-15 19:35:00+00:00,device-02,48.24552136225204,1.1613963742019093,2.0307009330855936,0
2026-03-15 19:40:00+00:00,device-02,50.96979511708904,1.0117139924102208,2.13332985925396,0
2026-03-15 19:45:00+00:00,device-02,49.536793661010144,1.0944773102285505,2.0759861931388977,0
2026-03-15 19:50:00+00:00,device-02,49.66634859841735,1.0123276117568627,2.0195515938367254,0
2026-03-15 19:55:00+00:00,device-02,49.021010148397046,1.0879024758097093,2.132120933056648,0
2026-03-15 20:00:00+00:00,device-02,50.24038707211533,1.0917156889611492,2.1136403747027646,0
2026-03-15 20:05:00+00:00,device-02,48.020456124559665,0.9769212506622597,2.2112753698365757,0
2026-03-15 20:10:00+00:00,device-02,49.51046519696313,0.9986425273034021,2.2612874863270447,0
2026-03-15 20:15:00+00:00,device-02,51.03557638473124,0.9959737653322973,2.114652199109761,0
2026-03-15 20:20:00+00:00,device-02,49.2224510662063,0.9779236557091447,2.1874266211597924,0
2026-03-15 20:25:00+00:00,device-02,49.50086213834102,1.0153670695145125,2.188881726592339,0
2026-03-15 20:30:00+00:00,device-02,49.958342130827965,1.0027146444995785,2.095505417910612,0
2026-03-15 20:35:00+00:00,device-02,48.91863396411002,0.9772700807114854,2.0752778207121922,0
2026-03-15 20:40:00+00:00,device-02,49.501461701790184,1.0532181120844895,2.223508003943754,0
2026-03-15 20:45:00+00:00,device-02,50.15693765422063,1.0744048717010446,2.105800575741699,0
2026-03-15 20:50:00+00:00,device-02,49.61903633628381,0.9801841470699787,2.1263596868215906,0
2026-03-15 20:55:00+00:00,device-02,49.741324792059686,1.0168583506693338,2.110790010140814,0
2026-03-15 21:00:00+00:00,device-02,49.23565172674555,1.0438921847883689,2.120495330342145,0
2026-03-15 21:05:00+00:00,device-02,49.69974892964619,1.0306892817071602,2.0926565801857118,0
2026-03-15 21:10:00+00:00,device-02,49.51638697107941,1.0060276652408637,2.1737030698200615,0
2026-03-15 21:15:00+00:00,device-02,50.494369740975344,1.0803546846176746,2.2042664887514687,0
2026-03-15 21:20:00+00:00,device-02,49.981324298649774,1.0809658743987889,2.1072575522851307,0
2026-03-15 21:25:00+00:00,device-02,49.30204525706437,1.0713783042719875,2.047396029734335,0
2026-03-15 21:30:00+00:00,device-02,47.75817879369199,1.0257487639642258,2.1330986445579136,0
2026-03-15 21:35:00+00:00,device-02,49.97022866593784,1.1342584150354167,2.0415204078613174,0
2026-03-15 21:40:00+00:00,device-02,49.99613545610769,1.1207344596632656,2.0924150400515984,0
2026-03-15 21:45:00+00:00,device-02,48.82379094955838,1.0123793652197055,2.204346653555397,0
2026-03-15 21:50:00+00:00,device-02,48.064896470723596,1.0252331761557958,2.2697158252581775,0
2026-03-15 21:55:00+00:00,device-02,48.66256808296563,1.0894254956557772,2.1538322608497276,0
2026-03-15 22:00:00+00:00,device-02,50.10819468319468,0.9887961656080697,2.0680279600947338,0
2026-03-15 22:05:00+00:00,device-02,48.71249595658825,1.0474573449367266,2.178461483264868,0
2026-03-15 22:10:00+00:00,device-02,49.13410682035546,1.028596781390844,1.997999529511493,0
2026-03-15 22:15:00+00:00,device-02,49.60793271214423,0.9898824185443476,2.0909058051964458,0
2026-03-15 22:20:00+00:00,device-02,50.308547981855135,1.0122225475878515,2.2235872313370395,0
2026-03-15 22:25:00+00:00,device-02,49.43656501854049,0.9439728020800215,2.177364039699483,0
2026-03-15 22:30:00+00:00,device-02,49.37673976373669,0.9941553915403766,2.0506955766365254,0
2026-03-15 22:35:00+00:00,device-02,49.06050338958068,0.9202906178640647,2.0340444347716686,0
2026-03-15 22:40:00+00:00,device-02,50.58379331779477,1.1328118246592331,2.184655225315776,0
2026-03-15 22:45:00+00:00,device-02,50.18609137353849,1.092840982270641,2.130988805245429,0
2026-03-15 22:50:00+00:00,device-02,49.370880899884995,1.0777316239647006,2.098624899518127,0
2026-03-15 22:55:00+00:00,device-02,48.45735457377989,1.0301421705514093,2.1589180388260214,0
2026-03-15 23:00:00+00:00,device-02,48.87920147245455,1.0637102501196627,2.1002444827092583,0
2026-03-15 23:05:00+00:00,device-02,49.83543708592214,1.076131043816981,2.0200165795553895,0
2026-03-15 23:10:00+00:00,device-02,48.92211304989399,1.0620560370511565,2.183253240123205,0
2026-03-15 23:15:00+00:00,device-02,50.049037708700894,1.055912751333964,2.096511970944003,0
2026-03-15 23:20:00+00:00,device-02,49.67471864664769,0.9631214091122314,2.075532718609802,0
2026-03-15 23:25:00+00:00,device-02,49.62375655523049,1.0288961001903738,2.056026982839664,0
2026-03-15 23:30:00+00:00,device-02,49.87346677984408,0.9794708753758891,2.1507841935363676,0
2026-03-15 23:35:00+00:00,device-02,49.76217380451622,0.9459045648496738,2.0880226042927856,0
2026-03-15 23:40:00+00:00,device-02,48.8115969988169,0.9465964064012743,2.1735575780993233,0
2026-03-15 23:45:00+00:00,device-02,49.17915138642855,1.0237884737277907,2.1205389558705336,0
2026-03-15 23:50:00+00:00,device-02,51.042067038411695,1.0537854556829593,2.20123127800329,0
2026-03-15 23:55:00+00:00,device-02,48.55561186379603,0.9314782525721808,2.1138498527860374,0
2026-03-16 00:00:00+00:00,device-02,49.06579807149269,1.0858788081809672,2.0980906676814226,0
2026-03-16 00:05:00+00:00,device-02,50.14078861839981,1.0708001008369517,2.0197463277633094,0
2026-03-16 00:10:00+00:00,device-02,49.28009082260457,0.9770454388803363,2.071937225168222,0
2026-03-16 00:15:00+00:00,device-02,48.819813487957724,0.971655288751717,2.180727279795495,0
2026-03-16 00:20:00+00:00,device-02,48.45875572693626,0.9898926297738875,2.320332084023703,0
2026-03-16 00:25:00+00:00,device-02,49.756828167466374,1.0413460435769983,2.0633977658077507,0
2026-03-16 00:30:00+00:00,device-02,50.09211747275823,0.9718656018806914,2.076371053929637,0
2026-03-16 00:35:00+00:00,device-02,50.35465533428694,0.9344372766607106,2.1586825834558248,0
2026-03-16 00:40:00+00:00,device-02,49.40887194236531,1.0056659200857532,2.1671956689789478,0
2026-03-16 00:45:00+00:00,device-02,50.09915474979582,0.883963558031948,2.0984710438147887,0
2026-03-16 00:50:00+00:00,device-02,48.64100106823797,0.9930004595494546,2.1437757649789586,0
2026-03-16 00:55:00+00:00,device-02,49.47802458965014,1.042650539650208,2.0432878362234637,0
2026-03-16 01:00:00+00:00,device-02,48.882541994322054,0.9987182731802903,2.1216612576849907,0
2026-03-16 01:05:00+00:00,device-02,49.47465682284948,1.0211996778175223,2.1933953528621255,0
2026-03-16 01:10:00+00:00,device-02,49.874679569590356,1.0056160127596987,2.2373590150148774,0
2026-03-16 01:15:00+00:00,device-02,50.094152360858324,1.0160739791747304,2.1299744616837804,0
2026-03-16 01:20:00+00:00,device-02,48.64852752863918,0.985688506970893,2.124676487514237,0
2026-03-16 01:25:00+00:00,device-02,50.22477464360461,0.9357098045345518,2.1673365175391774,0
2026-03-16 01:30:00+00:00,device-02,49.00148895058973,0.9647133892876625,2.2065802847384473,0
2026-03-16 01:35:00+00:00,device-02,48.61152615677417,0.97103348993837,2.1697474781315806,0
2026-03-16 01:40:00+00:00,device-02,49.20605013187019,1.0364074273809023,2.096010233902109,0
2026-03-16 01:45:00+00:00,device-02,48.297574444142406,1.0535411304418725,2.1622789614220874,0
2026-03-16 01:50:00+00:00,device-02,49.320408748911966,0.9920361401202051,2.198928334622398,0
2026-03-16 01:55:00+00:00,device-02,49.51579405964829,0.9321414495018928,2.0987651493081887,0
2026-03-16 02:00:00+00:00,device-02,49.16849385394679,0.9320706901173089,2.061721133374407,0
2026-03-16 02:05:00+00:00,device-02,49.67977465210147,0.9579574584033576,2.172027410404547,0
2026-03-16 02:10:00+00:00,device-02,49.07984389948187,1.0355526699588342,2.163646576425024,0
2026-03-16 02:15:00+00:00,device-02,49.29857254971682,0.9816239749611692,2.199638105989382,0
2026-03-16 02:20:00+00:00,device-02,48.282843135196096,0.9609135689059378,2.1473902736842376,0
2026-03-16 02:25:00+00:00,device-02,49.31670493605518,0.9242170602420161,2.1037829941541384,0
2026-03-16 02:30:00+00:00,device-02,48.68659055449976,1.0053767079379523,2.116312777604348,0
2026-03-16 02:35:00+00:00,device-02,48.96290800597886,0.9745191000349617,2.081140645911083,0
2026-03-16 02:40:00+00:00,device-02,49.20757015539749,0.9563071811560108,2.086186413606397,0
2026-03-16 02:45:00+00:00,device-02,49.40217790927421,0.9628156653415407,2.1093454542097563,0
2026-03-16 02:50:00+00:00,device-02,48.11113140805105,1.0407716340263973,2.1141342916720918,0
2026-03-16 02:55:00+00:00,device-02,48.16465861652649,0.9472313360146496,2.209640329066746,0
2026-03-16 03:00:00+00:00,device-02,49.04288998933073,1.0384806568015894,2.07005599672726,0
2026-03-16 03:05:00+00:00,device-02,49.5815143168801,1.0149826595935925,2.1405638669187588,0
2026-03-16 03:10:00+00:00,device-02,49.49674097709934,0.9542994442329733,2.108395195803721,0
2026-03-16 03:15:00+00:00,device-02,49.86460242741605,0.9946934055295795,2.2325059581534736,0
2026-03-16 03:20:00+00:00,device-02,50.145450222194114,0.9431315404534371,2.1594792780914918,0
2026-03-16 03:25:00+00:00,device-02,49.57719716068547,0.9067259682007974,2.1216843472407008,0
2026-03-16 03:30:00+00:00,device-02,49.21074406221394,0.9335776041456169,2.1927229454001624,0
2026-03-16 03:35:00+00:00,device-02,48.49753782178978,0.9004424990203322,2.1482110699440784,0
2026-03-16 03:40:00+00:00,device-02,48.55217840865073,0.9702120985917301,2.115953451198035,0
2026-03-16 03:45:00+00:00,device-02,48.882231163471694,0.944215280701511,2.2360870765809504,0
2026-03-16 03:50:00+00:00,device-02,49.39127295495989,0.9707135356607958,2.1870226381802764,0
2026-03-16 03:55:00+00:00,device-02,49.35328636847446,0.9825034464469014,2.2479281733451524,0
2026-03-16 04:00:00+00:00,device-02,49.196438749257304,0.7840082031955224,2.213880492334278,0
2026-03-16 04:05:00+00:00,device-02,49.0812164771279,0.9544507965953821,2.1912235635876542,0
2026-03-16 04:10:00+00:00,device-02,49.624081659907795,0.8476516831667726,2.152967971354044,0
2026-03-16 04:15:00+00:00,device-02,49.32313678939796,0.9449311135169917,2.0804830859286794,0
2026-03-16 04:20:00+00:00,device-02,49.380324652162045,0.8915985110311446,2.187630770170697,0
2026-03-16 04:25:00+00:00,device-02,49.38222381198808,0.9395527685303309,2.1497448491815607,0
2026-03-16 04:30:00+00:00,device-02,48.778356969660955,1.001490991856327,2.1858308537454882,0
2026-03-16 04:35:00+00:00,device-02,48.43357839656491,0.8467105407958284,2.145147299640956,0
2026-03-16 04:40:00+00:00,device-02,49.493315290433735,0.9405201649240724,2.104589745257215,0
2026-03-16 04:45:00+00:00,device-02,49.435554860845826,0.9259576774682289,2.085816509553708,0
2026-03-16 04:50:00+00:00,device-02,48.98410616239297,0.8341645829404283,2.18765699105047,0
2026-03-16 04:55:00+00:00,device-02,48.84134343324942,0.9600760179055696,2.22309479395401,0
2026-03-16 05:00:00+00:00,device-02,50.721455725567374,0.9282945464554389,2.128945744298972,0
2026-03-16 05:05:00+00:00,device-02,48.58926863206637,0.900058159654961,2.173309912270664,0
2026-03-16 05:10:00+00:00,device-02,48.96254957938299,0.8883228534616304,2.228810659363195,0
2026-03-16 05:15:00+00:00,device-02,49.294762063351655,1.0839615504233255,2.0965992252997863,0
2026-03-16 05:20:00+00:00,device-02,48.29497885449419,0.9025678967800717,2.1261568912867124,0
2026-03-16 05:25:00+00:00,device-02,49.179000053579145,0.8311779580089069,2.0797753101620113,0
2026-03-16 05:30:00+00:00,device-02,50.34931389056406,0.8735874655984873,2.2169091548003137,0
2026-03-16 05:35:00+00:00,device-02,49.73851203541213,0.9007455364248469,2.1623177670963707,0
2026-03-16 05:40:00+00:00,device-02,49.52121963581894,0.8988058104743355,2.1192200792054616,0
2026-03-16 05:45:00+00:00,device-02,49.48721452277394,0.9130381849219921,2.0480982959781158,0
2026-03-16 05:50:00+00:00,device-02,49.14468611732644,0.8635926420588212,2.136165791475015,0
2026-03-16 05:55:00+00:00,device-02,49.73094320762759,0.941985592256385,2.2064321520827255,0
2026-03-16 06:00:00+00:00,device-02,48.944682802840035,0.8896924945957647,2.12939256186607,0
2026-03-16 06:05:00+00:00,device-02,48.75150045082056,0.8448236979260056,2.1217843448231823,0
2026-03-16 06:10:00+00:00,device-02,49.11253514846967,0.8710654026674476,2.1853377933902536,0
2026-03-16 06:15:00+00:00,device-02,49.668694550489725,0.8916022686875523,2.073705908196767,0
2026-03-16 06:20:00+00:00,device-02,49.259568060692054,0.9522638816411036,2.1503582421496934,0
2026-03-16 06:25:00+00:00,device-02,49.49397235920215,0.9330622672391563,2.1829494306722754,0
2026-03-16 06:30:00+00:00,device-02,47.59839848592383,0.8909449348129503,2.100893245881369,0
2026-03-16 06:35:00+00:00,device-02,49.84387100959258,0.9078467158706363,2.0979730510602175,0
2026-03-16 06:40:00+00:00,device-02,50.640563154186026,0.9166419220884616,2.162202877292619,0
2026-03-16 06:45:00+00:00,device-02,49.929948280922396,1.006849865057697,2.141548685253151,0
2026-03-16 06:50:00+00:00,device-02,48.76651753884154,0.873068157864915,2.133454738568316,0
2026-03-16 06:55:00+00:00,device-02,48.388239960862236,0.9263452345668987,2.1598929637903117,0
2026-03-16 07:00:00+00:00,device-02,49.16963687060468,0.9383593638897393,2.1608337567972664,0
2026-03-16 07:05:00+00:00,device-02,48.27775350662814,0.8534442443914159,2.0924628768640585,0
2026-03-16 07:10:00+00:00,device-02,49.469794615076275,0.9096209689989782,2.1079241867795075,0
2026-03-16 07:15:00+00:00,device-02,48.58718853385385,0.9074013096427492,2.174405562458954,0
2026-03-16 07:20:00+00:00,device-02,49.62055531383312,0.8748163398606879,2.2144969830225563,0
2026-03-16 07:25:00+00:00,device-02,49.8946646403325,0.9257695188158501,2.228376822510095,0
2026-03-16 07:30:00+00:00,device-02,47.511635551835724,0.9479060634389737,2.0973029026117165,0
2026-03-16 07:35:00+00:00,device-02,49.13216311644345,0.9520910848746709,2.2129336845503462,0
2026-03-16 07:40:00+00:00,device-02,48.431392540221275,0.8850944703888302,2.1929553660974626,0
2026-03-16 07:45:00+00:00,device-02,47.926278740825154,0.9032918709215866,2.146005362760274,0
2026-03-16 07:50:00+00:00,device-02,48.47388458422209,1.0104512597167048,2.176894360669626,0
2026-03-16 07:55:00+00:00,device-02,48.74563562621299,0.8368639903032447,2.1972380926896915,0
2026-03-16 08:00:00+00:00,device-02,49.61530009723894,0.902274555282373,2.2542794486611704,0
2026-03-16 08:05:00+00:00,device-02,47.81952877739917,0.9348225217833181,2.085051753296257,0
2026-03-16 08:10:00+00:00,device-02,49.61284283972551,0.8969802437519216,2.183650917823156,0
2026-03-16 08:15:00+00:00,device-02,50.28264374268951,0.9214307965113514,2.139565678641234,0
2026-03-16 08:20:00+00:00,device-02,49.28089981909408,0.8964322913135004,2.135566640729411,0
2026-03-16 08:25:00+00:00,device-02,49.23750719228299,0.9246545059104608,2.2161385072824324,0
2026-03-16 08:30:00+00:00,device-02,48.83857578988452,0.950281318228545,2.196571326534124,0
2026-03-16 08:35:00+00:00,device-02,48.01803300561874,0.8742720938473129,2.0874678781711533,0
2026-03-16 08:40:00+00:00,device-02,49.2074962788005,0.8944152652245672,2.1310049197603296,0
2026-03-16 08:45:00+00:00,device-02,49.09445898417634,0.8809841798580775,2.1613796341746814,0
2026-03-16 08:50:00+00:00,device-02,49.33024418133281,0.8627774225990077,2.063792045894344,0
2026-03-16 08:55:00+00:00,device-02,50.60877377988643,0.8811987936144579,2.199188533589552,0
2026-03-16 09:00:00+00:00,device-02,49.312455765611155,0.8248279763612599,2.143335323947248,0
2026-03-16 09:05:00+00:00,device-02,49.09339822566817,0.9178742789128569,2.1574290166490733,0
2026-03-16 09:10:00+00:00,device-02,49.88111047834051,0.9650172215916142,2.167692828102796,0
2026-03-16 09:15:00+00:00,device-02,47.83843356767942,0.9643750383680386,2.2551380342065697,0
2026-03-16 09:20:00+00:00,device-02,47.97248718394494,0.9422053131067438,2.149851199737678,0
2026-03-16 09:25:00+00:00,device-02,48.50199680199509,0.8294779514112206,2.1264123229424365,0
2026-03-16 09:30:00+00:00,device-02,48.29842152858794,0.9529528462742748,2.25097706424095,0
2026-03-16 09:35:00+00:00,device-02,49.23482456437925,0.8404824412843793,2.117763933772612,0
2026-03-16 09:40:00+00:00,device-02,48.51903027567156,0.8728972658212946,2.116340645604874,0
2026-03-16 09:45:00+00:00,device-02,49.95132964962486,0.9671647132225327,2.0650687358294295,0
2026-03-16 09:50:00+00:00,device-02,49.78979510256915,0.820575335122115,2.2116614740744542,0
2026-03-16 09:55:00+00:00,device-02,49.25660690095401,0.9155592550415015,2.1635548440177756,0
2026-03-16 10:00:00+00:00,device-02,48.439407689735226,0.8868898615613542,2.1753366085701913,0
2026-03-16 10:05:00+00:00,device-02,49.13348180994154,0.8645627627430078,2.157155617921645,0
2026-03-16 10:10:00+00:00,device-02,49.26134234691505,0.827715279540669,2.13920767173037,0
2026-03-16 10:15:00+00:00,device-02,47.93895515363438,0.8920013712000914,2.1005517639974873,0
2026-03-16 10:20:00+00:00,device-02,48.92162592873908,0.8470544239982801,2.100763478271055,0
2026-03-16 10:25:00+00:00,device-02,49.16365509149776,0.9218836930766315,2.172715044369527,0
2026-03-16 10:30:00+00:00,device-02,48.812766077314386,0.9302213135185354,2.1543535891725143,0
2026-03-16 10:35:00+00:00,device-02,49.752855537964024,0.7994365284966853,2.2438130356596475,0
2026-03-16 10:40:00+00:00,device-02,49.49480063333446,0.842542939501492,2.10174770123244,0
2026-03-16 10:45:00+00:00,device-02,48.05875828686691,0.8512655318916971,2.117881712841022,0
2026-03-16 10:50:00+00:00,device-02,48.71555454053681,0.807556529132077,2.086139234454693,0
2026-03-16 10:55:00+00:00,device-02,48.03527139340118,0.8101788436731605,2.2284793279492385,0
2026-03-16 11:00:00+00:00,device-02,49.01752340835208,0.8699487191588223,2.073393871865077,0
2026-03-16 11:05:00+00:00,device-02,47.9964973058372,0.8545630638907896,2.192301602123826,0
2026-03-16 11:10:00+00:00,device-02,49.24145810902809,0.7818333585372331,2.2317830282639264,0
2026-03-16 11:15:00+00:00,device-02,48.85845354544079,0.8369889529061766,2.1380109218637076,0
2026-03-16 11:20:00+00:00,device-02,49.25792070700109,0.8893193362369011,2.189271805568464,0
2026-03-16 11:25:00+00:00,device-02,48.46833479364581,0.8025499848659092,2.019902195421457,0
2026-03-16 11:30:00+00:00,device-02,47.54201952478304,0.8161803090807951,2.123126106968613,0
2026-03-16 11:35:00+00:00,device-02,49.789013546155424,0.9412515872651861,2.0475598395863166,0
2026-03-16 11:40:00+00:00,device-02,48.423608752635694,0.9272457857080456,2.156079359116093,0
2026-03-16 11:45:00+00:00,device-02,49.49954138789792,0.7798600930999757,2.1463163395041933,0
2026-03-16 11:50:00+00:00,device-02,48.82841167696819,0.7928995109236747,2.100053048225001,0
2026-03-16 11:55:00+00:00,device-02,48.99042263327085,0.8788568844512958,2.201631478854183,0
2026-03-16 12:00:00+00:00,device-02,49.790882854492715,0.7999751269149701,2.166568170889821,0
2026-03-16 12:05:00+00:00,device-02,48.73957235415303,0.8464764874162765,2.114324405301611,0
2026-03-16 12:10:00+00:00,device-02,49.47289364951234,0.8361269946950622,2.1148428523565532,0
2026-03-16 12:15:00+00:00,device-02,47.44500307765204,0.8862842327108287,2.0579354400510024,0
2026-03-16 12:20:00+00:00,device-02,49.08507566096573,0.73143498635255,2.134028148660178,0
2026-03-16 12:25:00+00:00,device-02,48.29723476829233,0.7473513122341081,2.270633112146057,0
2026-03-16 12:30:00+00:00,device-02,48.363934532850465,0.7957818713758922,2.10264201170729,0
2026-03-16 12:35:00+00:00,device-02,48.45508511785501,0.9074102344248411,2.1696405142890596,0
2026-03-16 12:40:00+00:00,device-02,48.68273085954703,0.8486345709507589,2.1120210376521706,0
2026-03-16 12:45:00+00:00,device-02,49.591328883098754,0.7705849712671731,2.1920985699027007,0
2026-03-16 12:50:00+00:00,device-02,47.1248487177324,0.8803002867242651,2.1703999538541923,0
2026-03-16 12:55:00+00:00,device-02,48.44438427198915,0.8906996938809072,2.130343008070145,0
2026-03-16 13:00:00+00:00,device-02,47.90310056387955,0.8426975046523264,2.0382813067051293,0
2026-03-16 13:05:00+00:00,device-02,49.211774041718286,0.8381480741609127,2.1134290698131,0
2026-03-16 13:10:00+00:00,device-02,48.090580299009574,0.8762526507775976,2.2149418829022234,0
2026-03-16 13:15:00+00:00,device-02,48.69750164459481,0.9145494356517487,2.1291604240341377,0
2026-03-16 13:20:00+00:00,device-02,48.09050607113443,0.8614132726941603,2.180790922833268,0
2026-03-16 13:25:00+00:00,device-02,48.82737411655253,0.8801719018844377,2.114848398885438,0
2026-03-16 13:30:00+00:00,device-02,49.06104820792874,0.850841357101185,2.0325116291272494,0
2026-03-16 13:35:00+00:00,device-02,48.0634374073893,0.833934554802178,2.1683313433426434,0
2026-03-16 13:40:00+00:00,device-02,48.36688069766874,0.8069586152144217,2.1618753852262467,0
2026-03-16 13:45:00+00:00,device-02,47.32916529400839,0.8653366879859805,2.1084348333909424,0
2026-03-16 13:50:00+00:00,device-02,48.52806625070649,0.8372883980463,2.1206092371257115,0
2026-03-16 13:55:00+00:00,device-02,48.90452253559813,0.8399034080757146,2.1596196254654068,0
2026-03-16 14:00:00+00:00,device-02,47.90717988182169,0.8983683138710352,2.107127264942097,0
2026-03-16 14:05:00+00:00,device-02,49.07102578799817,0.8760900928201472,2.1626272939022604,0
2026-03-16 14:10:00+00:00,device-02,46.82624342906943,0.8950128679120167,2.1298760728768014,0
2026-03-16 14:15:00+00:00,device-02,46.97239517524343,0.7725536711677616,2.0019755109221355,0
2026-03-16 14:20:00+00:00,device-02,47.28731038739428,0.8790937830993951,2.1330664966690085,0
2026-03-16 14:25:00+00:00,device-02,47.91045477846637,0.8215302529284421,2.1060440112035326,0
2026-03-16 14:30:00+00:00,device-02,48.253556397579764,0.810470705485223,2.0916440882605043,0
2026-03-16 14:35:00+00:00,device-02,48.176011974273315,0.8081450403295497,2.1649718946027443,0
2026-03-16 14:40:00+00:00,device-02,48.174928228871885,0.9112023892311242,2.111959850723056,0
2026-03-16 14:45:00+00:00,device-02,48.71905316333559,0.8919162047809497,2.172763753935769,0
2026-03-16 14:50:00+00:00,device-02,47.87270557089738,0.8145788383152059,2.205419416455082,0
2026-03-16 14:55:00+00:00,device-02,47.309308478707074,0.7934563911074526,2.1488866126313395,0
2026-03-16 15:00:00+00:00,device-02,47.31376493227325,0.8509431747046644,2.048410019507911,0
2026-03-16 15:05:00+00:00,device-02,49.65386879992071,0.8272101476570791,2.096650178401338,0
2026-03-16 15:10:00+00:00,device-02,46.51909238667572,0.9331093142625398,2.193986090054048,0
2026-03-16 15:15:00+00:00,device-02,48.03269757931734,0.7770200667326335,2.1243247694813383,0
2026-03-16 15:20:00+00:00,device-02,49.1671998325236,0.7585547263825239,2.0916191142034926,0
2026-03-16 15:25:00+00:00,device-02,48.47554211524399,0.8372334246016767,2.1339361101608936,0
2026-03-16 15:30:00+00:00,device-02,47.547002075108054,0.850542252850919,2.1689369156209257,0
2026-03-16 15:35:00+00:00,device-02,48.119711125157295,0.8566308913366982,2.1542605801715577,0
2026-03-16 15:40:00+00:00,device-02,48.71339813810788,0.8876761961459884,2.1769940369622303,0
2026-03-16 15:45:00+00:00,device-02,48.944817930090394,0.9536873287269121,2.0895845435183693,0
2026-03-16 15:50:00+00:00,device-02,47.46001872530198,0.8329293338323758,2.1220084079196666,0
2026-03-16 15:55:00+00:00,device-02,48.61230733053657,0.8228643617569413,2.1231486165489453,0
2026-03-16 16:00:00+00:00,device-02,48.24715152542766,0.7621677083492756,2.1365919668977775,0
2026-03-16 16:05:00+00:00,device-02,48.83388471628126,0.8623570900351964,2.013393685754216,0
2026-03-16 16:10:00+00:00,device-02,49.024478303573865,0.8929248601709454,2.1234477391380047,0
2026-03-16 16:15:00+00:00,device-02,47.80124608521768,0.83731060524459,2.0576915287508237,0
2026-03-16 16:20:00+00:00,device-02,47.01720383354516,0.9094516851530727,2.2194778859380793,0
2026-03-16 16:25:00+00:00,device-02,48.299349787322875,0.8520342871689316,2.229112632815684,0
2026-03-16 16:30:00+00:00,device-02,49.256231649931244,0.9263717051419827,2.2362917366678974,0
2026-03-16 16:35:00+00:00,device-02,48.48282370324081,0.8674053756114563,2.184415307425591,0
2026-03-16 16:40:00+00:00,device-02,48.15433719775123,0.798020692009985,2.1073629183419773,0
2026-03-16 16:45:00+00:00,device-02,49.66424972879066,0.8191781038411626,2.1928453652850917,0
2026-03-16 16:50:00+00:00,device-02,47.245782267548684,0.7744825827921091,2.1238158330954056,0
2026-03-16 16:55:00+00:00,device-02,48.596164181839605,0.7644778696230919,2.1717572735708615,0
2026-03-16 17:00:00+00:00,device-02,47.555023731972604,0.8648482134889616,2.081737827346536,0
2026-03-16 17:05:00+00:00,device-02,47.979321794794274,0.8951641550098932,2.100193012947026,0
2026-03-16 17:10:00+00:00,device-02,47.997564820976024,0.9495894531214212,2.162371317676737,0
2026-03-16 17:15:00+00:00,device-02,48.985285586856776,0.8493200795394487,2.2396828813568437,0
2026-03-16 17:20:00+00:00,device-02,47.26004527967476,0.8404485099059844,2.1328390174881218,0
2026-03-16 17:25:00+00:00,device-02,47.53089815037794,0.7970625930531683,2.267752479087927,0
2026-03-16 17:30:00+00:00,device-02,46.78058758094189,0.9021132995689757,2.297288809319822,0
2026-03-16 17:35:00+00:00,device-02,48.22687795334142,0.8724499821566313,2.057550243551421,0
2026-03-16 17:40:00+00:00,device-02,47.55525115186326,0.8234883127117508,2.131724440682636,0
2026-03-16 17:45:00+00:00,device-02,48.161555812662364,0.8879353002740071,2.076629571819574,0
2026-03-16 17:50:00+00:00,device-02,47.10504912737326,0.8818502996027833,2.1245925179967307,0
2026-03-16 17:55:00+00:00,device-02,47.59491401406929,0.7605695342179665,2.1009036280825897,0
2026-03-16 18:00:00+00:00,device-02,48.56387158122795,0.8914962396912336,2.1283569768942345,0
2026-03-16 18:05:00+00:00,device-02,47.704728057886285,0.8614715693380351,2.189286949772991,0
2026-03-16 18:10:00+00:00,device-02,48.25482097892832,0.8354069391047421,2.187514491024783,0
2026-03-16 18:15:00+00:00,device-02,48.1768163282876,0.8344514931313907,2.1469712814060204,0
2026-03-16 18:20:00+00:00,device-02,47.54987331855267,0.9430604336377829,2.1314566000440096,0
2026-03-16 18:25:00+00:00,device-02,46.69537106512787,0.9327833091487518,2.1380555309818376,0
2026-03-16 18:30:00+00:00,device-02,48.467065077539246,0.9476371421585081,2.1382882128706613,0
2026-03-16 18:35:00+00:00,device-02,47.88686509242043,0.7992715994109904,2.1645201095140982,0
2026-03-16 18:40:00+00:00,device-02,48.44574418414891,0.824355005413274,2.1305244199504556,0
2026-03-16 18:45:00+00:00,device-02,46.33863795911138,0.902738760892593,2.159762818990584,0
2026-03-16 18:50:00+00:00,device-02,46.57935888823334,0.7974358313684263,2.0519869542913223,0
2026-03-16 18:55:00+00:00,device-02,46.22773576480692,0.8222536428749994,2.1764231456616647,0
2026-03-16 19:00:00+00:00,device-02,47.10391253416471,0.7684653625445337,2.232750570267356,0
2026-03-16 19:05:00+00:00,device-02,48.437112270859615,0.9517570783686378,2.1396992175408767,0
2026-03-16 19:10:00+00:00,device-02,48.093984969870334,0.9126708158936154,2.0446723621076974,0
2026-03-16 19:15:00+00:00,device-02,47.663921096262705,0.8829060486257553,2.2083837298623714,0
2026-03-16 19:20:00+00:00,device-02,47.76973065723893,0.8713950407305904,2.108415421445118,0
2026-03-16 19:25:00+00:00,device-02,48.20044332908683,0.8400406856335801,1.9503277094247111,0
2026-03-16 19:30:00+00:00,device-02,47.446411242283446,0.8414763375737847,2.1144171487569907,0
2026-03-16 19:35:00+00:00,device-02,47.925185741775934,0.8926371295164802,2.1630059406072424,0
2026-03-16 19:40:00+00:00,device-02,47.735922943724134,0.8267561227762654,2.149561012698548,0
2026-03-16 19:45:00+00:00,device-02,46.097038705503564,0.924216580699426,2.2000911861838053,0
2026-03-16 19:50:00+00:00,device-02,47.34859898672919,0.8387291977851843,2.163017224429662,0
2026-03-16 19:55:00+00:00,device-02,48.559116213162355,0.8202047624430545,2.133265031355095,0
2026-03-16 20:00:00+00:00,device-02,47.32088933672431,0.929309892398825,2.0083099292497715,0
2026-03-16 20:05:00+00:00,device-02,47.48783170133967,0.8577500914640671,2.059140792292801,0
2026-03-16 20:10:00+00:00,device-02,47.15318824159518,0.8932419050001414,2.1355889065848106,0
2026-03-16 20:15:00+00:00,device-02,47.228750378211274,0.8453097629954283,2.1648203402751656,0
2026-03-16 20:20:00+00:00,device-02,48.34479805531136,0.7541193074153241,2.0633465540086755,0
2026-03-16 20:25:00+00:00,device-02,47.36032451910472,0.8945616575276653,2.0876720734948,0
2026-03-16 20:30:00+00:00,device-02,46.82261432828121,0.8004536680356957,2.1515662821330754,0
2026-03-16 20:35:00+00:00,device-02,45.350017382196214,0.9224948445660925,2.0099908723397846,0
2026-03-16 20:40:00+00:00,device-02,47.11707163226082,0.7914471221048902,2.0074794065244665,0
2026-03-16 20:45:00+00:00,device-02,46.13118416299989,0.7763584240139377,2.1090386510821393,0
2026-03-16 20:50:00+00:00,device-02,46.22132296398409,0.8856066020718302,2.137331816644758,0
2026-03-16 20:55:00+00:00,device-02,48.044563995551435,0.8921200574407623,2.0935953001389107,0
2026-03-16 21:00:00+00:00,device-02,47.97400427240508,0.8768317303453541,1.9855205032405827,0
2026-03-16 21:05:00+00:00,device-02,46.125875098745716,0.8114682453439066,2.1227358930200064,0
2026-03-16 21:10:00+00:00,device-02,48.05395298378093,0.9172324928284012,2.0421532281761907,0
2026-03-16 21:15:00+00:00,device-02,47.76946273068592,0.8002390125878974,2.1595056753942803,0
2026-03-16 21:20:00+00:00,device-02,46.889409430579285,0.8509366362873918,2.114346315287106,0
2026-03-16 21:25:00+00:00,device-02,47.941971492305264,0.8354284906553818,2.1356952792794552,0
2026-03-16 21:30:00+00:00,device-02,46.27925409360412,0.85664489525847,2.157733270956859,0
2026-03-16 21:35:00+00:00,device-02,46.5648042964564,0.9188701610931889,2.0880410961189932,0
2026-03-16 21:40:00+00:00,device-02,46.3901265472946,0.845238376082826,2.1680763823085045,0
2026-03-16 21:45:00+00:00,device-02,46.60986201531285,0.9058813746283333,2.1924363965093265,0
2026-03-16 21:50:00+00:00,device-02,47.993005619753724,0.9130973027261482,2.141806400524264,0
2026-03-16 21:55:00+00:00,device-02,46.434394955347706,0.7935746079848909,2.19686243293365,0
2026-03-16 22:00:00+00:00,device-02,46.55204185052931,0.8215425653855823,2.080326928820222,0
2026-03-16 22:05:00+00:00,device-02,46.68178052917084,0.8614573507277704,2.1715792630222888,0
2026-03-16 22:10:00+00:00,device-02,47.474816473356505,0.8517805571348323,2.132805800119424,0
2026-03-16 22:15:00+00:00,device-02,47.09023249390412,0.8975401281708881,2.05786370010404,0
2026-03-16 22:20:00+00:00,device-02,47.92168703512221,0.7863516204902236,2.1114427262907283,0
2026-03-16 22:25:00+00:00,device-02,46.81013255234207,0.9197504862763275,2.0842527278461938,0
2026-03-16 22:30:00+00:00,device-02,46.39552579083128,0.9217439556297929,2.08256016121189,0
2026-03-16 22:35:00+00:00,device-02,46.93527029953621,0.8769056774693477,2.1201472145952227,0
2026-03-16 22:40:00+00:00,device-02,47.30261995325643,0.816975082889003,2.1776911956672964,0
2026-03-16 22:45:00+00:00,device-02,46.61440174139573,0.8872254705839684,2.09539167154119,0
2026-03-16 22:50:00+00:00,device-02,47.45013325985214,0.8608979059099212,2.121286632446889,0
2026-03-16 22:55:00+00:00,device-02,48.5163517345334,0.9169383689663536,2.0263032570999697,0
2026-03-16 23:00:00+00:00,device-02,46.826723881447755,0.885177059219023,2.119462616452526,0
2026-03-16 23:05:00+00:00,device-02,47.253965927373116,0.9267088206149307,2.18127141798215,0
2026-03-16 23:10:00+00:00,device-02,48.158963018915045,0.869488385076396,2.160472854636828,0
2026-03-16 23:15:00+00:00,device-02,46.74828237786189,0.9641498096084098,2.1401678359209386,0
2026-03-16 23:20:00+00:00,device-02,46.59820622258798,0.7776531487825196,2.0803023323181553,0
2026-03-16 23:25:00+00:00,device-02,46.4150565261239,0.8429619684245337,2.0532856443523384,0
2026-03-16 23:30:00+00:00,device-02,47.44877306215293,0.9191983005089497,2.1052279036402055,0
2026-03-16 23:35:00+00:00,device-02,47.519766626894786,0.8200061522757208,2.0309139071950164,0
2026-03-16 23:40:00+00:00,device-02,47.045105355886456,0.9332500618152785,2.0367067794337235,0
2026-03-16 23:45:00+00:00,device-02,47.168084591675296,0.8365262382626808,2.1656005996494843,0
2026-03-16 23:50:00+00:00,device-02,48.019595121355444,0.9029379896964026,2.054715175884149,0
2026-03-16 23:55:00+00:00,device-02,47.72454063282903,0.8534632425877862,2.215510406710094,0
2026-03-17 00:00:00+00:00,device-02,46.125793564124926,0.878070750182266,2.0235128531954802,0
2026-03-17 00:05:00+00:00,device-02,47.08948697640059,0.9097991149649269,2.1335575908951587,0
2026-03-17 00:10:00+00:00,device-02,47.15924226139596,0.8967749992187578,2.0379840894931665,0
2026-03-17 00:15:00+00:00,device-02,47.579088970613924,0.883896332276945,2.117557155479741,0
2026-03-17 00:20:00+00:00,device-02,46.90820893642723,1.0115754882600765,2.0449717346700407,0
2026-03-17 00:25:00+00:00,device-02,46.60236951770351,0.9053068144073044,2.1087860950301742,0
2026-03-17 00:30:00+00:00,device-02,46.72306662918752,0.857356377304977,2.096665571661089,0
2026-03-17 00:35:00+00:00,device-02,45.78872742106016,0.9532116426225928,2.0787051171767477,0
2026-03-17 00:40:00+00:00,device-02,47.00516558299929,0.9488483624270636,2.135529513831816,0
2026-03-17 00:45:00+00:00,device-02,46.59511846242462,0.9699515865986464,2.1943612744418695,0
2026-03-17 00:50:00+00:00,device-02,47.32904639045237,0.9991647400928472,2.0691389312263455,0
2026-03-17 00:55:00+00:00,device-02,46.2738241569888,0.8638377270801181,2.1564073510429767,0
2026-03-17 01:00:00+00:00,device-02,46.67673091894563,0.9647895527543112,2.108450542899688,0
2026-03-17 01:05:00+00:00,device-02,46.28664456808628,0.9698084893954995,2.1012096029747283,0
2026-03-17 01:10:00+00:00,device-02,46.21517201249516,0.9138678536286723,2.2328829594410458,0
2026-03-17 01:15:00+00:00,device-02,47.44089390708456,0.9271349319161915,1.973146127303451,0
2026-03-17 01:20:00+00:00,device-02,46.615377595444095,0.7657706696880718,2.061249706314438,0
2026-03-17 01:25:00+00:00,device-02,47.241598436851916,0.8882511939582446,1.9936771679269214,0
2026-03-17 01:30:00+00:00,device-02,46.137051105141225,1.0073914914705933,2.082206894670789,0
2026-03-17 01:35:00+00:00,device-02,46.97831842917531,0.8297014488817981,2.086782172930032,0
2026-03-17 01:40:00+00:00,device-02,45.717933708110856,0.8933150199260512,2.3264444733205045,0
2026-03-17 01:45:00+00:00,device-02,46.55535075753341,0.9355580420347208,2.1201081450013315,0
2026-03-17 01:50:00+00:00,device-02,46.528173061427815,0.9510064492951288,2.205783224331543,0
2026-03-17 01:55:00+00:00,device-02,47.27773437307821,1.0048778452683524,2.175804639415892,0
2026-03-17 02:00:00+00:00,device-02,46.985835778142906,0.8362373337173621,2.0720133696577436,0
2026-03-17 02:05:00+00:00,device-02,46.72740144782322,0.927599872495943,2.126222754148145,0
2026-03-17 02:10:00+00:00,device-02,47.426179952070925,0.9695333812775138,2.1964978130076562,0
2026-03-17 02:15:00+00:00,device-02,46.96391282656003,0.8619606855574318,2.1071428791142224,0
2026-03-17 02:20:00+00:00,device-02,47.196594211297956,0.9267570267563909,2.1088080622438934,0
2026-03-17 02:25:00+00:00,device-02,47.34681829267698,1.0240846184383652,2.12582389192152,0
2026-03-17 02:30:00+00:00,device-02,46.754330453885736,0.9967783444953459,2.006067141298164,0
2026-03-17 02:35:00+00:00,device-02,46.58572393897447,0.9590409484567111,2.0467439996284638,0
2026-03-17 02:40:00+00:00,device-02,47.010243874527454,0.8024797378723876,2.114571716535877,0
2026-03-17 02:45:00+00:00,device-02,46.480190232642485,0.9277894311602343,2.126532268967436,0
2026-03-17 02:50:00+00:00,device-02,47.03333733104963,0.9547541322779474,2.0390234583724385,0
2026-03-17 02:55:00+00:00,device-02,47.52753937851538,0.9211408106405775,2.073945846917716,0
2026-03-17 03:00:00+00:00,device-02,47.34066347792733,0.9344284473587617,2.0853933713214476,0
2026-03-17 03:05:00+00:00,device-02,46.466910970185374,1.0930117787076745,2.083220445427013,0
2026-03-17 03:10:00+00:00,device-02,45.82575051933132,0.9292616130031022,2.132968479307708,0
2026-03-17 03:15:00+00:00,device-02,46.675722833288056,0.892652153112522,2.097593805940257,0
2026-03-17 03:20:00+00:00,device-02,46.61750088772828,0.9544297364189436,2.100653745165099,0
2026-03-17 03:25:00+00:00,device-02,47.46902360143717,0.9276594300672812,2.0061839523415728,0
2026-03-17 03:30:00+00:00,device-02,46.41903138796333,0.9291163546546428,2.0271862695361103,0
2026-03-17 03:35:00+00:00,device-02,46.53114142011069,0.9414133539139978,2.1084638027244957,0
2026-03-17 03:40:00+00:00,device-02,47.18187133857934,0.9856386271208046,1.994035735628211,0
2026-03-17 03:45:00+00:00,device-02,46.32500041360449,0.9599838251604418,2.10438769529392,0
2026-03-17 03:50:00+00:00,device-02,46.5380844548813,0.8892119776159064,2.048549695573445,0
2026-03-17 03:55:00+00:00,device-02,47.837932765582046,0.9438280086985894,2.0390584082521577,0
2026-03-17 04:00:00+00:00,device-02,47.67206789702152,0.9753682174908234,2.1253918089341384,0
2026-03-17 04:05:00+00:00,device-02,47.0618322350966,0.9294454663728797,2.0461076515455217,0
2026-03-17 04:10:00+00:00,device-02,46.80036418712173,1.011468135493691,2.034806495713222,0
2026-03-17 04:15:00+00:00,device-02,45.926605566089286,0.9940697587294179,2.045173325083253,0
2026-03-17 04:20:00+00:00,device-02,46.984748195630516,0.9068704520491071,2.0882692419630557,0
2026-03-17 04:25:00+00:00,device-02,46.626111655534395,0.9735971227643598,2.247847330226603,0
2026-03-17 04:30:00+00:00,device-02,46.7307670765994,1.0579976664123696,1.9576953147337677,0
2026-03-17 04:35:00+00:00,device-02,46.20536634681718,1.0380224315321607,2.0821356345341386,0
2026-03-17 04:40:00+00:00,device-02,46.55027484487136,0.9584068409655176,2.0684013422100502,0
2026-03-17 04:45:00+00:00,device-02,46.42101775432834,1.007310872745729,2.1389324608657927,0
2026-03-17 04:50:00+00:00,device-02,46.761278523615175,0.9299495848823504,2.0596870830858824,0
2026-03-17 04:55:00+00:00,device-02,47.52960011674528,0.8924538691032063,1.9340924119723333,0
2026-03-17 05:00:00+00:00,device-02,46.77573233952097,0.993791143869837,2.1596255907540858,0
2026-03-17 05:05:00+00:00,device-02,45.35591470410977,0.9796218217605687,2.01521990371588,0
2026-03-17 05:10:00+00:00,device-02,45.82759495369838,0.994224566357736,2.0760438217945594,0
2026-03-17 05:15:00+00:00,device-02,45.39014141112573,0.9685063243450094,1.9975971739058418,0
2026-03-17 05:20:00+00:00,device-02,45.933617796337884,0.9872662417974145,2.013324451421298,0
2026-03-17 05:25:00+00:00,device-02,46.86962259999283,0.9465502960816254,2.0484507296242036,0
2026-03-17 05:30:00+00:00,device-02,46.75046266026941,0.9970892687906299,2.12857727016106,0
2026-03-17 05:35:00+00:00,device-02,46.04317892886172,1.0163125381577702,2.127178854116741,0
2026-03-17 05:40:00+00:00,device-02,46.63916763024142,0.9729719375251743,2.0407958169974627,0
2026-03-17 05:45:00+00:00,device-02,45.91555397416258,1.0178353274860201,2.1057994209054924,0
2026-03-17 05:50:00+00:00,device-02,45.443346520625056,0.8898181058033702,2.053154814552711,0
2026-03-17 05:55:00+00:00,device-02,45.444781236180255,0.940292754474431,2.0814894838274323,0
2026-03-17 06:00:00+00:00,device-02,45.818423259846504,1.0530697403975746,2.083486751068869,0
2026-03-17 06:05:00+00:00,device-02,47.40231456339184,1.0701691547955352,2.1106827208120964,0
2026-03-17 06:10:00+00:00,device-02,45.464672699222305,0.9958580233991076,2.0365157921073145,0
2026-03-17 06:15:00+00:00,device-02,47.26130886283692,0.9794043109018302,2.064768601375538,0
2026-03-17 06:20:00+00:00,device-02,47.31179053837391,0.9224187296718208,2.0850807740695267,0
2026-03-17 06:25:00+00:00,device-02,46.24847399344031,1.0052416991647546,2.0769317087749886,0
2026-03-17 06:30:00+00:00,device-02,46.33286223296003,1.0272316440613602,2.02348721233981,0
2026-03-17 06:35:00+00:00,device-02,45.93036430138396,0.9154678927136375,2.17309317049899,0
2026-03-17 06:40:00+00:00,device-02,46.332893695626375,1.0187506230812073,2.042433905327348,0
2026-03-17 06:45:00+00:00,device-02,46.80153337438713,1.0165880300913879,2.1145125861580927,0
2026-03-17 06:50:00+00:00,device-02,46.33958338181167,1.0153474886851113,2.0809697090860375,0
2026-03-17 06:55:00+00:00,device-02,47.021363863483984,0.9381779226363905,2.141086730282793,0
2026-03-17 07:00:00+00:00,device-02,47.145363529711545,1.0228968243920493,1.9375312192938063,0
2026-03-17 07:05:00+00:00,device-02,46.54808618672057,0.9221582873999911,2.189437701625874,0
2026-03-17 07:10:00+00:00,device-02,46.528414559070335,1.0727360174227587,2.0539164776545986,0
2026-03-17 07:15:00+00:00,device-02,46.24867037931035,1.006316406851704,1.9926537387723962,0
2026-03-17 07:20:00+00:00,device-02,46.525358471778745,0.9426256823975869,2.0732162526814975,0
2026-03-17 07:25:00+00:00,device-02,45.49682584261311,1.0693185638028142,2.1995291113336743,0
2026-03-17 07:30:00+00:00,device-02,46.55042732219694,1.0610106145584117,2.094565880839253,0
2026-03-17 07:35:00+00:00,device-02,46.40247376666706,0.9720391278342209,1.99044843115918,0
2026-03-17 07:40:00+00:00,device-02,45.64867998054079,1.1160161997792273,2.0357122745577265,0
2026-03-17 07:45:00+00:00,device-02,47.746375184041185,0.9568537498308809,2.1423616529002003,0
2026-03-17 07:50:00+00:00,device-02,45.55609349116389,1.0239812468326976,1.9785000553017444,0
2026-03-17 07:55:00+00:00,device-02,45.62010730560422,1.0686809734911098,2.0508849189807172,0
2026-03-17 08:00:00+00:00,device-02,46.41364406932384,0.8972736452034271,2.043523271858951,0
2026-03-17 08:05:00+00:00,device-02,44.85790204300305,1.0621277941634277,2.1897076585013804,0
2026-03-17 08:10:00+00:00,device-02,45.650468151247594,1.0100652999169424,2.0425555700043967,0
2026-03-17 08:15:00+00:00,device-02,45.13043818479145,1.013761856129377,2.1377096125118706,0
2026-03-17 08:20:00+00:00,device-02,45.51252187294128,0.9619483774205712,2.018442015834757,0
2026-03-17 08:25:00+00:00,device-02,46.087194257227914,1.0336112036015095,2.0103736993696355,0
2026-03-17 08:30:00+00:00,device-02,46.39526890966623,0.9627881231665194,2.1175754575369283,0
2026-03-17 08:35:00+00:00,device-02,46.93556111035353,0.9710953921780078,2.094262136020468,0
2026-03-17 08:40:00+00:00,device-02,46.71988284591582,0.9983712616595962,1.953558063806685,0
2026-03-17 08:45:00+00:00,device-02,46.97667329315005,0.9606298233805718,2.0941505478178395,0
2026-03-17 08:50:00+00:00,device-02,46.552543325280105,1.1018696993991082,2.0937676763859256,0
2026-03-17 08:55:00+00:00,device-02,45.806611833325945,0.9580323325306578,2.0182851355473552,0
2026-03-17 09:00:00+00:00,device-02,46.905554103598966,0.987963150798193,2.0674268501377058,0
2026-03-17 09:05:00+00:00,device-02,45.77766640907012,1.0111151951628496,2.069771929006735,0
2026-03-17 09:10:00+00:00,device-02,45.68213414598752,1.0283415973577352,2.0241759834290334,0
2026-03-17 09:15:00+00:00,device-02,47.172482642650344,1.0690074351746048,2.0177157697417196,0
2026-03-17 09:20:00+00:00,device-02,46.64714416061854,1.0715317743592379,2.0119998444003944,0
2026-03-17 09:25:00+00:00,device-02,46.24234339837279,1.0166973104494157,2.0352294508099344,0
2026-03-17 09:30:00+00:00,device-02,46.607405165569794,1.0138577290437403,1.9716150943016038,0
2026-03-17 09:35:00+00:00,device-02,46.68859138501089,1.0360323272108893,2.047714144811562,0
2026-03-17 09:40:00+00:00,device-02,45.11464756785209,1.0765991555464218,1.9605860915950941,0
2026-03-17 09:45:00+00:00,device-02,45.994277783785776,1.0715859234877687,2.0535424403640175,0
2026-03-17 09:50:00+00:00,device-02,45.22844712770412,1.012105127270958,2.0434523281257055,0
2026-03-17 09:55:00+00:00,device-02,46.13097698259728,0.9361724091517193,1.9861972777651027,0
2026-03-17 10:00:00+00:00,device-02,45.56937935829016,1.1474915177320677,2.0981214848639373,0
2026-03-17 10:05:00+00:00,device-02,46.98122859730934,1.0891141907429915,2.162123356112739,0
2026-03-17 10:10:00+00:00,device-02,46.38693803999692,1.0559087947668178,2.125100035331371,0
2026-03-17 10:15:00+00:00,device-02,45.449797371973865,1.0609628580538915,1.9641668869449143,0
2026-03-17 10:20:00+00:00,device-02,45.997512640772094,1.0190557069835546,2.1208402265226876,0
2026-03-17 10:25:00+00:00,device-02,45.15645476359716,0.9962739377025199,2.057407089199155,0
2026-03-17 10:30:00+00:00,device-02,46.02500758571892,1.0308910740187953,2.040647665163682,0
2026-03-17 10:35:00+00:00,device-02,46.37236884478598,1.037576711314369,2.0077253660216523,0
2026-03-17 10:40:00+00:00,device-02,46.167004583494695,1.0186191702618232,2.0422004682399137,0
2026-03-17 10:45:00+00:00,device-02,44.626688613492746,0.978202127169618,2.1247276329295794,0
2026-03-17 10:50:00+00:00,device-02,45.7348945498395,1.0366054960295805,2.0738378775715804,0
2026-03-17 10:55:00+00:00,device-02,46.31843324219189,1.0822330918889156,2.0161596157767825,0
2026-03-17 11:00:00+00:00,device-02,46.16990964401277,1.0298276519789176,2.0003306024654215,0
2026-03-17 11:05:00+00:00,device-02,46.76001360229032,1.0568343680340333,2.0148433172268136,0
2026-03-17 11:10:00+00:00,device-02,45.04361533665997,0.953358680761508,2.073961450286914,0
2026-03-17 11:15:00+00:00,device-02,46.30236951178012,1.0476695831570966,2.1495852265502453,0
2026-03-17 11:20:00+00:00,device-02,45.47425591464863,1.0531044337883995,1.9748521810003996,0
2026-03-17 11:25:00+00:00,device-02,46.05951224899307,0.9990452968461938,2.037114547763633,0
2026-03-17 11:30:00+00:00,device-02,46.20033145830911,0.9750162266602704,2.0137030499327655,0
2026-03-17 11:35:00+00:00,device-02,46.39069290233702,1.0832232599488143,1.9912024484319741,0
2026-03-17 11:40:00+00:00,device-02,45.50022679942313,1.023283862130003,2.0591252806151745,0
2026-03-17 11:45:00+00:00,device-02,46.02686370494644,1.0893148802237784,2.0676442999759326,0
2026-03-17 11:50:00+00:00,device-02,45.07391234353567,1.0450118682806955,1.9498530622630073,0
2026-03-17 11:55:00+00:00,device-02,44.898064813484574,1.0983036483312214,1.971976267751012,0
2026-03-17 12:00:00+00:00,device-02,46.267299387280275,1.0513198566805095,2.1041149347941577,0
2026-03-17 12:05:00+00:00,device-02,45.834573839884904,0.9940403184296625,2.0512938151105664,0
2026-03-17 12:10:00+00:00,device-02,44.733845264624996,1.0661547225861028,2.062850925686351,0
2026-03-17 12:15:00+00:00,device-02,45.265614499195046,1.0551667163718144,2.0013686814616842,0
2026-03-17 12:20:00+00:00,device-02,45.86761709751879,1.105545416222157,2.0079635736981953,0
2026-03-17 12:25:00+00:00,device-02,46.93643116493867,1.0512391713614442,2.0572742896835567,0
2026-03-17 12:30:00+00:00,device-02,46.57342076845739,1.0552018731509363,1.9998020666843306,0
2026-03-17 12:35:00+00:00,device-02,46.39489942206049,1.1189308448571145,1.9627536084058812,0
2026-03-17 12:40:00+00:00,device-02,44.58133173569949,1.135328696304887,2.028166930563942,0
2026-03-17 12:45:00+00:00,device-02,45.75663075241669,1.1160562326171457,2.0813720192292102,0
2026-03-17 12:50:00+00:00,device-02,46.152735814747395,1.1310389782078798,1.9656440526833439,0
2026-03-17 12:55:00+00:00,device-02,46.08870915705772,1.1029197288808468,2.0891723462015928,0
2026-03-17 13:00:00+00:00,device-02,46.09852914656556,1.1197814679906442,2.067429469117701,0
2026-03-17 13:05:00+00:00,device-02,45.63862449458994,1.1262252205938272,1.973775093515282,0
2026-03-17 13:10:00+00:00,device-02,47.02620610112452,1.1035434502564805,2.0249081872998573,0
2026-03-17 13:15:00+00:00,device-02,46.82367236423895,1.0875392791643308,2.021368684672831,0
2026-03-17 13:20:00+00:00,device-02,45.71949569545997,1.0925317224924866,2.0609052556610834,0
2026-03-17 13:25:00+00:00,device-02,45.09406226884822,1.2066919487700973,2.062232146017013,0
2026-03-17 13:30:00+00:00,device-02,47.21127857790202,1.08815257522371,1.9445774506214317,0
2026-03-17 13:35:00+00:00,device-02,45.382140289860985,1.076641537058527,1.9412679469157366,0
2026-03-17 13:40:00+00:00,device-02,46.600918823951346,1.0712760779267947,2.081936538890636,0
2026-03-17 13:45:00+00:00,device-02,47.09422448696393,1.0888227219615867,2.026863463093874,0
2026-03-17 13:50:00+00:00,device-02,45.092763287742336,1.1036949854499485,2.044311626008328,0
2026-03-17 13:55:00+00:00,device-02,45.95102849358096,1.0359162461208025,2.0387378015033852,0
2026-03-17 14:00:00+00:00,device-02,45.49930101943732,0.9944261755634995,2.1092765458444354,0
2026-03-17 14:05:00+00:00,device-02,46.09773480496993,1.109192398480171,1.9459463108185648,0
2026-03-17 14:10:00+00:00,device-02,45.956560176472806,1.0150959614320176,2.0817496168875955,0
2026-03-17 14:15:00+00:00,device-02,47.08883909268868,1.1092966501049244,1.9677654372979942,0
2026-03-17 14:20:00+00:00,device-02,46.13532728045711,1.1043471148267447,2.0589931624233984,0
2026-03-17 14:25:00+00:00,device-02,45.71126918059626,1.1559100674675102,2.0947840204090156,0
2026-03-17 14:30:00+00:00,device-02,46.50039415443307,1.1827163577541884,1.9323894449611807,0
2026-03-17 14:35:00+00:00,device-02,45.517295562089316,1.1185250122333934,2.0378122028334897,0
2026-03-17 14:40:00+00:00,device-02,45.44713917826514,1.073372107537499,1.9967871627013167,0
2026-03-17 14:45:00+00:00,device-02,47.264648858054485,1.0432507639226152,1.9953731720672359,0
2026-03-17 14:50:00+00:00,device-02,45.11870403549623,1.0633156848790486,2.014522845405876,0
2026-03-17 14:55:00+00:00,device-02,45.34641765490078,1.105809530526552,1.9489206088678426,0
2026-03-17 15:00:00+00:00,device-02,45.71472972337848,1.0012422515427941,1.9535227928908614,0
2026-03-17 15:05:00+00:00,device-02,44.939646781225846,1.1093644744733058,2.0491259463339455,0
2026-03-17 15:10:00+00:00,device-02,44.198629911104696,1.1058841627352165,2.0596214316148487,0
2026-03-17 15:15:00+00:00,device-02,46.40911757196486,1.1395865600312929,1.975126761209513,0
2026-03-17 15:20:00+00:00,device-02,45.11658168107109,1.0915034430352881,1.9218167581259125,0
2026-03-17 15:25:00+00:00,device-02,45.282608302344805,1.1141990762127183,2.1449826332498807,0
2026-03-17 15:30:00+00:00,device-02,45.396381355975294,1.0731448917635158,2.0721392074425746,0
2026-03-17 15:35:00+00:00,device-02,44.965675515589105,1.0875971282213641,2.0276102383103454,0
2026-03-17 15:40:00+00:00,device-02,44.89661111933902,1.0229763481870575,1.9445329918037426,0
2026-03-17 15:45:00+00:00,device-02,45.7566827265155,1.1186517321541087,1.970445735528835,0
2026-03-17 15:50:00+00:00,device-02,47.318262878644724,1.1907306422099175,2.0187426272144537,0
2026-03-17 15:55:00+00:00,device-02,46.15124944878433,1.1222413327351866,1.9467714667669662,0
2026-03-17 16:00:00+00:00,device-02,46.154483887400694,1.1332093797677216,2.0981035498889398,0
2026-03-17 16:05:00+00:00,device-02,44.5738768500468,1.0666361153253403,2.0105395685438245,0
2026-03-17 16:10:00+00:00,device-02,45.60673112328886,1.1880743452575488,2.025075968127489,0
2026-03-17 16:15:00+00:00,device-02,44.79136859526685,1.0789428803959116,1.9401555557483867,0
2026-03-17 16:20:00+00:00,device-02,46.15624527042607,1.1581579394948651,1.946724889716657,0
2026-03-17 16:25:00+00:00,device-02,45.45224665862393,1.1242035199558171,1.9531445112497896,0
2026-03-17 16:30:00+00:00,device-02,45.63477507186297,1.0716404490966311,2.0155842033794436,0
2026-03-17 16:35:00+00:00,device-02,45.54230849219073,1.1717060061979336,1.9828469008807914,0
2026-03-17 16:40:00+00:00,device-02,45.19206538516651,1.1218584569708343,1.9808126805266955,0
2026-03-17 16:45:00+00:00,device-02,44.53189791550263,1.130759725275779,2.015942635525967,0
2026-03-17 16:50:00+00:00,device-02,45.9989396285178,1.1451563078304503,2.0099663879924594,0
2026-03-17 16:55:00+00:00,device-02,44.62154070502846,1.122191078975511,2.0837952563231914,0
2026-03-17 17:00:00+00:00,device-02,44.75960342448583,1.1050392893889098,1.9836867706794235,0
2026-03-17 17:05:00+00:00,device-02,45.37423674412913,1.1479835668105511,1.9347534000437492,0
2026-03-17 17:10:00+00:00,device-02,45.0848676032545,1.105128322854783,1.993346899744219,0
2026-03-17 17:15:00+00:00,device-02,45.75891744077197,1.1293163048352057,2.0799585428229705,0
2026-03-17 17:20:00+00:00,device-02,46.27968808922809,1.0933382949938666,1.9600016256627666,0
2026-03-17 17:25:00+00:00,device-02,45.7432690148338,1.0528827176350062,1.9949799902588872,0
2026-03-17 17:30:00+00:00,device-02,45.70377934090764,1.0943848935631826,1.9703013647797438,0
2026-03-17 17:35:00+00:00,device-02,45.57892019174903,1.1039336747351505,2.0147312356073317,0
2026-03-17 17:40:00+00:00,device-02,46.16005981117533,1.130069380701693,2.005330110361546,0
2026-03-17 17:45:00+00:00,device-02,44.26424080327442,1.1891783212253861,1.9415841660143898,0
2026-03-17 17:50:00+00:00,device-02,45.81025309475903,1.0461049557821755,1.9753651849537932,0
2026-03-17 17:55:00+00:00,device-02,44.897259011132064,1.1376193096235807,2.04381449097301,0
2026-03-17 18:00:00+00:00,device-02,44.684228612896845,1.0211952868902405,2.052237949557538,0
2026-03-17 18:05:00+00:00,device-02,45.547727498547,1.0800912475661828,2.0413899012839223,0
2026-03-17 18:10:00+00:00,device-02,45.27036333321417,1.1076147078375767,2.0371895009294905,0
2026-03-17 18:15:00+00:00,device-02,45.946935633829874,1.0208888265128175,1.9659300924860492,0
2026-03-17 18:20:00+00:00,device-02,46.30639438510661,1.0412215021858315,1.9634560432969135,0
2026-03-17 18:25:00+00:00,device-02,43.90517966658498,1.1423653815988468,2.0391455143398076,0
2026-03-17 18:30:00+00:00,device-02,45.479822595080904,1.1390976011168767,1.914438000439348,0
2026-03-17 18:35:00+00:00,device-02,46.89866977452719,1.130057190213173,1.979565133030465,0
2026-03-17 18:40:00+00:00,device-02,46.13254908421264,1.0960879498044676,1.8727498429085108,0
2026-03-17 18:45:00+00:00,device-02,46.535178609299535,1.2445107401467226,1.9592831510598339,0
2026-03-17 18:50:00+00:00,device-02,45.59147476651416,1.1292384457130893,1.9393540754008223,0
2026-03-17 18:55:00+00:00,device-02,44.5130806663387,1.0946942216793283,1.9092663323960675,0
2026-03-17 19:00:00+00:00,device-02,44.72793082374207,1.2222090997883348,2.013881495436111,0
2026-03-17 19:05:00+00:00,device-02,46.011258023550226,1.1694844442713144,1.935661424639328,0
2026-03-17 19:10:00+00:00,device-02,46.18198448432898,1.120692072230982,1.9567204629350838,0
2026-03-17 19:15:00+00:00,device-02,44.9964707504089,1.1993337097103494,1.9625343471911243,0
2026-03-17 19:20:00+00:00,device-02,45.31853840768631,1.147983655070184,1.9336580185823355,0
2026-03-17 19:25:00+00:00,device-02,45.68728252141276,1.1727481297841411,2.0602805428192914,0
2026-03-17 19:30:00+00:00,device-02,44.27700073022528,1.1527627017263593,1.946631220020952,0
2026-03-17 19:35:00+00:00,device-02,45.25506411061117,1.0900226132833584,1.9867075589391117,0
2026-03-17 19:40:00+00:00,device-02,46.63081576312339,1.1904156705608269,1.8974332108470475,0
2026-03-17 19:45:00+00:00,device-02,47.02606151095137,1.1502800362908423,1.945881034048228,0
2026-03-17 19:50:00+00:00,device-02,45.41847876713832,1.092179281018983,1.954050511356898,0
2026-03-17 19:55:00+00:00,device-02,46.77449595762298,1.1048847016599885,1.9543688761436482,0
2026-03-17 20:00:00+00:00,device-02,45.12309437685631,1.1911701562355244,2.647004621250041,1
2026-03-17 20:05:00+00:00,device-02,44.921686590043805,1.1252960274515234,2.68923345110817,1
2026-03-17 20:10:00+00:00,device-02,43.92041830406874,1.146438113651478,2.7719971118330973,1
2026-03-17 20:15:00+00:00,device-02,46.155403435286225,1.177184949061004,2.6716508051253243,1
2026-03-17 20:20:00+00:00,device-02,45.2221078871855,1.1512069039788184,2.6706011386422017,1
2026-03-17 20:25:00+00:00,device-02,47.12028513482584,1.0687819014380395,2.655140959712713,1
2026-03-17 20:30:00+00:00,device-02,45.713085314036526,1.1772943715496267,2.8269418600788603,1
2026-03-17 20:35:00+00:00,device-02,45.611569816113175,1.1926445303087938,2.7718983471610805,1
2026-03-17 20:40:00+00:00,device-02,44.21393537953433,1.1893491229348694,2.708985836768225,1
2026-03-17 20:45:00+00:00,device-02,46.52707369826355,1.2271388838433817,2.717006759102852,1
2026-03-17 20:50:00+00:00,device-02,45.221759829746375,1.1647833685918874,2.633007196817135,1
2026-03-17 20:55:00+00:00,device-02,45.36181500079639,1.185682085318323,2.6651773431578767,1
2026-03-17 21:00:00+00:00,device-02,43.92889699264425,1.226545977078232,1.9762822582202222,0
2026-03-17 21:05:00+00:00,device-02,46.120748498359774,1.132785135755933,1.9702566401157584,0
2026-03-17 21:10:00+00:00,device-02,46.163422089007305,1.2343705001630256,1.9121092196195009,0
2026-03-17 21:15:00+00:00,device-02,45.04621163454595,1.234504051677556,1.915970956536371,0
2026-03-17 21:20:00+00:00,device-02,45.53448353826342,1.1871359157977566,1.9915942952026087,0
2026-03-17 21:25:00+00:00,device-02,45.74336216093802,1.240165211391874,1.9789705148819354,0
2026-03-17 21:30:00+00:00,device-02,46.14184303051888,1.1909668849709731,1.835808294939574,0
2026-03-17 21:35:00+00:00,device-02,45.54017137045894,1.1045135458158246,1.9646813756209511,0
2026-03-17 21:40:00+00:00,device-02,46.67221617262249,1.2055866058664453,2.0334410020507647,0
2026-03-17 21:45:00+00:00,device-02,45.295916173456305,1.1651951518090438,1.9199352647856829,0
2026-03-17 21:50:00+00:00,device-02,45.04054530312888,1.1696969600077969,1.9713992890946936,0
2026-03-17 21:55:00+00:00,device-02,45.13767881479491,1.1568905054386451,1.8709695795012067,0
2026-03-17 22:00:00+00:00,device-02,43.68748841222872,1.2172675243829982,2.004941172473668,0
2026-03-17 22:05:00+00:00,device-02,44.89858264940686,1.1770221856672942,1.8896527946258457,0
2026-03-17 22:10:00+00:00,device-02,46.167878815714744,1.1147201374814701,1.8809354713601867,0
2026-03-17 22:15:00+00:00,device-02,45.64807182808718,1.1738966829225275,1.9352863383237306,0
2026-03-17 22:20:00+00:00,device-02,44.88929995817858,1.1861548052783286,2.0927681558649143,0
2026-03-17 22:25:00+00:00,device-02,45.70705583448856,1.113487185828822,1.9166622426295399,0
2026-03-17 22:30:00+00:00,device-02,44.04902217718847,1.1281176299976041,1.8776652673153558,0
2026-03-17 22:35:00+00:00,device-02,45.26254810708618,1.1307321765706584,1.9784541401300846,0
2026-03-17 22:40:00+00:00,device-02,45.82928989824356,1.1195621710372263,1.9641055053078136,0
2026-03-17 22:45:00+00:00,device-02,45.95035619590225,1.1674018073771506,2.0475188598318894,0
2026-03-17 22:50:00+00:00,device-02,44.91949411785731,1.2008723479257344,1.874650472263613,0
2026-03-17 22:55:00+00:00,device-02,46.10076468545141,1.244615950972648,1.854836286002214,0
2026-03-17 23:00:00+00:00,device-02,46.77060447138138,1.2097338438047487,1.9294062444650648,0
2026-03-17 23:05:00+00:00,device-02,45.16318977696009,1.2010953439322851,1.9695695217118763,0
2026-03-17 23:10:00+00:00,device-02,45.980830170925564,1.207132179558535,1.9676460857175386,0
2026-03-17 23:15:00+00:00,device-02,44.37207373175796,1.2167071711759931,2.0097898434276003,0
2026-03-17 23:20:00+00:00,device-02,44.08917167566442,1.1310676774645672,1.8574123899846633,0
2026-03-17 23:25:00+00:00,device-02,45.89186316491947,1.1845332718891814,1.8960985157866983,0
2026-03-17 23:30:00+00:00,device-02,45.4936230705712,1.1659042628019718,1.9362264653163093,0
2026-03-17 23:35:00+00:00,device-02,45.603854770848415,1.1432541475671747,1.9927005805812854,0
2026-03-17 23:40:00+00:00,device-02,45.05632746482265,1.1268925255514066,1.9706424788279917,0
2026-03-17 23:45:00+00:00,device-02,45.25941132181077,1.1242843737056838,1.9171745053793243,0
2026-03-17 23:50:00+00:00,device-02,46.033335058425344,1.1360465375616087,1.8812488588546419,0
2026-03-17 23:55:00+00:00,device-02,46.66919157655893,1.0875949118760777,1.992560960759894,0
2026-03-18 00:00:00+00:00,device-02,45.31542992273632,1.1752960520082374,1.9958454748515542,0
2026-03-18 00:05:00+00:00,device-02,44.312171092487304,1.147982807703862,2.098934781387654,0
2026-03-18 00:10:00+00:00,device-02,46.36086401335835,1.15423452280579,1.9281965144627375,0
2026-03-18 00:15:00+00:00,device-02,45.89139068574755,1.1657137017927761,2.033508368546092,0
2026-03-18 00:20:00+00:00,device-02,45.94783158757698,1.1848608346045095,1.8661777282266685,0
2026-03-18 00:25:00+00:00,device-02,45.598798086857954,1.118852157500583,1.9046905945197032,0
2026-03-18 00:30:00+00:00,device-02,47.09894288577739,1.142941043657447,1.8961770598074268,0
2026-03-18 00:35:00+00:00,device-02,45.52619055251483,1.0676342493992033,1.908069461234918,0
2026-03-18 00:40:00+00:00,device-02,45.83438817371061,1.0368607293010277,1.8831505979004701,0
2026-03-18 00:45:00+00:00,device-02,44.17767208353476,1.0506129548917502,1.902048569411647,0
2026-03-18 00:50:00+00:00,device-02,45.071011034927054,1.2242523780329948,1.9301379439108584,0
2026-03-18 00:55:00+00:00,device-02,44.99669282001111,1.0558558911166678,1.906215639034256,0
2026-03-18 01:00:00+00:00,device-02,45.4579639813598,1.1705378144676373,1.970831124511434,0
2026-03-18 01:05:00+00:00,device-02,45.72394410944127,1.2205320153560693,1.926432824369378,0
2026-03-18 01:10:00+00:00,device-02,44.956574695049795,1.123515345033404,1.9305974107092185,0
2026-03-18 01:15:00+00:00,device-02,46.69501040317187,1.227616356595333,2.0166732979535866,0
2026-03-18 01:20:00+00:00,device-02,44.738082601251534,1.2382026668802102,1.947888653363695,0
2026-03-18 01:25:00+00:00,device-02,45.170117041831304,1.1928081025426374,1.9377968002607282,0
2026-03-18 01:30:00+00:00,device-02,45.653997912091015,1.2638636146746627,1.9269109026225835,0
2026-03-18 01:35:00+00:00,device-02,44.61254110929966,1.1760520758169597,1.9310565126721695,0
2026-03-18 01:40:00+00:00,device-02,45.889871818023366,1.1081636496077472,1.9604241786119385,0
2026-03-18 01:45:00+00:00,device-02,45.93508537567003,1.1704545795125982,1.8789039745840297,0
2026-03-18 01:50:00+00:00,device-02,45.28872348849355,1.1218654579481295,1.9927035410609228,0
2026-03-18 01:55:00+00:00,device-02,46.832355646176374,1.0785477431726902,2.0171178573415984,0
2026-03-18 02:00:00+00:00,device-02,45.55433808120483,1.0795579006768445,2.639518644251966,1
2026-03-18 02:05:00+00:00,device-02,45.69579022173732,1.2586030071150487,2.54213387258581,1
2026-03-18 02:10:00+00:00,device-02,44.82824356274518,1.1156016295559064,2.476745095450162,1
2026-03-18 02:15:00+00:00,device-02,44.32994348931277,1.1410946394717176,2.544033195040098,1
2026-03-18 02:20:00+00:00,device-02,45.062693041034095,1.1087546344100465,2.578095009442211,1
2026-03-18 02:25:00+00:00,device-02,45.28152737927139,1.1484447301275962,2.6170733458338926,1
2026-03-18 02:30:00+00:00,device-02,45.18982852890898,1.1292424218472918,2.55701399097638,1
2026-03-18 02:35:00+00:00,device-02,46.049392452732974,1.1202637342956718,2.549242600138316,1
2026-03-18 02:40:00+00:00,device-02,43.84160423498486,1.0797864938302826,2.655819602848773,1
2026-03-18 02:45:00+00:00,device-02,44.72109459303347,1.0692880751373393,2.526385936643641,1
2026-03-18 02:50:00+00:00,device-02,44.23843530355243,1.1023012592057548,1.9801100502551259,0
2026-03-18 02:55:00+00:00,device-02,46.45973587365664,1.1536925943274408,1.9700104588148228,0
2026-03-18 03:00:00+00:00,device-02,45.12656856115017,1.2424257415815112,1.837987526997388,0
2026-03-18 03:05:00+00:00,device-02,45.16417274527162,1.1908016236214864,1.931857090303233,0
2026-03-18 03:10:00+00:00,device-02,44.7555640548103,1.2288258730031631,1.8820893997602057,0
2026-03-18 03:15:00+00:00,device-02,46.159865567489945,1.1614435226643478,1.8584339612650032,0
2026-03-18 03:20:00+00:00,device-02,45.24402179518659,1.1323333003467861,1.804768625248373,0
2026-03-18 03:25:00+00:00,device-02,45.69059781093623,1.069932895574264,1.8207722121599619,0
2026-03-18 03:30:00+00:00,device-02,44.11268338810131,1.135781167642505,1.9365786752014595,0
2026-03-18 03:35:00+00:00,device-02,46.3610568581216,1.0279114095097732,1.8887309603660756,0
2026-03-18 03:40:00+00:00,device-02,45.8200194998031,1.1195862131090586,1.9269552554977252,0
2026-03-18 03:45:00+00:00,device-02,45.93295370718859,1.2154590623264732,1.8477706055218843,0
2026-03-18 03:50:00+00:00,device-02,46.41547681539349,1.1499465621796519,1.8907491713772622,0
2026-03-18 03:55:00+00:00,device-02,45.416913979932396,1.1893591966315065,1.8929728672330715,0
2026-03-18 04:00:00+00:00,device-02,45.43819668554765,1.1132653475665863,1.8174810678576336,0
2026-03-18 04:05:00+00:00,device-02,46.06143113534446,1.0629763389745404,1.8099189942813103,0
2026-03-18 04:10:00+00:00,device-02,45.8605052496819,1.107242695669252,1.932858661367888,0
2026-03-18 04:15:00+00:00,device-02,45.39307594296697,1.110759456759025,1.9149895558976406,0
2026-03-18 04:20:00+00:00,device-02,45.598763793356895,1.190259686678388,1.8508350387110266,0
2026-03-18 04:25:00+00:00,device-02,45.217727262463235,1.2281302702295804,1.8990627071916648,0
2026-03-18 04:30:00+00:00,device-02,46.07551373147825,1.0917038690977798,1.9433136434019753,0
2026-03-18 04:35:00+00:00,device-02,46.232316166610644,1.1101348991903295,2.0113587866410665,0
2026-03-18 04:40:00+00:00,device-02,45.58489553810687,1.1201632146632643,1.8508911811405262,0
2026-03-18 04:45:00+00:00,device-02,46.901718682368326,1.1093354503987123,1.9386719560139958,0
2026-03-18 04:50:00+00:00,device-02,44.50989662908627,1.0639143567873595,2.026284410091787,0
2026-03-18 04:55:00+00:00,device-02,45.42818842098031,1.130082234010592,1.9050089233389218,0
2026-03-18 05:00:00+00:00,device-02,46.79511404741607,1.1428507787023048,1.986722288623469,0
2026-03-18 05:05:00+00:00,device-02,45.30342682545294,1.1433426908604456,1.7478148805617668,0
2026-03-18 05:10:00+00:00,device-02,44.480601299534634,1.0630226619961165,1.9843531042572453,0
2026-03-18 05:15:00+00:00,device-02,46.58498340459024,1.1169391060592018,1.897925412190087,0
2026-03-18 05:20:00+00:00,device-02,45.992796730594804,1.0349123850554642,1.7875603378783353,0
2026-03-18 05:25:00+00:00,device-02,44.7764076125572,1.166848225839731,1.9430745557866147,0
2026-03-18 05:30:00+00:00,device-02,46.16136924220166,1.0694511103904585,1.9582972649174257,0
2026-03-18 05:35:00+00:00,device-02,44.90433433398983,1.1059635605399283,1.9670078676650264,0
2026-03-18 05:40:00+00:00,device-02,44.685497383207384,1.096481706438161,1.965833277208138,0
2026-03-18 05:45:00+00:00,device-02,45.52295070395402,1.089003843599267,1.892907291521027,0
2026-03-18 05:50:00+00:00,device-02,45.29640093314155,1.0644497365077377,1.850033323174432,0
2026-03-18 05:55:00+00:00,device-02,44.86763670888385,1.0282422007441296,1.8662653583725435,0
2026-03-18 06:00:00+00:00,device-02,45.38539560471722,1.20247955285802,1.890690831665612,0
2026-03-18 06:05:00+00:00,device-02,44.941305065042094,1.1278223146659168,1.915969513806112,0
2026-03-18 06:10:00+00:00,device-02,45.692323491028645,1.1275102653443625,1.8631505241385955,0
2026-03-18 06:15:00+00:00,device-02,45.63831732688727,1.2183683307736568,1.893675038073678,0
2026-03-18 06:20:00+00:00,device-02,46.18156296527307,1.10756764052055,1.941753942404544,0
2026-03-18 06:25:00+00:00,device-02,45.34406104961661,1.139395429190641,1.9086724843751404,0
2026-03-18 06:30:00+00:00,device-02,44.73307437171911,1.1119737719804892,2.023854680873347,0
2026-03-18 06:35:00+00:00,device-02,44.74611157273843,1.169441979930102,2.015190097044174,0
2026-03-18 06:40:00+00:00,device-02,45.50386165244921,1.134314337917341,1.8200831495251146,0
2026-03-18 06:45:00+00:00,device-02,46.7588007935378,1.124083067502157,1.8535898899616623,0
2026-03-18 06:50:00+00:00,device-02,46.28091620578577,1.0947257212068329,1.8093158487992644,0
2026-03-18 06:55:00+00:00,device-02,45.24006578771094,1.1205972433559857,1.8171872256881432,0
2026-03-18 07:00:00+00:00,device-02,46.355775034893405,1.163913060514238,1.9172265762246745,0
2026-03-18 07:05:00+00:00,device-02,44.88543270067388,1.0009893230249554,1.8260434920327822,0
2026-03-18 07:10:00+00:00,device-02,46.415223373560295,1.0974737929678078,1.8221845774507084,0
2026-03-18 07:15:00+00:00,device-02,45.44013791194476,1.0821245803016983,1.8673002777899306,0
2026-03-18 07:20:00+00:00,device-02,46.25314705633657,1.0870839117133895,1.929703268840066,0
2026-03-18 07:25:00+00:00,device-02,46.155487355819375,1.002375227229105,1.8610139042179048,0
2026-03-18 07:30:00+00:00,device-02,45.528880290683276,1.1368055995259447,1.8602650971264345,0
2026-03-18 07:35:00+00:00,device-02,45.95842511415615,1.0570234344218958,1.9347635648197057,0
2026-03-18 07:40:00+00:00,device-02,44.98450272496935,1.0870024385831734,1.9078393502838853,0
2026-03-18 07:45:00+00:00,device-02,45.68664734759504,1.0722025919313245,1.906289255503478,0
2026-03-18 07:50:00+00:00,device-02,46.50381513767192,1.012931528058063,1.934637431081168,0
2026-03-18 07:55:00+00:00,device-02,48.62461512601228,1.0731516888329353,1.8185411824709021,0
2026-03-18 08:00:00+00:00,device-02,46.247356195075234,1.0023912948572944,1.890234695646804,0
2026-03-18 08:05:00+00:00,device-02,45.82085596356723,1.046371848705127,1.8395707090809323,0
2026-03-18 08:10:00+00:00,device-02,45.05358968580277,1.076751239637169,1.936793296498096,0
2026-03-18 08:15:00+00:00,device-02,46.51317491402807,1.0912841690541955,1.9237500287477505,0
2026-03-18 08:20:00+00:00,device-02,44.61230946067953,1.0932793512296364,1.813504514041908,0
2026-03-18 08:25:00+00:00,device-02,45.21696181538743,1.0826237149420714,1.9532838951277127,0
2026-03-18 08:30:00+00:00,device-02,46.03726229226212,1.1953761778924668,1.8049403399673152,0
2026-03-18 08:35:00+00:00,device-02,44.945135052985826,1.1092394649041175,1.942166074336777,0
2026-03-18 08:40:00+00:00,device-02,46.87811538601002,1.0253584842933885,1.8846646120328068,0
2026-03-18 08:45:00+00:00,device-02,46.56968337909039,1.0547981397566337,1.8205656288340304,0
2026-03-18 08:50:00+00:00,device-02,45.40903382094604,1.0514987636264035,1.8053834996901903,0
2026-03-18 08:55:00+00:00,device-02,45.42373665727433,1.0744542613475765,1.8527705155508145,0
2026-03-18 09:00:00+00:00,device-02,44.89334597431665,1.052103428235846,1.8686880884799835,0
2026-03-18 09:05:00+00:00,device-02,44.84161303230138,1.0384467695396125,1.8275848958475616,0
2026-03-18 09:10:00+00:00,device-02,46.14146452145932,1.1626090942980576,1.9020893329697715,0
2026-03-18 09:15:00+00:00,device-02,46.274326049115054,1.0812869792835076,1.7856405172912786,0
2026-03-18 09:20:00+00:00,device-02,46.08903559649597,1.0611580571905774,1.8672222873112176,0
2026-03-18 09:25:00+00:00,device-02,46.03478795030954,1.064324136530718,1.8670848518544025,0
2026-03-18 09:30:00+00:00,device-02,45.46065417353365,1.0650138951866677,1.7559936907379996,0
2026-03-18 09:35:00+00:00,device-02,46.11301083356555,1.144410174031062,1.8840807635535242,0
2026-03-18 09:40:00+00:00,device-02,44.83233899870543,1.0975985106824995,1.7906512842098612,0
2026-03-18 09:45:00+00:00,device-02,45.87778786009536,1.1287440120905752,1.7171767243179095,0
2026-03-18 09:50:00+00:00,device-02,46.91317740012126,0.9155803626623455,1.8277560313088075,0
2026-03-18 09:55:00+00:00,device-02,46.81327463831614,1.0866975438496511,1.849881138092959,0
2026-03-18 10:00:00+00:00,device-02,45.56490247709351,1.122243317346523,1.916170246928158,0
2026-03-18 10:05:00+00:00,device-02,45.66180830240421,1.1668428037365586,1.8334579575205114,0
2026-03-18 10:10:00+00:00,device-02,46.87051312902252,1.0685268998513169,1.9485779949873527,0
2026-03-18 10:15:00+00:00,device-02,47.16459870071446,0.9800914054971528,1.9459312257075287,0
2026-03-18 10:20:00+00:00,device-02,44.86416764848156,1.0942553041726812,1.924920480357258,0
2026-03-18 10:25:00+00:00,device-02,45.62206292285423,1.033720898957288,1.937944403420691,0
2026-03-18 10:30:00+00:00,device-02,46.092561937629384,0.9729451709322577,1.879864424232792,0
2026-03-18 10:35:00+00:00,device-02,46.79049350213296,1.0304603419693443,1.8256592425768852,0
2026-03-18 10:40:00+00:00,device-02,45.35223781884343,1.1130577277462739,1.8962725523419108,0
2026-03-18 10:45:00+00:00,device-02,46.39873865733582,1.1192022467890037,1.9145643993811126,0
2026-03-18 10:50:00+00:00,device-02,45.742994989347935,1.0940354025339714,1.8708931907666337,0
2026-03-18 10:55:00+00:00,device-02,47.62974525528259,1.0044011712953989,1.841698743533125,0
2026-03-18 11:00:00+00:00,device-02,46.26940774587612,1.1814988728569373,1.7629013348061278,0
2026-03-18 11:05:00+00:00,device-02,45.879294368924626,0.996020078848176,1.8949622960050756,0
2026-03-18 11:10:00+00:00,device-02,45.74523329921991,1.0494421629972577,1.8752028458769334,0
2026-03-18 11:15:00+00:00,device-02,46.7292518530224,0.9799170314011967,1.7768510449819943,0
2026-03-18 11:20:00+00:00,device-02,46.47145602341454,1.1168549452757959,1.8591123464205226,0
2026-03-18 11:25:00+00:00,device-02,45.24005414148327,1.0721223465329397,1.8953681008532013,0
2026-03-18 11:30:00+00:00,device-02,46.16039606850609,1.0930603773527563,1.8455962630369551,0
2026-03-18 11:35:00+00:00,device-02,45.07383510761435,1.0519910801464094,1.8978167796385328,0
2026-03-18 11:40:00+00:00,device-02,45.49042232941515,1.0428866184614913,1.8955113297118882,0
2026-03-18 11:45:00+00:00,device-02,45.11877237749292,1.0538365919125725,1.762944228717679,0
2026-03-18 11:50:00+00:00,device-02,45.10381549097186,0.9495127236807523,1.8318969793004236,0
2026-03-18 11:55:00+00:00,device-02,45.559952406049526,1.0924457253911295,1.877810181770786,0
2026-03-18 12:00:00+00:00,device-02,45.360872019786,1.0872192678212855,1.9027941206108132,0
2026-03-18 12:05:00+00:00,device-02,46.42780785234396,1.0207352596421646,1.9314254273827829,0
2026-03-18 12:10:00+00:00,device-02,46.62393044956677,1.038534963156365,1.73388812781938,0
2026-03-18 12:15:00+00:00,device-02,45.903160540966766,1.0529457157346398,1.8429031509725005,0
2026-03-18 12:20:00+00:00,device-02,45.29166241101975,1.1152700022673487,1.8886152837906067,0
2026-03-18 12:25:00+00:00,device-02,46.65077987416257,1.057156300683375,1.9181430202232088,0
2026-03-18 12:30:00+00:00,device-02,44.670093691330756,1.036482651064509,1.9450048840996177,0
2026-03-18 12:35:00+00:00,device-02,44.742564526596844,1.0076980588940838,1.789186574147351,0
2026-03-18 12:40:00+00:00,device-02,46.61868997929299,0.9567701835452948,1.821894157641716,0
2026-03-18 12:45:00+00:00,device-02,46.57594738240556,1.0009209383830617,1.7809876083151135,0
2026-03-18 12:50:00+00:00,device-02,46.80712780344324,1.0330936530396233,1.8912702995929411,0
2026-03-18 12:55:00+00:00,device-02,45.97791773699286,1.0157006303526663,1.7638451100689592,0
2026-03-18 13:00:00+00:00,device-02,45.25040667559119,1.0308750744238082,1.9118084323010285,0
2026-03-18 13:05:00+00:00,device-02,45.7865023828203,1.063149148856832,1.89659535481888,0
2026-03-18 13:10:00+00:00,device-02,46.55057285456181,1.046431087399651,1.8694308827709882,0
2026-03-18 13:15:00+00:00,device-02,45.620773085425064,1.0372052868087098,1.7113715555931883,0
2026-03-18 13:20:00+00:00,device-02,45.6736079581528,1.0550320139091063,1.7992987033393972,0
2026-03-18 13:25:00+00:00,device-02,45.194440072606426,1.030310447862563,1.8832544654259629,0
2026-03-18 13:30:00+00:00,device-02,45.364388371987125,1.018221759972238,1.7543572137923287,0
2026-03-18 13:35:00+00:00,device-02,46.782839663615825,1.0420224706589751,1.8235513840191968,0
2026-03-18 13:40:00+00:00,device-02,46.51734260316059,0.9309185155705297,1.8310151690087402,0
2026-03-18 13:45:00+00:00,device-02,45.389113106381465,1.0787134857564793,1.8893794732086742,0
2026-03-18 13:50:00+00:00,device-02,45.45401998374161,0.9503842839149471,1.852835676384515,0
2026-03-18 13:55:00+00:00,device-02,45.826025915827664,1.0554628215347757,1.851801677768257,0
2026-03-18 14:00:00+00:00,device-02,46.614321386451024,1.013027813252503,1.8088886761108849,0
2026-03-18 14:05:00+00:00,device-02,45.41550371260828,1.0665554781331155,1.8347464626120187,0
2026-03-18 14:10:00+00:00,device-02,46.126287584668844,1.0116840259606055,1.8259195584967685,0
2026-03-18 14:15:00+00:00,device-02,44.74491008887522,0.9614776664290953,1.8764801691715116,0
2026-03-18 14:20:00+00:00,device-02,45.37694579790327,1.0611275421651343,1.8221475737448942,0
2026-03-18 14:25:00+00:00,device-02,46.564506432859666,1.0154553264250559,1.893490007657948,0
2026-03-18 14:30:00+00:00,device-02,46.90797029419063,1.010916259670455,1.731037978781311,0
2026-03-18 14:35:00+00:00,device-02,45.4719209063724,1.007811161294018,1.9022908006516641,0
2026-03-18 14:40:00+00:00,device-02,45.74914524325383,1.0525839673415252,1.8205074037970501,0
2026-03-18 14:45:00+00:00,device-02,46.861956062700294,1.0421716731758222,1.896926596990833,0
2026-03-18 14:50:00+00:00,device-02,46.03491203431145,1.011562168318552,1.8344651217710706,0
2026-03-18 14:55:00+00:00,device-02,45.93681963348332,0.9212729878736649,1.8796298185995732,0
2026-03-18 15:00:00+00:00,device-02,46.69046625461184,0.9773790656384033,1.9169877983132257,0
2026-03-18 15:05:00+00:00,device-02,46.47168729546132,1.001633573084927,1.7950435581304012,0
2026-03-18 15:10:00+00:00,device-02,47.12383034578789,1.0848639167123684,1.832096259631364,0
2026-03-18 15:15:00+00:00,device-02,46.90881516236025,1.0131076542136617,1.8167417449985186,0
2026-03-18 15:20:00+00:00,device-02,45.95413670335948,0.9880498738258409,1.8386318968159343,0
2026-03-18 15:25:00+00:00,device-02,46.28378546946047,1.0512177041929742,1.7297491407425127,0
2026-03-18 15:30:00+00:00,device-02,46.333625624418815,0.9846154535910978,1.8150710088013415,0
2026-03-18 15:35:00+00:00,device-02,45.43102031405557,0.9875509444598182,1.8099164789109183,0
2026-03-18 15:40:00+00:00,device-02,45.70849960211169,0.9955721264310972,1.777552705747188,0
2026-03-18 15:45:00+00:00,device-02,47.08434602282775,0.911589829336499,1.812099773831709,0
2026-03-18 15:50:00+00:00,device-02,45.29423291542453,1.0331246443732403,1.7316653047568265,0
2026-03-18 15:55:00+00:00,device-02,47.11752992174006,1.0053065018415288,1.9054682965232526,0
2026-03-18 16:00:00+00:00,device-02,46.62759136588652,0.9686569997758598,1.8485610621842958,0
2026-03-18 16:05:00+00:00,device-02,46.338018439142196,0.9244462140040576,1.9332274936846037,0
2026-03-18 16:10:00+00:00,device-02,46.82257048426164,0.991008978468333,1.7692079868515151,0
2026-03-18 16:15:00+00:00,device-02,46.787700803739995,1.049101266660753,1.751316290486032,0
2026-03-18 16:20:00+00:00,device-02,47.31123920871029,0.9458130334139409,1.8367057138104779,0
2026-03-18 16:25:00+00:00,device-02,46.18908653353548,0.9235675706051064,1.7205754245002298,0
2026-03-18 16:30:00+00:00,device-02,46.31865474383098,0.9964313562661415,1.8323354992940948,0
2026-03-18 16:35:00+00:00,device-02,46.31515803477537,0.8943795786246215,2.566573156581362,1
2026-03-18 16:40:00+00:00,device-02,47.81930824585181,0.861930461059756,2.5879086704775043,1
2026-03-18 16:45:00+00:00,device-02,47.169976161338056,0.9495443735098179,2.622272598670742,1
2026-03-18 16:50:00+00:00,device-02,45.86522182612199,0.9360563726956388,2.609416132605434,1
2026-03-18 16:55:00+00:00,device-02,46.28914517243501,0.9555018112268564,2.716563281668522,1
2026-03-18 17:00:00+00:00,device-02,46.036596509698526,0.9405728907142996,2.643141931530341,1
2026-03-18 17:05:00+00:00,device-02,46.5509081334276,0.9835530482828007,2.5285895628656787,1
2026-03-18 17:10:00+00:00,device-02,46.70066490427378,0.9546830398646052,2.662764171140312,1
2026-03-18 17:15:00+00:00,device-02,48.17014894472987,0.9345812763509637,2.524763292518479,1
2026-03-18 17:20:00+00:00,device-02,45.286252993397234,0.9404430500616062,2.6087761080739016,1
2026-03-18 17:25:00+00:00,device-02,47.29988793404468,0.9937071176074478,2.529208828692995,1
2026-03-18 17:30:00+00:00,device-02,46.893230507654614,1.008867259521426,2.553560080995381,1
2026-03-18 17:35:00+00:00,device-02,46.102613471651885,1.0049584640665563,2.680032923779464,1
2026-03-18 17:40:00+00:00,device-02,46.49981249629147,0.9934184621852924,2.5686187700066982,1
2026-03-18 17:45:00+00:00,device-02,46.26595598531181,0.7924740992031251,2.5629523466889808,1
2026-03-18 17:50:00+00:00,device-02,46.65852089190715,0.906095977932526,2.5673172513141673,1
2026-03-18 17:55:00+00:00,device-02,47.33961785884894,0.9392839357564036,2.581618316575774,1
2026-03-18 18:00:00+00:00,device-02,45.575565268179695,0.9641296407680456,1.8952717731350142,0
2026-03-18 18:05:00+00:00,device-02,47.573272783381675,0.8717945361844983,1.7394205824577254,0
2026-03-18 18:10:00+00:00,device-02,46.3980376598335,1.0226111119282792,1.7355153191659407,0
2026-03-18 18:15:00+00:00,device-02,47.724811087921466,0.9655056888817467,1.8426788927857616,0
2026-03-18 18:20:00+00:00,device-02,46.968390575907456,0.9181166120900272,1.713269449203291,0
2026-03-18 18:25:00+00:00,device-02,47.55445787775103,0.9561932972024346,1.7856456271336067,0
2026-03-18 18:30:00+00:00,device-02,47.095297330111684,0.9295408580137439,1.873912425428827,0
2026-03-18 18:35:00+00:00,device-02,47.469437594899496,0.9077238483986981,1.8064170764015792,0
2026-03-18 18:40:00+00:00,device-02,46.756435122438674,0.9698663773526998,1.777403530423065,0
2026-03-18 18:45:00+00:00,device-02,46.142592973868226,0.9207341856294073,1.7632598004884459,0
2026-03-18 18:50:00+00:00,device-02,47.207804747081,0.8716990798030688,1.7505246341156864,0
2026-03-18 18:55:00+00:00,device-02,47.24436608942918,0.9093948461493423,1.7693407875176097,0
2026-03-18 19:00:00+00:00,device-02,48.22816966723414,0.9342885734952728,1.811941197659607,0
2026-03-18 19:05:00+00:00,device-02,45.35781414001339,0.8849052812957205,1.8771012239983063,0
2026-03-18 19:10:00+00:00,device-02,46.6353777622117,1.0008365835768545,1.8601446457315303,0
2026-03-18 19:15:00+00:00,device-02,47.52864514937198,0.8821962201938851,1.7688679137192116,0
2026-03-18 19:20:00+00:00,device-02,45.91346189138546,1.0234195706594325,1.758539710034569,0
2026-03-18 19:25:00+00:00,device-02,46.64293933956203,0.9791753226664864,1.842619352121059,0
2026-03-18 19:30:00+00:00,device-02,48.298324428590654,0.8862800150339646,1.693301572917026,0
2026-03-18 19:35:00+00:00,device-02,47.81606298292803,0.9387724663887772,1.7744063519460425,0
2026-03-18 19:40:00+00:00,device-02,46.21435461053863,0.9902793380179409,1.780672175075954,0
2026-03-18 19:45:00+00:00,device-02,47.84214258155893,0.9205483484264023,1.7336049417780923,0
2026-03-18 19:50:00+00:00,device-02,47.68188445033431,0.8693801056779307,1.7399658592568235,0
2026-03-18 19:55:00+00:00,device-02,47.40615253773615,0.933550777612754,1.81907017549771,0
2026-03-18 20:00:00+00:00,device-02,47.137882060049016,1.026396372291829,1.699915276445715,0
2026-03-18 20:05:00+00:00,device-02,47.047431053465885,0.8513300358621079,1.743271204766766,0
2026-03-18 20:10:00+00:00,device-02,46.27985824806117,0.9525185283738419,1.7585451184243635,0
2026-03-18 20:15:00+00:00,device-02,46.53747376535818,0.924234426921174,1.801299017639943,0
2026-03-18 20:20:00+00:00,device-02,47.42365597519421,0.9168138261455042,1.7147120886917435,0
2026-03-18 20:25:00+00:00,device-02,47.018167368061206,0.9021834281373958,1.8598582436436417,0
2026-03-14 16:30:00+00:00,device-03,50.64534992250542,1.112466131965548,2.166486885932854,0
2026-03-14 16:35:00+00:00,device-03,49.47574314111367,1.1295715170234828,2.117885919196897,0
2026-03-14 16:40:00+00:00,device-03,50.41152803465841,1.0895486090008046,2.147869531744015,0
2026-03-14 16:45:00+00:00,device-03,50.00146351267178,1.0657101333469305,2.1272541976360784,0
2026-03-14 16:50:00+00:00,device-03,49.38124565752667,1.1465680698795668,2.0750304825523203,0
2026-03-14 16:55:00+00:00,device-03,50.529680579556285,1.0606764116759717,2.2234853757000708,0
2026-03-14 17:00:00+00:00,device-03,48.98240417532373,1.1505398857213431,2.1095652855333755,0
2026-03-14 17:05:00+00:00,device-03,50.47350365200517,1.0289694084053145,2.0435763971267584,0
2026-03-14 17:10:00+00:00,device-03,49.42298039161994,1.0658185410260446,2.0829008331605263,0
2026-03-14 17:15:00+00:00,device-03,50.325248593701176,1.041909722801834,2.0191236983119856,0
2026-03-14 17:20:00+00:00,device-03,51.005422686499486,1.1750576543120073,2.113326449512113,0
2026-03-14 17:25:00+00:00,device-03,50.453831914035895,1.0301163073675026,2.1787874687912017,0
2026-03-14 17:30:00+00:00,device-03,49.65592117179688,1.0605683760736428,2.0377417677790506,0
2026-03-14 17:35:00+00:00,device-03,50.06105540105297,1.1477804730424308,2.1819770712510764,0
2026-03-14 17:40:00+00:00,device-03,49.83671785217219,1.1284191630553564,2.2406301033094302,0
2026-03-14 17:45:00+00:00,device-03,49.29075443008452,1.2234605597254924,2.13838553933006,0
2026-03-14 17:50:00+00:00,device-03,49.345869360008855,1.2079338638493589,2.046854178136632,0
2026-03-14 17:55:00+00:00,device-03,50.14863272904578,1.1506964409679166,2.0658073922785074,0
2026-03-14 18:00:00+00:00,device-03,50.49844454063202,1.1554063458353137,2.0975949363205175,0
2026-03-14 18:05:00+00:00,device-03,48.92086126337307,1.036441886937641,2.0414109369682256,0
2026-03-14 18:10:00+00:00,device-03,50.09691116889262,1.0827661891497822,2.0439875259335367,0
2026-03-14 18:15:00+00:00,device-03,50.50525077800283,1.110441177826405,2.1040942603150237,0
2026-03-14 18:20:00+00:00,device-03,50.24083482446033,1.1188744287357377,2.109521291363605,0
2026-03-14 18:25:00+00:00,device-03,49.48362376643691,1.0628468824750588,2.1573651579222792,0
2026-03-14 18:30:00+00:00,device-03,50.89726592792464,1.085303477705818,2.049669929234754,0
2026-03-14 18:35:00+00:00,device-03,49.35558164329909,1.0905477136421837,2.2347288854310694,0
2026-03-14 18:40:00+00:00,device-03,50.6491397125774,1.183063488325279,2.1867278260424747,0
2026-03-14 18:45:00+00:00,device-03,51.31499799648924,1.1538380611459031,2.177141752790603,0
2026-03-14 18:50:00+00:00,device-03,48.816001569709655,1.1188309029404364,2.0852676502366467,0
2026-03-14 18:55:00+00:00,device-03,50.40814798576171,1.122736866781801,2.2294278570458657,0
2026-03-14 19:00:00+00:00,device-03,50.45622779211775,1.1510600968911073,2.1050892520564943,0
2026-03-14 19:05:00+00:00,device-03,50.40553410441616,1.10497936816297,2.235336677846675,0
2026-03-14 19:10:00+00:00,device-03,49.73078608984552,1.1269498377080462,2.191317112113097,0
2026-03-14 19:15:00+00:00,device-03,50.053908618344515,1.0584240411945114,2.0738362683299387,0
2026-03-14 19:20:00+00:00,device-03,49.31650817628323,1.173983659678299,2.1010698471761464,0
2026-03-14 19:25:00+00:00,device-03,50.37840666276374,1.189117859682649,2.241323088058387,0
2026-03-14 19:30:00+00:00,device-03,50.66655588990221,1.1616727670358147,2.1897921247590366,0
2026-03-14 19:35:00+00:00,device-03,49.848545258309606,1.1683794345604437,2.1210068474668504,0
2026-03-14 19:40:00+00:00,device-03,49.67905190451069,1.1641981520764322,2.1432488885696133,0
2026-03-14 19:45:00+00:00,device-03,49.999989681316016,1.2455449754773962,2.1435820737757902,0
2026-03-14 19:50:00+00:00,device-03,50.328912145457565,1.1588365776467993,2.0859219592777123,0
2026-03-14 19:55:00+00:00,device-03,50.3859434810431,1.0870067767602478,2.1209667952038935,0
2026-03-14 20:00:00+00:00,device-03,50.28207834752904,1.101299447286806,2.0940219956725974,0
2026-03-14 20:05:00+00:00,device-03,50.41018106284248,1.186663241762032,2.1085696217895085,0
2026-03-14 20:10:00+00:00,device-03,49.471453485345236,1.2048102328432604,2.1629913045902356,0
2026-03-14 20:15:00+00:00,device-03,48.505478604149765,1.1918198407235683,2.078132800484461,0
2026-03-14 20:20:00+00:00,device-03,50.81545581468572,1.196293258984723,2.1799150357275296,0
2026-03-14 20:25:00+00:00,device-03,51.37812622500141,1.1661878850566858,2.143546690080419,0
2026-03-14 20:30:00+00:00,device-03,49.43672852697383,1.0871705289137827,2.1834160639330333,0
2026-03-14 20:35:00+00:00,device-03,49.962325943974676,1.1256128661284297,2.191687517138374,0
2026-03-14 20:40:00+00:00,device-03,50.63553636433945,1.07404972365785,2.2138036760704134,0
2026-03-14 20:45:00+00:00,device-03,51.09375306041492,1.1432816261817316,2.177329779773178,0
2026-03-14 20:50:00+00:00,device-03,50.89365899312033,1.0976764516474669,2.1827306694247492,0
2026-03-14 20:55:00+00:00,device-03,51.33559284451489,1.1686832580126492,2.130082307534661,0
2026-03-14 21:00:00+00:00,device-03,50.43006337866017,1.1570324671739667,2.175753705337962,0
2026-03-14 21:05:00+00:00,device-03,50.761015127588855,1.0729641857936327,2.088090167045193,0
2026-03-14 21:10:00+00:00,device-03,50.76868690923865,1.202492850375923,2.128066821004332,0
2026-03-14 21:15:00+00:00,device-03,50.19901037413055,1.2049484433268072,2.188529255517252,0
2026-03-14 21:20:00+00:00,device-03,51.33022760853552,1.1029637522098865,2.141044695218709,0
2026-03-14 21:25:00+00:00,device-03,50.94247554972035,1.1776100526211917,2.171624862174521,0
2026-03-14 21:30:00+00:00,device-03,51.19557800547499,1.2061485586728624,2.0819818024381536,0
2026-03-14 21:35:00+00:00,device-03,50.26566159137114,1.1589163041344803,2.2283442816550108,0
2026-03-14 21:40:00+00:00,device-03,51.25000098142175,1.2149711173504951,2.1121071037146715,0
2026-03-14 21:45:00+00:00,device-03,49.82901620569001,1.1840400412464718,2.1712127540815396,0
2026-03-14 21:50:00+00:00,device-03,50.831571946250214,1.2275295374014763,2.1467149896919335,0
2026-03-14 21:55:00+00:00,device-03,48.777738982028374,1.1860146265574751,2.2048083513013026,0
2026-03-14 22:00:00+00:00,device-03,49.887742648187455,1.1702301334886172,2.1263895501995655,0
2026-03-14 22:05:00+00:00,device-03,51.09474561869801,1.2037284546517244,2.089910972226807,0
2026-03-14 22:10:00+00:00,device-03,50.28975726310961,1.21784493088367,2.036580327650903,0
2026-03-14 22:15:00+00:00,device-03,50.72705133820905,1.1932464378296281,2.132906067185415,0
2026-03-14 22:20:00+00:00,device-03,49.505169822876944,1.1607262503263818,2.0801840800920237,0
2026-03-14 22:25:00+00:00,device-03,51.6877533571927,1.1453751839903075,2.1847807107995694,0
2026-03-14 22:30:00+00:00,device-03,51.04457431386436,1.1663845029188313,2.2399653704875733,0
2026-03-14 22:35:00+00:00,device-03,50.62735141253546,1.1577878592824677,2.020103724123979,0
2026-03-14 22:40:00+00:00,device-03,50.93936494071997,1.196173781780837,2.0770139349615935,0
2026-03-14 22:45:00+00:00,device-03,50.888408669347776,1.195471459570284,2.17380094527423,0
2026-03-14 22:50:00+00:00,device-03,51.64292513553109,1.1842116046423754,2.2301102892976123,0
2026-03-14 22:55:00+00:00,device-03,50.82903824754127,1.1891776581662112,2.174889700990726,0
2026-03-14 23:00:00+00:00,device-03,49.682893373182914,1.1985364157930736,2.1766455020544893,0
2026-03-14 23:05:00+00:00,device-03,50.52536598806568,1.2665536669427513,2.1882273606938263,0
2026-03-14 23:10:00+00:00,device-03,51.58921868513984,1.2501139949888187,2.193042291125411,0
2026-03-14 23:15:00+00:00,device-03,51.10899116531902,1.165436322019101,2.2579788932971323,0
2026-03-14 23:20:00+00:00,device-03,50.439898402782696,1.2144307869250632,2.19657771434235,0
2026-03-14 23:25:00+00:00,device-03,51.1551943627075,1.1792709211675223,2.0856900811938757,0
2026-03-14 23:30:00+00:00,device-03,50.8261726590081,1.1913504356518654,2.1325632819203606,0
2026-03-14 23:35:00+00:00,device-03,51.17296033719877,1.185233298372694,2.1742696497604492,0
2026-03-14 23:40:00+00:00,device-03,49.67801358321917,1.1678272973455883,2.1134300855986354,0
2026-03-14 23:45:00+00:00,device-03,50.15880456353672,1.1333085778404082,2.147208473510775,0
2026-03-14 23:50:00+00:00,device-03,51.239013210068386,1.0812056566739172,2.131902695168016,0
2026-03-14 23:55:00+00:00,device-03,50.639215886651535,1.2103102446960796,2.121984127632432,0
2026-03-15 00:00:00+00:00,device-03,51.041595659001054,1.2585127729506584,2.206617183732763,0
2026-03-15 00:05:00+00:00,device-03,52.15096216530773,1.1588234149626646,2.1420162209804556,0
2026-03-15 00:10:00+00:00,device-03,50.60540664877421,1.2277187720394405,2.1002963298986814,0
2026-03-15 00:15:00+00:00,device-03,50.99311423467563,1.1856194223363121,2.1236326399434953,0
2026-03-15 00:20:00+00:00,device-03,50.455287863653886,1.2185626625886645,2.169629173229396,0
2026-03-15 00:25:00+00:00,device-03,50.417815132326204,1.1671075958402959,2.295275322086743,0
2026-03-15 00:30:00+00:00,device-03,50.80331710967801,1.195673644415512,2.184214753416942,0
2026-03-15 00:35:00+00:00,device-03,49.8690022345757,1.2023546100928082,2.2587175086906868,0
2026-03-15 00:40:00+00:00,device-03,49.4319649642915,1.0939011601583764,2.1997096086528267,0
2026-03-15 00:45:00+00:00,device-03,51.81535767991462,1.2197577333445866,2.040969097988667,0
2026-03-15 00:50:00+00:00,device-03,50.81894687147081,1.2035636810380899,2.19399282100592,0
2026-03-15 00:55:00+00:00,device-03,51.66753309955277,1.0913775634026928,2.1204074259186516,0
2026-03-15 01:00:00+00:00,device-03,50.990998426549474,1.243147471448658,2.090748330210663,0
2026-03-15 01:05:00+00:00,device-03,51.018035853003596,1.21100526730224,2.108049057899181,0
2026-03-15 01:10:00+00:00,device-03,51.3835838869006,1.2232788491828162,2.281530732838731,0
2026-03-15 01:15:00+00:00,device-03,51.424833053792476,1.231630736035128,2.0790530813551427,0
2026-03-15 01:20:00+00:00,device-03,50.118931514827196,1.1948967368506733,2.1375061040099705,0
2026-03-15 01:25:00+00:00,device-03,51.77720867239453,1.1638528555357601,2.2454182578268873,0
2026-03-15 01:30:00+00:00,device-03,50.2954123148879,1.195039652939099,2.216261547179801,0
2026-03-15 01:35:00+00:00,device-03,51.107125668001366,1.196659149477019,2.073525020624183,0
2026-03-15 01:40:00+00:00,device-03,52.72484721622341,1.325230055902398,2.1706723236586694,0
2026-03-15 01:45:00+00:00,device-03,51.04008741023283,1.3078161794234957,2.1468419844470175,0
2026-03-15 01:50:00+00:00,device-03,52.133974311640806,1.1959422516940548,2.1668152356234374,0
2026-03-15 01:55:00+00:00,device-03,50.76457406917038,1.20024056798525,2.2246123482443947,0
2026-03-15 02:00:00+00:00,device-03,51.430725349610974,1.2365175154650911,2.1450390811008027,0
2026-03-15 02:05:00+00:00,device-03,51.05421848201653,1.2489492376308846,2.1611251055708225,0
2026-03-15 02:10:00+00:00,device-03,51.31328921492869,1.188881744906048,2.2691971246933607,0
2026-03-15 02:15:00+00:00,device-03,50.45131284222165,1.1746350753142012,2.0703620709801016,0
2026-03-15 02:20:00+00:00,device-03,50.41649731156804,1.317218070013902,2.159781170147248,0
2026-03-15 02:25:00+00:00,device-03,51.28215173535707,1.2754686605899457,2.2112568004519257,0
2026-03-15 02:30:00+00:00,device-03,49.99233523588081,1.149883930722138,2.1082219423976585,0
2026-03-15 02:35:00+00:00,device-03,50.49214369369971,1.14027665018193,2.146008005115393,0
2026-03-15 02:40:00+00:00,device-03,51.51632615398902,1.1863624034253555,2.1053131970637575,0
2026-03-15 02:45:00+00:00,device-03,50.665053717652384,1.2376359077346724,2.1947084649776065,0
2026-03-15 02:50:00+00:00,device-03,50.486430894499726,1.2541237078172354,2.1482623088570043,0
2026-03-15 02:55:00+00:00,device-03,50.34461786693016,1.2117377273615884,2.2340635328990963,0
2026-03-15 03:00:00+00:00,device-03,51.21078923328827,1.1505952472222125,2.2488184484844003,0
2026-03-15 03:05:00+00:00,device-03,50.86950130905285,1.2400738186731837,2.1905238135823963,0
2026-03-15 03:10:00+00:00,device-03,51.22878636390042,1.259218570496959,2.165381555393734,0
2026-03-15 03:15:00+00:00,device-03,51.00583819756314,1.2305685894524132,2.2046645001983434,0
2026-03-15 03:20:00+00:00,device-03,52.40751380514426,1.207181619717356,2.1930092809602315,0
2026-03-15 03:25:00+00:00,device-03,50.85206824720408,1.2596520375569515,2.1165675061695075,0
2026-03-15 03:30:00+00:00,device-03,49.820339801653745,1.229579404523125,2.2554878324529937,0
2026-03-15 03:35:00+00:00,device-03,51.24572351638778,1.1785019767663818,2.2049673386901834,0
2026-03-15 03:40:00+00:00,device-03,51.17570392215587,1.2379908792061194,2.239589414096108,0
2026-03-15 03:45:00+00:00,device-03,51.288753188074246,1.1711179113893173,2.11019469790422,0
2026-03-15 03:50:00+00:00,device-03,50.09308859876805,1.2812529440428482,2.2461012467130415,0
2026-03-15 03:55:00+00:00,device-03,51.97082439131697,1.2577564190206907,2.321054423250293,0
2026-03-15 04:00:00+00:00,device-03,51.183898751206726,1.1871354853551788,2.231528277114606,0
2026-03-15 04:05:00+00:00,device-03,51.18375159050181,1.2462981392775945,2.1072005056725636,0
2026-03-15 04:10:00+00:00,device-03,50.13999998209819,1.2972640646411686,2.197694841847284,0
2026-03-15 04:15:00+00:00,device-03,51.551481726472105,1.1327792053589043,2.192482553631349,0
2026-03-15 04:20:00+00:00,device-03,51.191292390672515,1.230655575820039,2.2098258834954785,0
2026-03-15 04:25:00+00:00,device-03,52.16566068615998,1.3179649807427203,2.183088571431603,0
2026-03-15 04:30:00+00:00,device-03,50.96746406995509,1.1628903322815625,2.2277909613498976,0
2026-03-15 04:35:00+00:00,device-03,50.41556363181453,1.2306678771075037,2.170272658563907,0
2026-03-15 04:40:00+00:00,device-03,51.353750878157555,1.1699150750537504,2.212868154975933,0
2026-03-15 04:45:00+00:00,device-03,50.65046348991748,1.2363794534499377,2.1578877350511,0
2026-03-15 04:50:00+00:00,device-03,51.564240704762206,1.12316884055741,2.2061095599110914,0
2026-03-15 04:55:00+00:00,device-03,50.54988051707651,1.161454074716024,2.2609280104487888,0
2026-03-15 05:00:00+00:00,device-03,51.20765139591648,1.2147001779062325,2.1715892466017035,0
2026-03-15 05:05:00+00:00,device-03,51.14840794527472,1.2480073367817308,2.2422156835632245,0
2026-03-15 05:10:00+00:00,device-03,51.28692417383901,1.260097882333067,2.1487510057715444,0
2026-03-15 05:15:00+00:00,device-03,50.966963199510595,1.2627526552407864,2.180491457455996,0
2026-03-15 05:20:00+00:00,device-03,50.77208528432573,1.298400346132796,2.1892690970291477,0
2026-03-15 05:25:00+00:00,device-03,51.29131707716341,1.2767822562143796,2.279592917034872,0
2026-03-15 05:30:00+00:00,device-03,50.944090357219245,1.2790867705154085,2.1583437180245313,0
2026-03-15 05:35:00+00:00,device-03,51.45000964462471,1.195592342992786,2.2790274941341355,0
2026-03-15 05:40:00+00:00,device-03,51.16787253669391,1.2360769072360498,2.117156723451604,0
2026-03-15 05:45:00+00:00,device-03,49.83103156915545,1.3995331175508186,2.1968488363609904,0
2026-03-15 05:50:00+00:00,device-03,51.32496891131696,1.3550917193697214,2.2622415911569114,0
2026-03-15 05:55:00+00:00,device-03,52.319145790278654,1.2851200415784136,2.249646837769544,0
2026-03-15 06:00:00+00:00,device-03,51.587240403316635,1.281053549015275,2.1469682169465094,0
2026-03-15 06:05:00+00:00,device-03,51.795106774544905,1.2935001442325618,2.1345889581394406,0
2026-03-15 06:10:00+00:00,device-03,51.7044398187042,1.225674743527649,2.262375752577104,0
2026-03-15 06:15:00+00:00,device-03,51.082587157644696,1.341537486459282,2.133374300975093,0
2026-03-15 06:20:00+00:00,device-03,50.50202964954512,1.2275214700677861,2.2454678705627806,0
2026-03-15 06:25:00+00:00,device-03,51.96494448839448,1.2421182664757318,2.179342654483528,0
2026-03-15 06:30:00+00:00,device-03,52.13787520524912,1.3529493197325855,2.210787054034238,0
2026-03-15 06:35:00+00:00,device-03,51.813029907383104,1.1446186086093735,2.352296240184812,0
2026-03-15 06:40:00+00:00,device-03,51.72305826424172,1.2644947110081954,2.3065116047782688,0
2026-03-15 06:45:00+00:00,device-03,51.709528058421384,1.162490216910343,2.264026806226764,0
2026-03-15 06:50:00+00:00,device-03,51.42927519230388,1.2150867154814533,2.1302179104558348,0
2026-03-15 06:55:00+00:00,device-03,51.640582693830346,1.2427805818606679,2.2336147623240112,0
2026-03-15 07:00:00+00:00,device-03,51.46933558156318,1.230152769634256,2.217998464087092,0
2026-03-15 07:05:00+00:00,device-03,51.68871919635562,1.2561001177336797,2.2092314362205823,0
2026-03-15 07:10:00+00:00,device-03,50.83374735569931,1.2100246606282996,2.29690855721236,0
2026-03-15 07:15:00+00:00,device-03,51.054054518787076,1.2427546777309117,2.112202986293764,0
2026-03-15 07:20:00+00:00,device-03,51.871836817345965,1.1896447433856998,2.2362374217083993,0
2026-03-15 07:25:00+00:00,device-03,51.26383244119327,1.2290071235869773,2.2251558080335023,0
2026-03-15 07:30:00+00:00,device-03,49.862739629772406,1.1799459703337585,2.172500773953841,0
2026-03-15 07:35:00+00:00,device-03,51.590162227520864,1.2804773864301007,2.3232932193670326,0
2026-03-15 07:40:00+00:00,device-03,49.96608334629257,1.1846222255716996,2.142242587520739,0
2026-03-15 07:45:00+00:00,device-03,52.81033036190538,1.282470097157513,2.2213328763755635,0
2026-03-15 07:50:00+00:00,device-03,52.010627957243685,1.228036543708992,2.225032155138262,0
2026-03-15 07:55:00+00:00,device-03,51.98469927601093,1.2335118518460402,2.0877396809789013,0
2026-03-15 08:00:00+00:00,device-03,51.08844477605394,1.3065866833368587,2.134464176106837,0
2026-03-15 08:05:00+00:00,device-03,50.781742643406076,1.2538282471055486,2.162944139547139,0
2026-03-15 08:10:00+00:00,device-03,51.40591771086608,1.1551593607148432,2.270110609769576,0
2026-03-15 08:15:00+00:00,device-03,51.56858381461402,1.2731223536030203,2.2802182327159373,0
2026-03-15 08:20:00+00:00,device-03,51.04159652118162,1.1054937766689676,2.259438725726628,0
2026-03-15 08:25:00+00:00,device-03,51.67391793259343,1.261630301933999,2.23846926565087,0
2026-03-15 08:30:00+00:00,device-03,52.03622123306892,1.2286695613240655,2.0909658924239403,0
2026-03-15 08:35:00+00:00,device-03,51.98311716608978,1.1793602554857965,2.238048186688998,0
2026-03-15 08:40:00+00:00,device-03,50.8850681079715,1.2522277859310749,2.19427914603663,0
2026-03-15 08:45:00+00:00,device-03,50.133803372151505,1.2330620122094489,2.297079489074099,0
2026-03-15 08:50:00+00:00,device-03,51.59883594166753,1.3472292247916524,2.308220272940989,0
2026-03-15 08:55:00+00:00,device-03,51.1588360724111,1.2264637185930984,2.3628664138938387,0
2026-03-15 09:00:00+00:00,device-03,51.90862568640516,1.3439630594883014,2.2705999529631815,0
2026-03-15 09:05:00+00:00,device-03,52.71791850525019,1.3162499485426529,2.277570615291086,0
2026-03-15 09:10:00+00:00,device-03,52.72272154240889,1.2176014411742375,2.16594652314065,0
2026-03-15 09:15:00+00:00,device-03,51.81786318248098,1.2073151080348652,2.2339013188901125,0
2026-03-15 09:20:00+00:00,device-03,52.37602764561307,1.3128346226451297,2.1545585900353585,0
2026-03-15 09:25:00+00:00,device-03,52.74094693072602,1.2406505076413898,2.2845844122526744,0
2026-03-15 09:30:00+00:00,device-03,51.67306631920289,1.2551330713392737,2.1580663955032753,0
2026-03-15 09:35:00+00:00,device-03,51.8304051442095,1.2344578226576812,2.2180911437068636,0
2026-03-15 09:40:00+00:00,device-03,52.225322661070585,1.186981181805124,2.1817575542402183,0
2026-03-15 09:45:00+00:00,device-03,51.63460954351999,1.2282414265449697,2.2036171620167613,0
2026-03-15 09:50:00+00:00,device-03,51.329059589434856,1.1989622119973415,2.2603932702770932,0
2026-03-15 09:55:00+00:00,device-03,51.16622088203386,1.1704393876940777,2.198833879048711,0
2026-03-15 10:00:00+00:00,device-03,51.67922637775018,1.2315247188799965,2.2469877904446727,0
2026-03-15 10:05:00+00:00,device-03,51.263577242737036,1.3342832884184606,2.1731188605244878,0
2026-03-15 10:10:00+00:00,device-03,52.22028920375024,1.3257496471815857,2.319498278464732,0
2026-03-15 10:15:00+00:00,device-03,51.46734954997548,1.2422746004369065,2.1959201526802787,0
2026-03-15 10:20:00+00:00,device-03,52.67679784932099,1.2518119625587256,2.2971354119609924,0
2026-03-15 10:25:00+00:00,device-03,52.51241430750749,1.2702505748003572,2.366077487608473,0
2026-03-15 10:30:00+00:00,device-03,50.87618745799409,1.3120077986321097,2.088366778196947,0
2026-03-15 10:35:00+00:00,device-03,52.435032514094694,1.2600445037998316,2.176724518053056,0
2026-03-15 10:40:00+00:00,device-03,51.44676650866257,1.2202420511867138,2.225010392603719,0
2026-03-15 10:45:00+00:00,device-03,52.63895156228909,1.2242002172544193,2.309219306227959,0
2026-03-15 10:50:00+00:00,device-03,52.06995768765057,1.2995914026495776,2.2090277931906215,0
2026-03-15 10:55:00+00:00,device-03,51.70101175929146,1.3722972196081815,2.262070477626463,0
2026-03-15 11:00:00+00:00,device-03,52.18617306748847,1.211543000319567,2.195050448269383,0
2026-03-15 11:05:00+00:00,device-03,51.36872017153162,1.1403800298456621,2.274211532089571,0
2026-03-15 11:10:00+00:00,device-03,51.96618333572681,1.2822040298745054,2.1665455370640587,0
2026-03-15 11:15:00+00:00,device-03,52.00835870587304,1.2377511752721748,2.291853640131789,0
2026-03-15 11:20:00+00:00,device-03,51.65740675338056,1.2480846042831018,2.05919252174893,0
2026-03-15 11:25:00+00:00,device-03,52.0190489794168,1.3022898557100724,2.126680975530585,0
2026-03-15 11:30:00+00:00,device-03,51.097471528084895,1.243760764482876,2.353180861021505,0
2026-03-15 11:35:00+00:00,device-03,52.142095762807095,1.1740174423401095,2.2533057439647286,0
2026-03-15 11:40:00+00:00,device-03,50.96545286977792,1.141922398887745,2.1886789316901947,0
2026-03-15 11:45:00+00:00,device-03,52.194630271973516,1.2367752926504387,2.3780808571720025,0
2026-03-15 11:50:00+00:00,device-03,52.09835063664543,1.181082477223269,2.3082783556358444,0
2026-03-15 11:55:00+00:00,device-03,52.26077539340417,1.252678201040127,2.3135191391111807,0
2026-03-15 12:00:00+00:00,device-03,51.42029181784564,1.174373249262667,2.2193715934583897,0
2026-03-15 12:05:00+00:00,device-03,53.8216577990192,1.2197822123061484,2.283526117390508,0
2026-03-15 12:10:00+00:00,device-03,51.65018686674374,1.163626552166555,2.2770069852226626,0
2026-03-15 12:15:00+00:00,device-03,51.90704092518894,1.2182977955016339,2.145324769357179,0
2026-03-15 12:20:00+00:00,device-03,51.307272311210305,1.2136409144622566,2.2832078377346834,0
2026-03-15 12:25:00+00:00,device-03,52.768150454700375,1.264995719638588,2.236161330035391,0
2026-03-15 12:30:00+00:00,device-03,51.50517651983888,1.3017533972557136,2.3264626106802577,0
2026-03-15 12:35:00+00:00,device-03,52.48514228376475,1.2251780685076579,2.328137289286655,0
2026-03-15 12:40:00+00:00,device-03,51.197956362269515,1.1908401024745252,2.2095126155369957,0
2026-03-15 12:45:00+00:00,device-03,52.03813435284594,1.3307186245332001,2.212341320202359,0
2026-03-15 12:50:00+00:00,device-03,51.58851095248773,1.2507981781267143,2.261403070600419,0
2026-03-15 12:55:00+00:00,device-03,52.459391883391376,1.2626219327861223,2.290188654077567,0
2026-03-15 13:00:00+00:00,device-03,51.64981973603748,1.2619191881480136,2.2254515886128927,0
2026-03-15 13:05:00+00:00,device-03,51.2729389290273,1.3035126610568462,2.2440421201727014,0
2026-03-15 13:10:00+00:00,device-03,52.15186676617894,1.280746981280427,2.288838187533243,0
2026-03-15 13:15:00+00:00,device-03,51.06130381578514,1.2636233494588938,2.2777925903907943,0
2026-03-15 13:20:00+00:00,device-03,51.22209455275116,1.267467596053905,2.3235057974130973,0
2026-03-15 13:25:00+00:00,device-03,52.37287847978128,1.1858140222213736,2.2673973021476734,0
2026-03-15 13:30:00+00:00,device-03,50.621783276130174,1.1976602881714478,2.198947201348134,0
2026-03-15 13:35:00+00:00,device-03,52.37420644740711,1.2220609642122355,2.1456806108080655,0
2026-03-15 13:40:00+00:00,device-03,51.60669392847062,1.2313848335563018,2.3037698976833525,0
2026-03-15 13:45:00+00:00,device-03,51.26831418056228,1.2270130216014736,2.2340988120043743,0
2026-03-15 13:50:00+00:00,device-03,52.042098745786475,1.2408309044240577,2.2336439687031624,0
2026-03-15 13:55:00+00:00,device-03,52.30293080204071,1.2260826648502778,2.237629094776174,0
2026-03-15 14:00:00+00:00,device-03,51.4986738059649,1.202756920441806,2.1594547937832855,0
2026-03-15 14:05:00+00:00,device-03,51.77306630837874,1.14242249162325,2.2322749766744026,0
2026-03-15 14:10:00+00:00,device-03,52.42441021100335,1.2643953971442665,2.097117737885973,0
2026-03-15 14:15:00+00:00,device-03,52.39614164202476,1.2513040183786472,2.2323917732947276,0
2026-03-15 14:20:00+00:00,device-03,51.865781946926894,1.1774509430150228,2.202575385497188,0
2026-03-15 14:25:00+00:00,device-03,51.39207447318731,1.245377674423028,2.3706405641747343,0
2026-03-15 14:30:00+00:00,device-03,51.27858315700728,1.2395130008177302,2.28575457092273,0
2026-03-15 14:35:00+00:00,device-03,51.51382488919393,1.2227101040597768,2.245625286306961,0
2026-03-15 14:40:00+00:00,device-03,52.362087801597816,1.1265960420076377,2.2691183706725546,0
2026-03-15 14:45:00+00:00,device-03,52.2973592964288,1.1574169776236758,2.3043329926691776,0
2026-03-15 14:50:00+00:00,device-03,52.11908130222552,1.186834641218606,2.213519065019222,0
2026-03-15 14:55:00+00:00,device-03,52.84238719361881,1.2965764243833007,2.2462568739737967,0
2026-03-15 15:00:00+00:00,device-03,51.72474104169178,1.1724154962390874,2.238995462032118,0
2026-03-15 15:05:00+00:00,device-03,51.67460536605766,1.1971582378650447,2.4138333272737142,0
2026-03-15 15:10:00+00:00,device-03,51.67380310302821,1.1582402862583128,2.2660660028540396,0
2026-03-15 15:15:00+00:00,device-03,53.19623571490825,1.1882857093844852,2.141150711642993,0
2026-03-15 15:20:00+00:00,device-03,50.572601637800176,1.2291232998807822,2.311378521462525,0
2026-03-15 15:25:00+00:00,device-03,52.128757755314695,1.1077231220696038,2.4218246830910246,0
2026-03-15 15:30:00+00:00,device-03,52.234118715010126,1.0688054538757086,2.204379055845546,0
2026-03-15 15:35:00+00:00,device-03,51.98244296989461,1.2425804107115312,2.477592024312663,0
2026-03-15 15:40:00+00:00,device-03,53.48802852122233,1.210431041263578,2.2601159603595633,0
2026-03-15 15:45:00+00:00,device-03,52.720646417861964,1.177639985251574,2.3259414417528914,0
2026-03-15 15:50:00+00:00,device-03,52.4582836863455,1.2553321499895829,2.230041560454203,0
2026-03-15 15:55:00+00:00,device-03,51.3571423353595,1.2545557005506045,2.24853379128224,0
2026-03-15 16:00:00+00:00,device-03,52.28210365170055,1.1005778571223193,2.189700836871098,0
2026-03-15 16:05:00+00:00,device-03,51.70945049381567,1.195959561203807,2.2008194644762566,0
2026-03-15 16:10:00+00:00,device-03,51.986503282916935,1.2587640996694494,2.1342373798993326,0
2026-03-15 16:15:00+00:00,device-03,52.091873773853855,1.1691484479162766,2.3371559319253477,0
2026-03-15 16:20:00+00:00,device-03,51.643062749455765,1.1859751353741637,2.196248442614462,0
2026-03-15 16:25:00+00:00,device-03,52.3808270897622,1.2483343917339877,2.2902455151158296,0
2026-03-15 16:30:00+00:00,device-03,53.041144288013726,1.1864146811191298,2.2881304839163703,0
2026-03-15 16:35:00+00:00,device-03,52.65072707293345,1.139100975601215,2.228120805978393,0
2026-03-15 16:40:00+00:00,device-03,52.11155086394753,1.1636543208722356,2.2714661936365754,0
2026-03-15 16:45:00+00:00,device-03,50.69566458288809,1.1307858880776012,2.2630410021902723,0
2026-03-15 16:50:00+00:00,device-03,52.689086272346664,1.2237078717904795,2.2386790190007058,0
2026-03-15 16:55:00+00:00,device-03,52.68461636921352,1.1089753609392377,2.2726675452647584,0
2026-03-15 17:00:00+00:00,device-03,51.84801073766378,1.2441568072268778,2.2730918952148516,0
2026-03-15 17:05:00+00:00,device-03,51.662105499413855,1.1109704959304094,2.2073443668740613,0
2026-03-15 17:10:00+00:00,device-03,52.41249705458178,1.1944274065889433,2.190656907329459,0
2026-03-15 17:15:00+00:00,device-03,51.44626214833281,1.1179316076120631,2.218622955293291,0
2026-03-15 17:20:00+00:00,device-03,52.50597790848431,1.1744174873889732,2.2788571961588135,0
2026-03-15 17:25:00+00:00,device-03,51.2707773985561,1.2402754451606637,2.3571523142738884,0
2026-03-15 17:30:00+00:00,device-03,51.37687518868237,1.2442753528033539,2.362899617869318,0
2026-03-15 17:35:00+00:00,device-03,51.9952987609042,1.2523831945283241,2.2918266194635324,0
2026-03-15 17:40:00+00:00,device-03,51.0263377918341,1.1817406798896282,2.331298725297004,0
2026-03-15 17:45:00+00:00,device-03,51.98794620394114,1.1905266063059774,2.2807126417690187,0
2026-03-15 17:50:00+00:00,device-03,52.33793748158308,1.195750670457498,2.3417568819722194,0
2026-03-15 17:55:00+00:00,device-03,51.12218709696578,1.2138793549709226,2.281705238012447,0
2026-03-15 18:00:00+00:00,device-03,52.59880184171254,1.162122399803311,2.2984331727762752,0
2026-03-15 18:05:00+00:00,device-03,51.62033949462934,1.2360033801960586,2.2568705724240306,0
2026-03-15 18:10:00+00:00,device-03,52.351616276602236,1.1962488935321036,2.2744372591320454,0
2026-03-15 18:15:00+00:00,device-03,52.13168129628552,1.2360924802098423,2.3925857234986947,0
2026-03-15 18:20:00+00:00,device-03,51.691475847915164,1.2017374452050786,2.201279085304862,0
2026-03-15 18:25:00+00:00,device-03,51.647836799178606,1.2106810920789077,2.275965870600974,0
2026-03-15 18:30:00+00:00,device-03,50.869967736866386,1.1392390362366975,2.239507831924042,0
2026-03-15 18:35:00+00:00,device-03,51.534858965502984,1.153854599652347,2.335884109468411,0
2026-03-15 18:40:00+00:00,device-03,51.48615914390073,1.109011458749564,2.38918725688821,0
2026-03-15 18:45:00+00:00,device-03,53.07344770359025,1.157702303093018,2.2577727158970124,0
2026-03-15 18:50:00+00:00,device-03,52.66267022991853,1.1625903306666017,2.1056389631616295,0
2026-03-15 18:55:00+00:00,device-03,51.093006602329744,1.2120759912610162,2.3158432808837395,0
2026-03-15 19:00:00+00:00,device-03,52.51999305820488,1.106260138508816,2.3162073582501037,0
2026-03-15 19:05:00+00:00,device-03,52.139579226629714,1.3297738770135066,2.173930153842747,0
2026-03-15 19:10:00+00:00,device-03,51.74362400985466,1.1608781563562018,2.2636578355760335,0
2026-03-15 19:15:00+00:00,device-03,52.296923990537074,1.2287544204901022,2.2748049994253785,0
2026-03-15 19:20:00+00:00,device-03,52.51288811351132,1.2167085316123225,2.135836197283074,0
2026-03-15 19:25:00+00:00,device-03,51.61896162140229,1.0376151671498162,2.321433723473239,0
2026-03-15 19:30:00+00:00,device-03,51.812260645411214,1.1493651859997538,2.3071545542638816,0
2026-03-15 19:35:00+00:00,device-03,52.101141861948186,1.2350061030911514,2.2950022833517063,0
2026-03-15 19:40:00+00:00,device-03,51.34545031294004,1.0389827264533869,2.2146346328385107,0
2026-03-15 19:45:00+00:00,device-03,52.11265989938416,1.197496739007243,2.236554911129558,0
2026-03-15 19:50:00+00:00,device-03,51.93788955139393,1.1121244716892282,2.241718630448008,0
2026-03-15 19:55:00+00:00,device-03,51.544242846853265,1.1334312752109494,2.3110671312371456,0
2026-03-15 20:00:00+00:00,device-03,51.437728207354816,1.1667965055239846,2.2205124450404115,0
2026-03-15 20:05:00+00:00,device-03,52.18953763039659,1.0611368223619464,2.3728342817120898,0
2026-03-15 20:10:00+00:00,device-03,52.5628716255819,1.1630442713236868,2.305675143833739,0
2026-03-15 20:15:00+00:00,device-03,52.20460354917229,1.1197824478602272,2.147075224858097,0
2026-03-15 20:20:00+00:00,device-03,51.42588712073311,1.1134488370790605,2.38740908259813,0
2026-03-15 20:25:00+00:00,device-03,52.47701333646122,1.1848129911485485,2.2928590317670814,0
2026-03-15 20:30:00+00:00,device-03,52.096546955364886,1.3239326617885996,2.2490694011607837,0
2026-03-15 20:35:00+00:00,device-03,52.37224395819712,1.1645234459014906,2.289912833258411,0
2026-03-15 20:40:00+00:00,device-03,52.745715185240336,1.1738483848100678,2.1702344106320637,0
2026-03-15 20:45:00+00:00,device-03,51.38985944651678,1.1424491151731166,2.2959059560182675,0
2026-03-15 20:50:00+00:00,device-03,51.888921122976434,1.1076282421046435,2.1313484506985096,0
2026-03-15 20:55:00+00:00,device-03,51.587714425584714,1.155515956133813,2.2209364283863176,0
2026-03-15 21:00:00+00:00,device-03,51.40514771141843,1.2172975066593108,2.3692010008345123,0
2026-03-15 21:05:00+00:00,device-03,53.289780024932234,1.1496405446638505,2.363704762365972,0
2026-03-15 21:10:00+00:00,device-03,52.59037754929518,1.1834983509995751,2.2641185772892998,0
2026-03-15 21:15:00+00:00,device-03,50.816595485446385,1.126404559922737,2.2254224713105613,0
2026-03-15 21:20:00+00:00,device-03,52.251565986922145,1.2625441308893466,2.3439878516224213,0
2026-03-15 21:25:00+00:00,device-03,51.606710260971134,1.0528764908639445,2.283006679608147,0
2026-03-15 21:30:00+00:00,device-03,52.72101717500242,1.1633419424492393,2.2995857417447363,0
2026-03-15 21:35:00+00:00,device-03,52.0223640490904,1.1599411494721634,2.3256774256694666,0
2026-03-15 21:40:00+00:00,device-03,51.851715510823546,1.144931768649357,2.2197937521988704,0
2026-03-15 21:45:00+00:00,device-03,52.057497873077395,1.0745563699042195,2.336569465599135,0
2026-03-15 21:50:00+00:00,device-03,52.213600435072294,1.0722363564819004,2.155474076814283,0
2026-03-15 21:55:00+00:00,device-03,51.98018519251305,1.1161306931067592,2.3788125094094745,0
2026-03-15 22:00:00+00:00,device-03,51.81484166709262,1.1316129110545696,2.1898818602242227,0
2026-03-15 22:05:00+00:00,device-03,51.86628589912475,1.0647538196486204,2.248865657013353,0
2026-03-15 22:10:00+00:00,device-03,52.28918124355317,1.07084901706749,2.246534315109873,0
2026-03-15 22:15:00+00:00,device-03,51.21395458754412,1.1509157775263217,2.3339395651607817,0
2026-03-15 22:20:00+00:00,device-03,51.949189928883534,1.1732613411158077,2.3352791415422076,0
2026-03-15 22:25:00+00:00,device-03,51.869790806929686,1.0923352040096708,2.3113561149752417,0
2026-03-15 22:30:00+00:00,device-03,51.62810922523999,1.0842154481756772,2.3230275503590643,0
2026-03-15 22:35:00+00:00,device-03,52.42562232108808,1.0815297422511763,2.3186266821984147,0
2026-03-15 22:40:00+00:00,device-03,51.09736494208922,1.2405517156368406,2.2850418127617327,0
2026-03-15 22:45:00+00:00,device-03,51.700083618216276,1.1398589914257138,2.1704454318963315,0
2026-03-15 22:50:00+00:00,device-03,51.37924611213532,1.1108242949203793,2.145980301532709,0
2026-03-15 22:55:00+00:00,device-03,52.29076867994454,1.1631760538372637,2.146465505914906,0
2026-03-15 23:00:00+00:00,device-03,51.625623197692164,1.2264020782689722,2.28741739749478,0
2026-03-15 23:05:00+00:00,device-03,51.9610612609585,1.1689035608856577,2.276383068775557,0
2026-03-15 23:10:00+00:00,device-03,52.17820352837403,1.037675138111253,2.2821098033762808,0
2026-03-15 23:15:00+00:00,device-03,50.87931677081004,1.1035394612522889,2.305064115453628,0
2026-03-15 23:20:00+00:00,device-03,52.21678485287544,1.086329746844252,2.2765034016198724,0
2026-03-15 23:25:00+00:00,device-03,51.42919119465658,1.0881318406780351,2.2289355562848376,0
2026-03-15 23:30:00+00:00,device-03,51.74905206614769,1.0431287573624404,2.1976477723111536,0
2026-03-15 23:35:00+00:00,device-03,51.8390890675495,1.0831566972880928,2.1731204502898223,0
2026-03-15 23:40:00+00:00,device-03,52.43850121644617,1.0472285455004762,2.368045386660061,0
2026-03-15 23:45:00+00:00,device-03,52.38944551311131,1.1172071599981963,2.348949719226853,0
2026-03-15 23:50:00+00:00,device-03,53.05830967664578,1.101212474036401,2.2076551822479185,0
2026-03-15 23:55:00+00:00,device-03,52.01644045820549,1.0268971528050452,2.2753947795809393,0
2026-03-16 00:00:00+00:00,device-03,51.58605123588594,1.0109526369824353,2.3203158851155847,0
2026-03-16 00:05:00+00:00,device-03,51.56584623212204,1.0711539464081397,2.3927028039369387,0
2026-03-16 00:10:00+00:00,device-03,52.31865429967755,1.1265220009860741,2.2553911465750334,0
2026-03-16 00:15:00+00:00,device-03,52.935902398325474,1.1174312207077817,2.3042036765195553,0
2026-03-16 00:20:00+00:00,device-03,52.10766024538943,1.0880740755716443,2.3658945265444453,0
2026-03-16 00:25:00+00:00,device-03,51.50459065890607,0.9246170230181335,2.184829319095973,0
2026-03-16 00:30:00+00:00,device-03,52.05748135196761,1.0641049125722855,2.2478621779836443,0
2026-03-16 00:35:00+00:00,device-03,52.04184732017873,1.0505406338944294,2.291490261270786,0
2026-03-16 00:40:00+00:00,device-03,51.89246294576701,1.0695793798705096,2.248969964323068,0
2026-03-16 00:45:00+00:00,device-03,51.381957687150184,1.0239901171979757,2.4266582243470776,0
2026-03-16 00:50:00+00:00,device-03,50.20460991572107,1.06218457262994,2.3488208379876543,0
2026-03-16 00:55:00+00:00,device-03,51.50946613498399,1.0492993362605,2.306929746376155,0
2026-03-16 01:00:00+00:00,device-03,52.54495135255492,1.217442785011642,2.2346045758563835,0
2026-03-16 01:05:00+00:00,device-03,51.99186494741095,1.115408119570418,2.349259427183728,0
2026-03-16 01:10:00+00:00,device-03,50.40539923152984,1.0692066930208188,2.3347554210094903,0
2026-03-16 01:15:00+00:00,device-03,51.8485963201426,1.075235810122136,2.2629778352877805,0
2026-03-16 01:20:00+00:00,device-03,50.633902048278266,1.070447157020888,2.2681773047632294,0
2026-03-16 01:25:00+00:00,device-03,53.13822966122467,1.0846058546309687,2.2039014800942174,0
2026-03-16 01:30:00+00:00,device-03,51.958055890434785,1.0536210039030203,2.290856912586939,0
2026-03-16 01:35:00+00:00,device-03,51.04289677452144,1.0718073995970867,2.3501195915661057,0
2026-03-16 01:40:00+00:00,device-03,52.34704561258816,1.1229266166224314,2.358723323761198,0
2026-03-16 01:45:00+00:00,device-03,51.30992240371771,1.1119132983677824,2.332502019289256,0
2026-03-16 01:50:00+00:00,device-03,52.1842746201034,1.084490859938582,2.3479623489740415,0
2026-03-16 01:55:00+00:00,device-03,51.827151296072714,1.134560505444901,2.2595269847758566,0
2026-03-16 02:00:00+00:00,device-03,51.037437984542514,1.0777970966431865,2.267103048767731,0
2026-03-16 02:05:00+00:00,device-03,52.23916799280808,1.016106977342562,2.372172254373723,0
2026-03-16 02:10:00+00:00,device-03,50.924590034993415,0.9764753342511305,2.3250973608943446,0
2026-03-16 02:15:00+00:00,device-03,52.672009097485905,1.0280047597015363,2.2471780000772443,0
2026-03-16 02:20:00+00:00,device-03,51.83086297299124,1.0585230571955713,2.3284909480713423,0
2026-03-16 02:25:00+00:00,device-03,51.11424961730839,1.0804284320538444,2.3492596540523527,0
2026-03-16 02:30:00+00:00,device-03,50.59721570626637,1.1132702168849906,2.341669321491912,0
2026-03-16 02:35:00+00:00,device-03,52.83423708735218,1.029252188516045,2.3042218134743635,0
2026-03-16 02:40:00+00:00,device-03,52.72187688838149,1.0164455637045446,2.2652730752243166,0
2026-03-16 02:45:00+00:00,device-03,50.946754128639654,1.094309727904804,2.322729039482735,0
2026-03-16 02:50:00+00:00,device-03,52.84005257188247,1.1134774950560677,2.4039849075806594,0
2026-03-16 02:55:00+00:00,device-03,51.86831183881878,1.029289636744361,2.3071675293381246,0
2026-03-16 03:00:00+00:00,device-03,51.609633506794616,1.0689752368818783,2.256242413693666,0
2026-03-16 03:05:00+00:00,device-03,51.692600697523694,1.1198395751469654,2.319432934438526,0
2026-03-16 03:10:00+00:00,device-03,51.56903803446367,1.0657590929583163,2.2211249925276606,0
2026-03-16 03:15:00+00:00,device-03,52.6751380684517,1.0457474056754954,2.3127552836880683,0
2026-03-16 03:20:00+00:00,device-03,51.83285355882219,0.9430786774851624,2.2797746930351646,0
2026-03-16 03:25:00+00:00,device-03,50.52524736762293,1.1126149398068221,2.358557311882917,0
2026-03-16 03:30:00+00:00,device-03,53.09295322556529,1.0772601873597218,2.305168423836645,0
2026-03-16 03:35:00+00:00,device-03,52.29602641882328,1.0501067704783476,2.3645067850717636,0
2026-03-16 03:40:00+00:00,device-03,51.00267427491275,1.0193176006771738,2.442833708322424,0
2026-03-16 03:45:00+00:00,device-03,51.47626792692307,0.978976795761942,2.285386296827669,0
2026-03-16 03:50:00+00:00,device-03,51.1127681489641,1.0353197722844028,2.246884362567351,0
2026-03-16 03:55:00+00:00,device-03,51.729236239721025,1.0338098876008623,2.327944150519382,0
2026-03-16 04:00:00+00:00,device-03,51.95119557089825,1.0930432361640803,2.2937897356822896,0
2026-03-16 04:05:00+00:00,device-03,51.843803781378675,0.9761134303448769,2.308245267310846,0
2026-03-16 04:10:00+00:00,device-03,51.291610669608474,1.1080018446140067,2.2617909139335293,0
2026-03-16 04:15:00+00:00,device-03,51.15416369690606,1.0363513884190985,2.334289327346836,0
2026-03-16 04:20:00+00:00,device-03,52.22552253847825,1.0929719798023334,2.3039576688381427,0
2026-03-16 04:25:00+00:00,device-03,51.60059090490779,0.9837062151460964,2.1646616098341096,0
2026-03-16 04:30:00+00:00,device-03,53.132008248621204,1.0485932738944292,2.284995072522434,0
2026-03-16 04:35:00+00:00,device-03,51.12751013348102,1.0912805172125069,2.320696601487045,0
2026-03-16 04:40:00+00:00,device-03,52.16495698464597,1.034733221272526,2.3735405258307654,0
2026-03-16 04:45:00+00:00,device-03,51.67580873545255,0.954178723562774,2.263918932399787,0
2026-03-16 04:50:00+00:00,device-03,51.141281641447165,1.0102223313810172,2.249947312115552,0
2026-03-16 04:55:00+00:00,device-03,52.522945087938794,1.0525099562256295,2.371909230099455,0
2026-03-16 05:00:00+00:00,device-03,51.7073261495791,0.9544468046454028,2.26211658974543,0
2026-03-16 05:05:00+00:00,device-03,51.036400007098216,0.9510882922314866,2.3068098169572018,0
2026-03-16 05:10:00+00:00,device-03,51.406275870598826,1.0341992281016754,2.3298270654778355,0
2026-03-16 05:15:00+00:00,device-03,52.27406014070531,0.9736922260386983,2.346429177016142,0
2026-03-16 05:20:00+00:00,device-03,50.80212321882596,1.0543833258006943,2.300948515720285,0
2026-03-16 05:25:00+00:00,device-03,52.49834692064001,0.960270140080041,2.2310748594520944,0
2026-03-16 05:30:00+00:00,device-03,52.03882603418889,0.9261155489465956,2.3636324640219026,0
2026-03-16 05:35:00+00:00,device-03,51.40272018700186,0.9781697294963417,2.2735040952892662,0
2026-03-16 05:40:00+00:00,device-03,52.46590812387814,1.090822124567692,2.268137532551867,0
2026-03-16 05:45:00+00:00,device-03,52.7163353530521,0.9717227088308888,2.425878670303977,0
2026-03-16 05:50:00+00:00,device-03,51.95802437595755,1.013671487282763,2.3555573062538877,0
2026-03-16 05:55:00+00:00,device-03,51.671670713607014,1.0252759712435433,2.2346562722497296,0
2026-03-16 06:00:00+00:00,device-03,52.762243863387624,0.9643088002086022,2.2707797067752145,0
2026-03-16 06:05:00+00:00,device-03,52.52591232524646,1.0655674548030227,2.285531373090141,0
2026-03-16 06:10:00+00:00,device-03,50.93433135977685,1.018746796263856,2.2541605138777254,0
2026-03-16 06:15:00+00:00,device-03,51.3993251360402,1.0311832975370419,2.1813645191355384,0
2026-03-16 06:20:00+00:00,device-03,51.387331981027096,0.9235966914931831,2.35097124638422,0
2026-03-16 06:25:00+00:00,device-03,51.25276583486328,0.9192073935519711,2.349365146133757,0
2026-03-16 06:30:00+00:00,device-03,50.5345353235723,0.867865407408992,2.3162133380583305,0
2026-03-16 06:35:00+00:00,device-03,52.099738956938644,0.9954129615384616,2.276002109921671,0
2026-03-16 06:40:00+00:00,device-03,51.55700974295903,0.9924586648953506,2.3142711860184018,0
2026-03-16 06:45:00+00:00,device-03,51.56025661486064,1.0392094163789043,2.3408557356506323,0
2026-03-16 06:50:00+00:00,device-03,52.41209942854186,1.0764311874718997,2.2361420872850593,0
2026-03-16 06:55:00+00:00,device-03,51.111602866463,0.988376942917748,2.280411207498399,0
2026-03-16 07:00:00+00:00,device-03,51.43807592995342,0.9866737375184292,2.266287682575548,0
2026-03-16 07:05:00+00:00,device-03,51.648298550039144,1.021754394162211,2.34451365356949,0
2026-03-16 07:10:00+00:00,device-03,51.17811961241411,1.074834989505841,2.3174307017536524,0
2026-03-16 07:15:00+00:00,device-03,51.38212300074837,0.956096846097411,2.220271830482298,0
2026-03-16 07:20:00+00:00,device-03,51.95103919496488,1.0277629226862692,2.262737377294349,0
2026-03-16 07:25:00+00:00,device-03,51.43550107123927,0.9831422161725911,2.4111428715652887,0
2026-03-16 07:30:00+00:00,device-03,52.30808356136081,0.977851502430461,2.240716924559994,0
2026-03-16 07:35:00+00:00,device-03,50.93421331791618,1.034517569546162,2.3105237111888317,0
2026-03-16 07:40:00+00:00,device-03,51.55268958234206,0.9532381575515346,2.2619367951809197,0
2026-03-16 07:45:00+00:00,device-03,50.47583109111562,0.9384383528715211,2.378733044619799,0
2026-03-16 07:50:00+00:00,device-03,51.32835838640343,1.0243767361437748,2.2971084078787505,0
2026-03-16 07:55:00+00:00,device-03,50.93738751712882,0.9889357413292343,2.2738985930368725,0
2026-03-16 08:00:00+00:00,device-03,52.28688735150881,0.9761446362801129,2.2279319177797023,0
2026-03-16 08:05:00+00:00,device-03,51.87382837077633,0.9818083149136884,2.285788104246508,0
2026-03-16 08:10:00+00:00,device-03,51.71193933946029,1.0125084723524307,2.3525577954985404,0
2026-03-16 08:15:00+00:00,device-03,52.583330122523925,0.9682788031640275,2.342834209415759,0
2026-03-16 08:20:00+00:00,device-03,52.31206811022942,1.0242921016622906,2.2186581636925706,0
2026-03-16 08:25:00+00:00,device-03,51.827922679566775,1.0058825802832339,2.39794375896455,0
2026-03-16 08:30:00+00:00,device-03,50.89393250629054,1.0585134891591308,2.285573170400291,0
2026-03-16 08:35:00+00:00,device-03,50.38893344936148,1.0468909126389283,2.2353466684395404,0
2026-03-16 08:40:00+00:00,device-03,51.31354607076405,1.0256424235646098,2.3087561851849707,0
2026-03-16 08:45:00+00:00,device-03,51.09152028763582,0.9718012670238081,2.262111673299359,0
2026-03-16 08:50:00+00:00,device-03,50.8921202302588,0.9870887389883283,2.26475330471565,0
2026-03-16 08:55:00+00:00,device-03,51.11928786722822,0.9507224602763307,2.2613936262371723,0
2026-03-16 09:00:00+00:00,device-03,50.21338080472036,1.1223193570523473,2.2950108630314383,0
2026-03-16 09:05:00+00:00,device-03,52.277600054625786,0.9677836881484891,2.269481490399359,0
2026-03-16 09:10:00+00:00,device-03,50.536205648755946,1.005947972245534,2.1942462988379208,0
2026-03-16 09:15:00+00:00,device-03,50.837219844359055,1.045402825387057,2.3329084123365558,0
2026-03-16 09:20:00+00:00,device-03,51.64805686315081,0.9084754696737265,2.267999920594085,0
2026-03-16 09:25:00+00:00,device-03,50.19120992427735,0.9346242970798555,2.3746378883824724,0
2026-03-16 09:30:00+00:00,device-03,51.8643896820751,0.9554815596251678,2.3335382370315667,0
2026-03-16 09:35:00+00:00,device-03,51.86778416346675,0.9247729227067414,2.338516674900907,0
2026-03-16 09:40:00+00:00,device-03,51.03500417278763,0.9103880470553887,2.311448167967694,0
2026-03-16 09:45:00+00:00,device-03,50.52202585564755,0.9473047172630149,2.3805603179375665,0
2026-03-16 09:50:00+00:00,device-03,50.91277404512003,1.037146705928368,2.279694830667128,0
2026-03-16 09:55:00+00:00,device-03,49.99588822107881,1.008050244693951,2.238298795176412,0
2026-03-16 10:00:00+00:00,device-03,52.12621044632172,0.9729082725445821,2.3213084688641925,0
2026-03-16 10:05:00+00:00,device-03,51.237432283976986,0.9719324059424458,2.1309593341144213,0
2026-03-16 10:10:00+00:00,device-03,50.7072316359035,0.886778571725448,2.276851346698662,0
2026-03-16 10:15:00+00:00,device-03,50.5859425469035,1.0040836212157802,2.3129924381823583,0
2026-03-16 10:20:00+00:00,device-03,51.55656814777193,0.9899339855563065,2.27376189625452,0
2026-03-16 10:25:00+00:00,device-03,52.16284022596689,0.9138672436853073,2.377512152624204,0
2026-03-16 10:30:00+00:00,device-03,50.3192531605811,0.9777467424441459,2.3429275988293714,0
2026-03-16 10:35:00+00:00,device-03,50.773088140128166,0.9571628445619264,2.3063656784217783,0
2026-03-16 10:40:00+00:00,device-03,49.98198651401215,0.9402873174606023,2.274418230598827,0
2026-03-16 10:45:00+00:00,device-03,51.583641834644226,0.9161659524656149,2.3670995884354604,0
2026-03-16 10:50:00+00:00,device-03,51.23195635834278,0.9312600924225097,2.2569660954368387,0
2026-03-16 10:55:00+00:00,device-03,52.61471493385341,0.9173364139025437,2.273184290718996,0
2026-03-16 11:00:00+00:00,device-03,51.03079780715926,0.9870167772237192,2.345201810382282,0
2026-03-16 11:05:00+00:00,device-03,50.81514146772575,0.9816663927603828,2.335716623806561,0
2026-03-16 11:10:00+00:00,device-03,50.62570707486503,0.9789876043370243,2.4248683165598135,0
2026-03-16 11:15:00+00:00,device-03,51.65154711528523,0.9532157985986373,2.2851488965691966,0
2026-03-16 11:20:00+00:00,device-03,49.99998221260257,0.9414293432111757,2.1818562327661475,0
2026-03-16 11:25:00+00:00,device-03,51.566889213279495,1.0634651963350896,2.3392528170520843,0
2026-03-16 11:30:00+00:00,device-03,51.22490121041787,0.8676944241649296,2.376202601335596,0
2026-03-16 11:35:00+00:00,device-03,50.71808860046467,1.0201750046803806,2.2879133136613885,0
2026-03-16 11:40:00+00:00,device-03,50.44638686649899,0.9775444087781642,2.394645789870888,0
2026-03-16 11:45:00+00:00,device-03,51.73474194548637,0.9628464508125794,2.4082774030913976,0
2026-03-16 11:50:00+00:00,device-03,52.261108911168364,0.933475739988156,2.256514513837734,0
2026-03-16 11:55:00+00:00,device-03,50.72315365205777,0.9475360194824307,2.267863271240913,0
2026-03-16 12:00:00+00:00,device-03,51.36103913233874,0.898728232221277,2.2199265206753664,0
2026-03-16 12:05:00+00:00,device-03,52.15689931362659,0.8882245744118106,2.3310601308872023,0
2026-03-16 12:10:00+00:00,device-03,50.58149416956607,0.9516039656369719,2.3418269975865478,0
2026-03-16 12:15:00+00:00,device-03,50.816946757612705,0.8739645055283796,2.3346527813153535,0
2026-03-16 12:20:00+00:00,device-03,50.16587553812851,0.9983532667012385,2.2205876720100997,0
2026-03-16 12:25:00+00:00,device-03,50.86849188705069,1.0117401560901291,2.249594559668363,0
2026-03-16 12:30:00+00:00,device-03,50.903674923828596,0.7835787340500942,2.2080718164557402,0
2026-03-16 12:35:00+00:00,device-03,50.67125683984525,0.8775936464514243,2.1967412411557743,0
2026-03-16 12:40:00+00:00,device-03,50.44939248982019,0.9684870718722847,2.213046304386997,0
2026-03-16 12:45:00+00:00,device-03,49.87997376321492,0.9651310680451302,2.198363076507802,0
2026-03-16 12:50:00+00:00,device-03,50.029089777621245,0.9597671886070775,2.284866212153735,0
2026-03-16 12:55:00+00:00,device-03,50.26450908331065,0.9749644865236979,2.3222268569505284,0
2026-03-16 13:00:00+00:00,device-03,51.33068441556,0.9908821767516675,2.3345574819044823,0
2026-03-16 13:05:00+00:00,device-03,50.55736888237528,0.9965481328725683,2.2944348051135437,0
2026-03-16 13:10:00+00:00,device-03,50.320614963102415,1.0424539695291533,2.2539551803799243,0
2026-03-16 13:15:00+00:00,device-03,51.314056746615954,0.9540112690670843,2.2947372034830336,0
2026-03-16 13:20:00+00:00,device-03,51.242898955296745,0.9955835412497988,2.3304878838195555,0
2026-03-16 13:25:00+00:00,device-03,50.358009498501964,0.8709873319099365,2.27672454807853,0
2026-03-16 13:30:00+00:00,device-03,50.43393682171059,0.9453088537565794,2.298163341065462,0
2026-03-16 13:35:00+00:00,device-03,51.281096444392205,0.8906581686786005,2.2757786468552594,0
2026-03-16 13:40:00+00:00,device-03,51.07539961956534,1.021070894558691,2.2621158171839433,0
2026-03-16 13:45:00+00:00,device-03,50.26718590554067,1.0679354123520037,2.2964859807358384,0
2026-03-16 13:50:00+00:00,device-03,50.974387274943545,0.9780497808027261,2.2251539083304044,0
2026-03-16 13:55:00+00:00,device-03,50.78555972198512,0.8857402504263658,2.359084911184286,0
2026-03-16 14:00:00+00:00,device-03,51.53770527374893,0.9449403672076723,2.1972140737752657,0
2026-03-16 14:05:00+00:00,device-03,50.20889348480335,0.9518591192981709,2.3221989628093955,0
2026-03-16 14:10:00+00:00,device-03,51.36573360901534,0.9601454969326154,2.2092671027332975,0
2026-03-16 14:15:00+00:00,device-03,51.056277842648264,1.0045166048575078,2.386720992303873,0
2026-03-16 14:20:00+00:00,device-03,50.08681851034569,0.9976116487876361,2.3468777060198813,0
2026-03-16 14:25:00+00:00,device-03,51.452541754131104,0.8172890628272527,2.242778202663607,0
2026-03-16 14:30:00+00:00,device-03,51.34670851128793,1.0179607922811202,2.264976629935963,0
2026-03-16 14:35:00+00:00,device-03,49.85168488823848,0.9246878325194583,2.222850366071797,0
2026-03-16 14:40:00+00:00,device-03,52.04396286281417,0.9214445473220608,2.2887932364016588,0
2026-03-16 14:45:00+00:00,device-03,49.94762992166614,1.0201319344719944,2.3176240996449584,0
2026-03-16 14:50:00+00:00,device-03,50.08990225013493,0.9358575435291671,2.449942715413939,0
2026-03-16 14:55:00+00:00,device-03,50.478487973681574,0.8805946810506717,2.2073955078005976,0
2026-03-16 15:00:00+00:00,device-03,51.198758865164876,0.8827679177542292,2.368297464334831,0
2026-03-16 15:05:00+00:00,device-03,51.064260715229764,0.951869797628809,2.255452876374601,0
2026-03-16 15:10:00+00:00,device-03,50.602299134498004,0.9943047202214534,2.3082607664739396,0
2026-03-16 15:15:00+00:00,device-03,51.5692065762081,1.0239407421638378,2.345329492197874,0
2026-03-16 15:20:00+00:00,device-03,50.91732404989193,0.9403208911886409,2.3243981114914525,0
2026-03-16 15:25:00+00:00,device-03,51.57036527045759,0.9254174261516929,2.3167417694467036,0
2026-03-16 15:30:00+00:00,device-03,52.512973810432655,1.029978551188219,2.278259933130076,0
2026-03-16 15:35:00+00:00,device-03,50.747636809435605,0.9259466641606569,2.289702171123721,0
2026-03-16 15:40:00+00:00,device-03,48.88448212627938,1.0217363282743452,2.2994446578751715,0
2026-03-16 15:45:00+00:00,device-03,50.29597203438316,0.9605793511980584,2.3638262461438155,0
2026-03-16 15:50:00+00:00,device-03,49.868460201683355,0.9607476736651948,2.1989469763034775,0
2026-03-16 15:55:00+00:00,device-03,50.64175318621866,0.937159613590077,2.2590154866117054,0
2026-03-16 16:00:00+00:00,device-03,50.635903743898936,0.9638132813195327,2.2121907060923225,0
2026-03-16 16:05:00+00:00,device-03,49.737619666912714,0.9258134884296259,2.2294338858249865,0
2026-03-16 16:10:00+00:00,device-03,49.776941489396194,0.9151516726692955,2.23945564388705,0
2026-03-16 16:15:00+00:00,device-03,50.364324608387484,0.9424226378995716,2.3562741025495315,0
2026-03-16 16:20:00+00:00,device-03,50.399845624792476,0.9167638454252452,2.420632085618352,0
2026-03-16 16:25:00+00:00,device-03,48.77129854930147,0.9645828409122882,2.371683418371584,0
2026-03-16 16:30:00+00:00,device-03,51.167174387534324,0.9537509399193066,2.2146892901950976,0
2026-03-16 16:35:00+00:00,device-03,50.52376779811857,0.9364975331774398,2.2922182890303064,0
2026-03-16 16:40:00+00:00,device-03,50.48650228418276,0.9397553761831329,2.217289248298955,0
2026-03-16 16:45:00+00:00,device-03,50.683445775749135,0.9384526153768035,2.3145994761504247,0
2026-03-16 16:50:00+00:00,device-03,49.78369998785178,1.0369729341945055,2.365319480729818,0
2026-03-16 16:55:00+00:00,device-03,50.42979180648199,0.9497299349611967,2.3228971549620905,0
2026-03-16 17:00:00+00:00,device-03,51.154646779282224,0.9206667614151619,2.340124709905415,0
2026-03-16 17:05:00+00:00,device-03,51.171503576773055,0.935753255147116,2.2770656762755888,0
2026-03-16 17:10:00+00:00,device-03,50.74674957867527,0.9838478506195,2.1644183211913455,0
2026-03-16 17:15:00+00:00,device-03,50.23639076539044,0.9409058655342282,2.163386962722185,0
2026-03-16 17:20:00+00:00,device-03,49.85988478176553,0.9436063663287314,2.2793288468116866,0
2026-03-16 17:25:00+00:00,device-03,51.29835960880811,0.9385503970670226,2.3206023352685308,0
2026-03-16 17:30:00+00:00,device-03,50.750545354009695,0.959823492020409,2.3632694851531264,0
2026-03-16 17:35:00+00:00,device-03,50.099323605312804,0.9713596935279775,2.263168677052575,0
2026-03-16 17:40:00+00:00,device-03,48.90472940569641,0.974260600986812,2.288991524670595,0
2026-03-16 17:45:00+00:00,device-03,49.77621932413799,0.8705797431717448,2.299900621755252,0
2026-03-16 17:50:00+00:00,device-03,49.04724770605702,0.8992673157511027,2.3494272317211293,0
2026-03-16 17:55:00+00:00,device-03,51.192647221158076,0.8215233589127459,2.279293179470363,0
2026-03-16 18:00:00+00:00,device-03,50.46452623514502,0.9932367616459018,2.2158311952325724,0
2026-03-16 18:05:00+00:00,device-03,49.820330790969344,1.0088724999812866,2.3498048375349794,0
2026-03-16 18:10:00+00:00,device-03,50.12853618990436,1.0187803298445752,2.3081534154274723,0
2026-03-16 18:15:00+00:00,device-03,52.07504130257241,0.961292795854718,2.3061040014898366,0
2026-03-16 18:20:00+00:00,device-03,51.125313962106645,1.011867339730895,2.203846608596871,0
2026-03-16 18:25:00+00:00,device-03,49.37109293370526,0.9529343638143889,2.2815194647816677,0
2026-03-16 18:30:00+00:00,device-03,50.18802735795754,0.9491030187277824,2.1757248143267613,0
2026-03-16 18:35:00+00:00,device-03,49.42747796166019,0.878503949502528,2.157707859892164,0
2026-03-16 18:40:00+00:00,device-03,49.08038018765378,0.9167806058175875,2.2665171088792038,0
2026-03-16 18:45:00+00:00,device-03,50.366443245343866,0.9266872609925647,2.2540225696995195,0
2026-03-16 18:50:00+00:00,device-03,51.88832783450595,1.0025483729430729,2.31556043302022,0
2026-03-16 18:55:00+00:00,device-03,51.29531922316756,1.039946662572534,2.3691362262416926,0
2026-03-16 19:00:00+00:00,device-03,50.24757231157578,0.934050227072827,2.277866959318371,0
2026-03-16 19:05:00+00:00,device-03,49.95016718518123,0.9765133519707105,2.3899003276003015,0
2026-03-16 19:10:00+00:00,device-03,50.33573118024106,0.9721179113637214,2.243162878673443,0
2026-03-16 19:15:00+00:00,device-03,50.89663989183721,0.9201194189640827,2.3261200184945596,0
2026-03-16 19:20:00+00:00,device-03,49.176061090033436,0.8732186996075666,2.200696538106478,0
2026-03-16 19:25:00+00:00,device-03,48.88567112025691,0.9220589101980701,2.28630284801024,0
2026-03-16 19:30:00+00:00,device-03,51.44881531022117,0.8883519446421227,2.258717525935173,0
2026-03-16 19:35:00+00:00,device-03,50.34025477774357,0.9448454523320282,2.2650255379847755,0
2026-03-16 19:40:00+00:00,device-03,51.24133000172207,0.9540314850959469,2.313881423519341,0
2026-03-16 19:45:00+00:00,device-03,50.291273392534606,0.9525622778694446,2.161113120556613,0
2026-03-16 19:50:00+00:00,device-03,51.13371791921187,0.9537021144806161,2.284112871983492,0
2026-03-16 19:55:00+00:00,device-03,49.68742595146098,0.9867599047096215,2.22662281156812,0
2026-03-16 20:00:00+00:00,device-03,50.44050642706937,0.9166080745055026,2.2835703701165366,0
2026-03-16 20:05:00+00:00,device-03,51.1565309474845,1.008026725606323,2.3002496659004175,0
2026-03-16 20:10:00+00:00,device-03,50.78137379306674,0.8807260175474426,2.2528587502662973,0
2026-03-16 20:15:00+00:00,device-03,49.750858196165574,0.967876424176932,2.252460607168929,0
2026-03-16 20:20:00+00:00,device-03,50.67483208813042,0.9847300053526029,2.2040723892345153,0
2026-03-16 20:25:00+00:00,device-03,49.589373067107154,0.9263597495110263,2.308576781655305,0
2026-03-16 20:30:00+00:00,device-03,49.05384899479742,0.8868457296796919,2.232999165703006,0
2026-03-16 20:35:00+00:00,device-03,50.38931744507217,0.9989293889996538,2.3014538118297723,0
2026-03-16 20:40:00+00:00,device-03,50.984579692831836,0.9340235552872953,2.185966448254002,0
2026-03-16 20:45:00+00:00,device-03,50.59499681017098,1.0072857532381612,2.35768439526942,0
2026-03-16 20:50:00+00:00,device-03,49.12823018704721,1.0072352526914412,2.210209470832548,0
2026-03-16 20:55:00+00:00,device-03,50.58897320235442,0.9692115477304246,2.344020196175743,0
2026-03-16 21:00:00+00:00,device-03,50.447824268244844,0.9700638240321751,2.2448437527348757,0
2026-03-16 21:05:00+00:00,device-03,49.64964693315934,1.020066887512426,2.305696749816758,0
2026-03-16 21:10:00+00:00,device-03,48.23679566924939,0.9902297577361086,2.26292043222541,0
2026-03-16 21:15:00+00:00,device-03,50.65104566001586,0.9255412125476301,2.3132389526067305,0
2026-03-16 21:20:00+00:00,device-03,50.551985638245455,0.9811566753648252,2.271358226101866,0
2026-03-16 21:25:00+00:00,device-03,50.27244911489778,1.0010994193802558,2.3489068306472434,0
2026-03-16 21:30:00+00:00,device-03,48.717865536274864,0.9842685720368131,2.311738394139296,0
2026-03-16 21:35:00+00:00,device-03,48.87495947338916,0.984312058718701,2.3119799071995106,0
2026-03-16 21:40:00+00:00,device-03,50.59996827558481,0.9682254045148047,2.3724587439290303,0
2026-03-16 21:45:00+00:00,device-03,50.44494435460304,0.9703875278402831,2.2263918765250317,0
2026-03-16 21:50:00+00:00,device-03,50.22097495156223,0.930400919154711,2.349085011579987,0
2026-03-16 21:55:00+00:00,device-03,49.69659786986959,0.9064407799300737,2.273015376876362,0
2026-03-16 22:00:00+00:00,device-03,50.13149088694086,1.0346016249365004,2.177223677762248,0
2026-03-16 22:05:00+00:00,device-03,49.47163147791471,0.9475344846619158,2.2973233427939745,0
2026-03-16 22:10:00+00:00,device-03,49.62092102474724,0.9910898067372127,2.2549737066443214,0
2026-03-16 22:15:00+00:00,device-03,49.22540899442385,0.9060127105399295,2.3710354716127844,0
2026-03-16 22:20:00+00:00,device-03,49.997312808586265,0.9894516805564341,2.2365510420997254,0
2026-03-16 22:25:00+00:00,device-03,49.51727258675683,0.9411362079827267,2.2694645768618065,0
2026-03-16 22:30:00+00:00,device-03,50.460201913925204,1.1309293202275967,2.2804894433411187,0
2026-03-16 22:35:00+00:00,device-03,50.289077446720064,0.9332319388167994,2.148417055160081,0
2026-03-16 22:40:00+00:00,device-03,49.212996711171385,0.9366871258463277,2.296587924704527,0
2026-03-16 22:45:00+00:00,device-03,51.04667140486002,1.032501120341597,2.2037593350030136,0
2026-03-16 22:50:00+00:00,device-03,48.97696220102681,1.0429994062499257,2.351190206784752,0
2026-03-16 22:55:00+00:00,device-03,50.06187035886825,0.8823812825617214,2.3667002754195994,0
2026-03-16 23:00:00+00:00,device-03,50.4930269223429,1.000740809557635,2.263284139899377,0
2026-03-16 23:05:00+00:00,device-03,50.62122237357739,1.0326211143539548,2.1658642647603004,0
2026-03-16 23:10:00+00:00,device-03,48.18081131339018,0.9288769249006219,2.274212239353743,0
2026-03-16 23:15:00+00:00,device-03,50.406506008404854,1.024631441487186,2.273487662135749,0
2026-03-16 23:20:00+00:00,device-03,50.54930891480711,0.9652616251672703,2.306592451855814,0
2026-03-16 23:25:00+00:00,device-03,50.69222614913996,0.9427170833744658,2.243635667614883,0
2026-03-16 23:30:00+00:00,device-03,48.12726408669894,0.975804867995726,2.188225019529126,0
2026-03-16 23:35:00+00:00,device-03,49.19710645585121,0.9711827889054451,2.2523336988240117,0
2026-03-16 23:40:00+00:00,device-03,49.590395135148796,0.9259266401616209,2.2037137028082134,0
2026-03-16 23:45:00+00:00,device-03,49.33824360865023,1.107184908185442,2.3693220265322994,0
2026-03-16 23:50:00+00:00,device-03,50.5756887569292,0.9742234256228705,2.2163659141671466,0
2026-03-16 23:55:00+00:00,device-03,49.15579092678121,0.96066348979431,2.219354664052003,0
2026-03-17 00:00:00+00:00,device-03,50.47799739657984,1.0411577286364413,2.2562013517642523,0
2026-03-17 00:05:00+00:00,device-03,50.002232945495734,0.9960338012050461,2.1823592624860897,0
2026-03-17 00:10:00+00:00,device-03,48.584357940875684,1.0668621978023471,2.2308492866409004,0
2026-03-17 00:15:00+00:00,device-03,48.89744592560217,0.9882506858553829,2.2495387257144293,0
2026-03-17 00:20:00+00:00,device-03,49.25284289019376,1.0199449109157623,2.2273826057616843,0
2026-03-17 00:25:00+00:00,device-03,49.638575937696004,1.0080743283298805,2.2415744093694094,0
2026-03-17 00:30:00+00:00,device-03,50.25560918277984,1.0126922919912567,2.332991871260427,0
2026-03-17 00:35:00+00:00,device-03,49.42376638376332,0.9950447033960368,2.2828867318563018,0
2026-03-17 00:40:00+00:00,device-03,50.17748684020308,1.0011896764827861,2.1735003870928935,0
2026-03-17 00:45:00+00:00,device-03,48.43078734958735,1.0906135901233889,2.2289469637027937,0
2026-03-17 00:50:00+00:00,device-03,47.38855457586902,0.9745635430257306,2.300859250233405,0
2026-03-17 00:55:00+00:00,device-03,49.27663167698412,0.9822274296001723,2.2145039732288527,0
2026-03-17 01:00:00+00:00,device-03,49.82367994476519,0.9933011582569885,2.2591313973567164,0
2026-03-17 01:05:00+00:00,device-03,49.24029826615035,1.0397049794744895,2.251903323368929,0
2026-03-17 01:10:00+00:00,device-03,48.776744437119525,1.0323174090234002,2.2857584856463378,0
2026-03-17 01:15:00+00:00,device-03,49.769398060577814,1.0598520402024136,2.2418050898772135,0
2026-03-17 01:20:00+00:00,device-03,50.81718746604431,0.9479439632974168,2.24370432268769,0
2026-03-17 01:25:00+00:00,device-03,49.38210599244008,1.0283713489854909,2.199125755943425,0
2026-03-17 01:30:00+00:00,device-03,48.93666159176462,1.0077981606811943,2.273640299610483,0
2026-03-17 01:35:00+00:00,device-03,48.8434526883261,1.0033836868446526,2.1940085289885887,0
2026-03-17 01:40:00+00:00,device-03,50.80187895102722,1.0267811017653246,2.3572603831853662,0
2026-03-17 01:45:00+00:00,device-03,49.38786634459702,0.9220266103010167,2.2489711625280266,0
2026-03-17 01:50:00+00:00,device-03,49.835042666424116,1.0343274278611112,2.2360023224546284,0
2026-03-17 01:55:00+00:00,device-03,50.25097587965393,1.0290205012791136,2.2977967990051282,0
2026-03-17 02:00:00+00:00,device-03,50.14146095247151,0.9520792682512857,2.243658692462426,0
2026-03-17 02:05:00+00:00,device-03,48.73254921223519,1.0192961990481304,2.2538716248453627,0
2026-03-17 02:10:00+00:00,device-03,50.03763376431207,1.101941460521263,2.2447599241632257,0
2026-03-17 02:15:00+00:00,device-03,49.949609983082176,1.006955946916396,2.2029375876417703,0
2026-03-17 02:20:00+00:00,device-03,49.69191979278707,1.05669703098546,2.1904047534822055,0
2026-03-17 02:25:00+00:00,device-03,50.046726399738255,1.0172188751957494,2.203634718753473,0
2026-03-17 02:30:00+00:00,device-03,48.93766561511827,0.9892733691629865,2.315771859753088,0
2026-03-17 02:35:00+00:00,device-03,49.269101750096006,0.9849856176256346,2.207138878033938,0
2026-03-17 02:40:00+00:00,device-03,48.94443416637471,1.0120430742791005,2.22031783446606,0
2026-03-17 02:45:00+00:00,device-03,49.83315821681388,1.0973072496720362,2.217191586105886,0
2026-03-17 02:50:00+00:00,device-03,48.83580850048589,1.074446000842969,2.2872382335805623,0
2026-03-17 02:55:00+00:00,device-03,49.558949046132696,1.0001359162868195,2.365662188547081,0
2026-03-17 03:00:00+00:00,device-03,48.50846488514991,1.0857401033433691,2.186586357812008,0
2026-03-17 03:05:00+00:00,device-03,49.179564855049044,1.0310697233091721,2.276668996965134,0
2026-03-17 03:10:00+00:00,device-03,49.00238916981723,1.0043109706523263,2.2498235001449274,0
2026-03-17 03:15:00+00:00,device-03,49.166428917611825,1.0610221846285952,2.2233960634952963,0
2026-03-17 03:20:00+00:00,device-03,49.33015615275134,0.995686342985721,2.272597698352884,0
2026-03-17 03:25:00+00:00,device-03,49.099173786163384,0.9642536408487589,2.162975147771866,0
2026-03-17 03:30:00+00:00,device-03,49.06503580598964,1.1072688839291533,2.2917615951353443,0
2026-03-17 03:35:00+00:00,device-03,47.7602733690909,0.9538700644982856,2.2536851735379315,0
2026-03-17 03:40:00+00:00,device-03,49.97397040157187,1.0723380455445022,2.1783662761858613,0
2026-03-17 03:45:00+00:00,device-03,48.75482522984836,0.9712092678684167,2.33710132998127,0
2026-03-17 03:50:00+00:00,device-03,49.010643900179424,1.0464218053031888,2.2909686903297652,0
2026-03-17 03:55:00+00:00,device-03,48.59370756942035,1.0392583978934111,2.3096238290075566,0
2026-03-17 04:00:00+00:00,device-03,49.863186811429735,1.0284900847494343,2.1483489173729637,0
2026-03-17 04:05:00+00:00,device-03,48.521645395849106,0.9432592092260323,2.2205661556461203,0
2026-03-17 04:10:00+00:00,device-03,49.49862735072349,1.0472365500213408,2.2046476923346026,0
2026-03-17 04:15:00+00:00,device-03,49.96137767191067,1.0519932869627409,2.274741157668437,0
2026-03-17 04:20:00+00:00,device-03,50.2793977723931,1.0106194370022807,2.3189870223536992,0
2026-03-17 04:25:00+00:00,device-03,49.95029760741237,1.0528731240971985,2.1182565018630126,0
2026-03-17 04:30:00+00:00,device-03,49.543272731204354,1.10653936988945,2.23604110902314,0
2026-03-17 04:35:00+00:00,device-03,48.26265344526015,1.023133582043406,2.226565185798287,0
2026-03-17 04:40:00+00:00,device-03,49.99524374408039,1.0725742703563665,2.2951675172781734,0
2026-03-17 04:45:00+00:00,device-03,49.91488960593953,1.004231556501033,2.2308153520628373,0
2026-03-17 04:50:00+00:00,device-03,49.661284917817305,1.081186549017991,2.1547121705712797,0
2026-03-17 04:55:00+00:00,device-03,49.62811558397845,1.0951268352498316,2.2203761644458493,0
2026-03-17 05:00:00+00:00,device-03,49.111717465253754,1.1873059980984433,2.168198513296418,0
2026-03-17 05:05:00+00:00,device-03,48.6895276951348,1.1107084458971923,2.183563944970438,0
2026-03-17 05:10:00+00:00,device-03,49.79707294629325,1.0885951133362646,2.233393404247939,0
2026-03-17 05:15:00+00:00,device-03,49.92305253941114,1.1380267029115982,2.2007844140925523,0
2026-03-17 05:20:00+00:00,device-03,48.298703715316606,1.0205791077113078,2.2469228550326275,0
2026-03-17 05:25:00+00:00,device-03,49.655108153836046,1.1238401901507926,2.1361467278617337,0
2026-03-17 05:30:00+00:00,device-03,49.18003991116108,1.0452532075777066,2.371210157646959,0
2026-03-17 05:35:00+00:00,device-03,49.61934283470679,1.042828884480145,2.305658227533392,0
2026-03-17 05:40:00+00:00,device-03,49.18356470823608,1.1287114241023046,2.2717843501272985,0
2026-03-17 05:45:00+00:00,device-03,49.75979526461925,1.0874411118399945,2.1478721275446433,0
2026-03-17 05:50:00+00:00,device-03,49.691396796462776,1.1425567771398246,2.0942922656002363,0
2026-03-17 05:55:00+00:00,device-03,49.58688485327561,1.0069157091458398,2.1732256145478006,0
2026-03-17 06:00:00+00:00,device-03,47.99740187157174,1.0930896748972683,2.2114281442430674,0
2026-03-17 06:05:00+00:00,device-03,49.52613031213062,1.0549802116675502,2.36207420808142,0
2026-03-17 06:10:00+00:00,device-03,48.97823115687835,1.068835822957534,2.3047973186222483,0
2026-03-17 06:15:00+00:00,device-03,48.15005271559073,0.9894007015930535,2.1918865089222126,0
2026-03-17 06:20:00+00:00,device-03,49.42048510752739,1.130886003755661,2.2977211099493275,0
2026-03-17 06:25:00+00:00,device-03,47.96591279618671,1.0963071679455951,2.298156307289483,0
2026-03-17 06:30:00+00:00,device-03,49.53519610162649,1.0386303907262695,2.2235012252758044,0
2026-03-17 06:35:00+00:00,device-03,50.083848104138816,1.0221331244758027,2.2966715731536187,0
2026-03-17 06:40:00+00:00,device-03,48.54542706390993,1.0469039820472548,2.241734886903149,0
2026-03-17 06:45:00+00:00,device-03,49.52836061747387,1.1598512170570532,2.1807709924142715,0
2026-03-17 06:50:00+00:00,device-03,49.19414159944519,1.087344237819702,2.148342698448929,0
2026-03-17 06:55:00+00:00,device-03,49.32498556332374,1.0771197904618686,2.2123500291171263,0
2026-03-17 07:00:00+00:00,device-03,47.92357807382547,1.1191085319655854,2.280569734923119,0
2026-03-17 07:05:00+00:00,device-03,49.28062953270629,1.096684574392085,2.1356740449371534,0
2026-03-17 07:10:00+00:00,device-03,48.94205094005091,1.1087946235918409,2.1194431399721774,0
2026-03-17 07:15:00+00:00,device-03,49.35554255254401,1.1352440045554604,2.251478006891114,0
2026-03-17 07:20:00+00:00,device-03,48.83956594080766,1.116230177296531,2.05051385245268,0
2026-03-17 07:25:00+00:00,device-03,49.58771131459478,1.1444221240791095,2.328476515674866,0
2026-03-17 07:30:00+00:00,device-03,49.00901727500593,1.0438220242085137,2.1891302049149917,0
2026-03-17 07:35:00+00:00,device-03,49.28294493241843,1.1068589872173487,2.2605212985894623,0
2026-03-17 07:40:00+00:00,device-03,49.754220086181334,1.0876055244329994,2.329111166723777,0
2026-03-17 07:45:00+00:00,device-03,48.92244668069954,1.1115668168070638,2.1254734219950753,0
2026-03-17 07:50:00+00:00,device-03,49.478473596379864,1.105635946693191,2.149487537810705,0
2026-03-17 07:55:00+00:00,device-03,48.93879673865668,1.0776553644642088,2.35094586212958,0
2026-03-17 08:00:00+00:00,device-03,49.135768826895344,1.0930091915855926,2.1953788369049994,0
2026-03-17 08:05:00+00:00,device-03,48.40091806095643,1.1579653530261955,2.2044481004948917,0
2026-03-17 08:10:00+00:00,device-03,49.2962513073126,1.085573798170693,2.2256716424230896,0
2026-03-17 08:15:00+00:00,device-03,49.60133042571734,1.0528664587886183,2.2760111497062545,0
2026-03-17 08:20:00+00:00,device-03,48.687350296096,1.1444350522605926,2.2919444320099007,0
2026-03-17 08:25:00+00:00,device-03,49.28648562163124,1.1642527601553618,2.2168104430489297,0
2026-03-17 08:30:00+00:00,device-03,49.026022571395934,1.1045495780544234,2.1889488444576344,0
2026-03-17 08:35:00+00:00,device-03,47.95706639377781,1.125330714996094,2.2067173616480056,0
2026-03-17 08:40:00+00:00,device-03,48.958823294016184,1.0792198845946093,2.2269965382350594,0
2026-03-17 08:45:00+00:00,device-03,49.619770807512175,1.1116515517624506,2.2881769623019337,0
2026-03-17 08:50:00+00:00,device-03,48.36434634356876,1.1771564052872414,2.215585810811116,0
2026-03-17 08:55:00+00:00,device-03,47.46152834717672,1.163452365263415,2.318374332328121,0
2026-03-17 09:00:00+00:00,device-03,48.82707471404954,1.1326479715804805,2.1534937101926017,0
2026-03-17 09:05:00+00:00,device-03,48.23427401160129,1.113153023083112,2.2382096743101774,0
2026-03-17 09:10:00+00:00,device-03,49.98180939749392,1.0480092253112063,2.312737264109041,0
2026-03-17 09:15:00+00:00,device-03,48.63599414812221,1.1445943892248818,2.2834472878009167,0
2026-03-17 09:20:00+00:00,device-03,48.65384661287363,1.152842520320525,2.22426653262102,0
2026-03-17 09:25:00+00:00,device-03,48.216200654107176,1.1833089076556078,2.149141383810506,0
2026-03-17 09:30:00+00:00,device-03,48.81532634503652,1.2316250760234464,2.1590327056082437,0
2026-03-17 09:35:00+00:00,device-03,48.24696077875816,1.1525683757394645,2.1925505731463497,0
2026-03-17 09:40:00+00:00,device-03,48.00688462220992,1.1822339196997524,2.220634764369185,0
2026-03-17 09:45:00+00:00,device-03,48.57887110831751,1.0818945279830359,2.1857176676867582,0
2026-03-17 09:50:00+00:00,device-03,48.05649251624332,1.19683851868839,2.1111097415248645,0
2026-03-17 09:55:00+00:00,device-03,49.51604101819668,1.1815430211885682,2.1545743152566814,0
2026-03-17 10:00:00+00:00,device-03,47.797806403375546,1.2070129613696876,2.2310321095996772,0
2026-03-17 10:05:00+00:00,device-03,48.54354988826099,1.174542417247398,2.249926992163805,0
2026-03-17 10:10:00+00:00,device-03,48.1132741747893,1.1648690069714893,2.1122629125045003,0
2026-03-17 10:15:00+00:00,device-03,47.63054445218814,1.2162875859810347,2.1751905485540006,0
2026-03-17 10:20:00+00:00,device-03,49.7171621388274,1.1126638458396991,2.094263788826937,0
2026-03-17 10:25:00+00:00,device-03,47.120926348322,1.1778790834311805,2.161772189309795,0
2026-03-17 10:30:00+00:00,device-03,49.55970166477597,1.2005630684001851,2.413112455420062,0
2026-03-17 10:35:00+00:00,device-03,47.58245096322841,1.1104022778004659,2.199092837256565,0
2026-03-17 10:40:00+00:00,device-03,48.608369486445596,1.0936833066026632,2.1734171507532234,0
2026-03-17 10:45:00+00:00,device-03,50.09496050800766,1.1724106182099958,2.1579005785483307,0
2026-03-17 10:50:00+00:00,device-03,47.0708145454982,1.158488225403923,2.119194428547033,0
2026-03-17 10:55:00+00:00,device-03,47.58353907958566,1.1833562378791276,2.0788117070149768,0
2026-03-17 11:00:00+00:00,device-03,49.42095009072985,1.1862966006223399,2.189658047908192,0
2026-03-17 11:05:00+00:00,device-03,48.6321187774535,1.1185953207772141,2.174699958374407,0
2026-03-17 11:10:00+00:00,device-03,48.131553374647126,1.1737105139769428,2.2816994078253146,0
2026-03-17 11:15:00+00:00,device-03,48.47823371317141,1.2134444813327674,2.09007920613703,0
2026-03-17 11:20:00+00:00,device-03,47.83139837780127,1.1422578008880688,2.216589852595095,0
2026-03-17 11:25:00+00:00,device-03,48.57136187287431,1.1468630560609048,2.271567221145149,0
2026-03-17 11:30:00+00:00,device-03,49.50674755383212,1.1069261468535283,2.068590953643307,0
2026-03-17 11:35:00+00:00,device-03,48.21204023634544,1.2029393807804243,2.228434708768073,0
2026-03-17 11:40:00+00:00,device-03,48.56386664709855,1.259443845881809,2.0886665539953913,0
2026-03-17 11:45:00+00:00,device-03,49.287956020724415,1.0986307640970139,2.218919269927442,0
2026-03-17 11:50:00+00:00,device-03,49.820030928634196,1.2037144678909308,2.2768116188949605,0
2026-03-17 11:55:00+00:00,device-03,48.04618357024467,1.2117208054661304,2.1854386711050595,0
2026-03-17 12:00:00+00:00,device-03,48.6498794076393,1.1415289881399382,2.2026818230245864,0
2026-03-17 12:05:00+00:00,device-03,48.05129096721691,1.1518099895972314,2.1419101782955154,0
2026-03-17 12:10:00+00:00,device-03,47.98915475852535,1.120130906169585,2.201607940116349,0
2026-03-17 12:15:00+00:00,device-03,48.15079796064197,1.134026515286211,2.252716591082444,0
2026-03-17 12:20:00+00:00,device-03,47.985401922538045,1.1814106181509345,2.1714300189117353,0
2026-03-17 12:25:00+00:00,device-03,47.22598485870596,1.206241447405605,2.1734878635940604,0
2026-03-17 12:30:00+00:00,device-03,47.04222546878479,1.1812457088704074,2.205378290688685,0
2026-03-17 12:35:00+00:00,device-03,47.90039520970922,1.218340763456695,2.231320353148082,0
2026-03-17 12:40:00+00:00,device-03,48.486448131264986,1.1877278497211892,2.07981885259388,0
2026-03-17 12:45:00+00:00,device-03,49.22319068355296,1.1218633616682294,2.183281973905949,0
2026-03-17 12:50:00+00:00,device-03,48.02052821309082,1.2506732762604498,2.1369735047929246,0
2026-03-17 12:55:00+00:00,device-03,48.26383114014187,1.2387407744486914,2.208851677554618,0
2026-03-17 13:00:00+00:00,device-03,48.82611325549156,1.147465056628563,2.241359940577842,0
2026-03-17 13:05:00+00:00,device-03,48.8749660770339,1.2695360540566583,2.1963037772195713,0
2026-03-17 13:10:00+00:00,device-03,48.28309106561912,1.2070951999141841,2.25581045088306,0
2026-03-17 13:15:00+00:00,device-03,48.31965702362456,1.1917309458387866,2.115132925283777,0
2026-03-17 13:20:00+00:00,device-03,49.63505893898289,1.279796546331384,2.1502407405464576,0
2026-03-17 13:25:00+00:00,device-03,48.1158563944059,1.0656322809904304,2.113974864953109,0
2026-03-17 13:30:00+00:00,device-03,48.003851489854476,1.1101757645340955,2.1777174968421615,0
2026-03-17 13:35:00+00:00,device-03,47.21944509960154,1.2241015892894456,2.1793548195929704,0
2026-03-17 13:40:00+00:00,device-03,48.62605832544595,1.1785201662620408,2.160684153276303,0
2026-03-17 13:45:00+00:00,device-03,48.143037693570626,1.1453869472183524,2.097834469560861,0
2026-03-17 13:50:00+00:00,device-03,49.62768555020779,1.2660320016129067,2.16689925682113,0
2026-03-17 13:55:00+00:00,device-03,48.08380124838429,1.2173034011520112,2.144141427870866,0
2026-03-17 14:00:00+00:00,device-03,48.86483249214223,1.132352428156484,2.2074607375840034,0
2026-03-17 14:05:00+00:00,device-03,48.94271717745641,1.1633732087032607,2.1531795730961627,0
2026-03-17 14:10:00+00:00,device-03,49.427422313294066,1.237754891504413,2.240498053908081,0
2026-03-17 14:15:00+00:00,device-03,47.39491126425341,1.2845652510568961,2.1826853227522203,0
2026-03-17 14:20:00+00:00,device-03,49.36072588527251,1.1008753753714104,2.053850921050416,0
2026-03-17 14:25:00+00:00,device-03,48.292160625372645,1.211674399864161,2.156604844958102,0
2026-03-17 14:30:00+00:00,device-03,48.20663578212459,1.1818523275178643,2.0788550925876805,0
2026-03-17 14:35:00+00:00,device-03,48.06067221040759,1.1162483911615473,2.225419588169436,0
2026-03-17 14:40:00+00:00,device-03,47.99788622381651,1.194254635765088,2.253368959080731,0
2026-03-17 14:45:00+00:00,device-03,48.02793634613938,1.1251563603411416,2.163082106025824,0
2026-03-17 14:50:00+00:00,device-03,46.66051427828097,1.1780567161552193,2.1913070134826746,0
2026-03-17 14:55:00+00:00,device-03,48.60379755604473,1.2840460112317595,2.0747198884696987,0
2026-03-17 15:00:00+00:00,device-03,48.292482965925394,1.2311365966771983,2.024776161398827,0
2026-03-17 15:05:00+00:00,device-03,47.59382156768822,1.245088143373673,2.1281178053844507,0
2026-03-17 15:10:00+00:00,device-03,48.19677725177773,1.2371298090308784,2.1458908685098725,0
2026-03-17 15:15:00+00:00,device-03,49.80968567245675,1.2260870336125178,2.0680278626605504,0
2026-03-17 15:20:00+00:00,device-03,48.49182615076564,1.2571155936523013,2.16588572207541,0
2026-03-17 15:25:00+00:00,device-03,47.961544698410066,1.1537457679878798,2.1788667609508767,0
2026-03-17 15:30:00+00:00,device-03,49.39334765186323,1.1939199408837127,2.1985255651003746,0
2026-03-17 15:35:00+00:00,device-03,47.6736123175321,1.2539354118789328,2.253529805488281,0
2026-03-17 15:40:00+00:00,device-03,48.108750916054724,1.1776888675547812,2.207480177091015,0
2026-03-17 15:45:00+00:00,device-03,47.831231226841936,1.1927013043434225,2.1346430414755684,0
2026-03-17 15:50:00+00:00,device-03,48.043523927695794,1.2737769576398812,2.162955504166874,0
2026-03-17 15:55:00+00:00,device-03,48.70154776412969,1.2905755642878838,2.1927558779709613,0
2026-03-17 16:00:00+00:00,device-03,48.59411197505016,1.1870442333541789,2.0910411867681806,0
2026-03-17 16:05:00+00:00,device-03,47.69308250954158,1.177626193311074,2.2360748542756093,0
2026-03-17 16:10:00+00:00,device-03,48.100506353035186,1.2467211289431595,2.2093005116711053,0
2026-03-17 16:15:00+00:00,device-03,48.243080712080996,1.2322632273641918,2.1394409533948004,0
2026-03-17 16:20:00+00:00,device-03,47.9014879762748,1.1870127855750823,2.1135376514100597,0
2026-03-17 16:25:00+00:00,device-03,48.151883562117035,1.249741774745008,2.385638311342821,0
2026-03-17 16:30:00+00:00,device-03,47.68014138106516,1.2484436909985277,2.203023705532832,0
2026-03-17 16:35:00+00:00,device-03,47.66677548083437,1.2261463452792467,2.2084896067160207,0
2026-03-17 16:40:00+00:00,device-03,48.19549177747418,1.3663450592650093,2.2605570566011948,0
2026-03-17 16:45:00+00:00,device-03,47.45626105477073,1.2900276302666969,2.209746181335484,0
2026-03-17 16:50:00+00:00,device-03,48.44307055185227,1.2642120167936302,2.1617862307519733,0
2026-03-17 16:55:00+00:00,device-03,48.021611397479184,1.2751367214990263,2.1914465177424747,0
2026-03-17 17:00:00+00:00,device-03,47.52111548235455,1.3704307781715281,2.091521301203366,0
2026-03-17 17:05:00+00:00,device-03,47.72836053309099,1.2801975850135217,2.190895984205103,0
2026-03-17 17:10:00+00:00,device-03,47.816611322151154,1.1922428057792152,2.051805596323917,0
2026-03-17 17:15:00+00:00,device-03,48.030182104663574,1.2436977228119102,2.171710331983038,0
2026-03-17 17:20:00+00:00,device-03,48.21357327035921,1.2322968064469093,2.179303037313836,0
2026-03-17 17:25:00+00:00,device-03,47.99020283288199,1.2016767537349557,2.0486728233119806,0
2026-03-17 17:30:00+00:00,device-03,47.537269101752884,1.2427491930255756,2.2616874049581686,0
2026-03-17 17:35:00+00:00,device-03,49.101674706911766,1.2429806474445382,2.0725450385800124,0
2026-03-17 17:40:00+00:00,device-03,48.73920062560673,1.2286321494515098,2.2067743646133042,0
2026-03-17 17:45:00+00:00,device-03,48.19483183957942,1.2082402692021028,2.1094875570808505,0
2026-03-17 17:50:00+00:00,device-03,48.764301587846184,1.2730966311535916,2.160457773232586,0
2026-03-17 17:55:00+00:00,device-03,48.33584145863014,1.155296692742459,2.100288593432086,0
2026-03-17 18:00:00+00:00,device-03,47.93404716654921,1.2741078237222578,2.2931546108107694,0
2026-03-17 18:05:00+00:00,device-03,48.16520058116581,1.2349251225614721,2.202843269813127,0
2026-03-17 18:10:00+00:00,device-03,49.91780469133111,1.2484664560883127,2.2500581568611704,0
2026-03-17 18:15:00+00:00,device-03,48.776717758051134,1.1195583690875972,2.186398190230409,0
2026-03-17 18:20:00+00:00,device-03,48.807301670345545,1.3182993937512335,2.1804488235973714,0
2026-03-17 18:25:00+00:00,device-03,47.8273185682205,1.1521895279875383,2.1463499922280467,0
2026-03-17 18:30:00+00:00,device-03,48.50115491527359,1.1950554678587486,2.121822261735384,0
2026-03-17 18:35:00+00:00,device-03,49.62592864125054,1.2693071451153022,2.173247360597437,0
2026-03-17 18:40:00+00:00,device-03,48.377720845691165,1.2087527454267166,2.145129490590278,0
2026-03-17 18:45:00+00:00,device-03,48.81456036728927,1.2189826000239647,2.1253467689951315,0
2026-03-17 18:50:00+00:00,device-03,48.93730857730814,1.1302203403150792,2.0494460511985237,0
2026-03-17 18:55:00+00:00,device-03,48.5173824715336,1.2185799467106768,2.114568965566769,0
2026-03-17 19:00:00+00:00,device-03,49.148251619298534,1.2507903651066465,2.1699489605060513,0
2026-03-17 19:05:00+00:00,device-03,48.23152999501757,1.2741000503212923,2.1032357403472135,0
2026-03-17 19:10:00+00:00,device-03,48.4104610690163,1.227344805969871,2.152910539814843,0
2026-03-17 19:15:00+00:00,device-03,47.6440225465648,1.2525647951307985,2.122168881613639,0
2026-03-17 19:20:00+00:00,device-03,49.86080299393015,1.2637389653810294,2.0668746279668757,0
2026-03-17 19:25:00+00:00,device-03,48.2726180326142,1.209780089608961,2.0740876950834175,0
2026-03-17 19:30:00+00:00,device-03,48.13904567740281,1.2064722522651876,2.083454592870059,0
2026-03-17 19:35:00+00:00,device-03,49.00490258126521,1.3395604888825678,2.110508152217512,0
2026-03-17 19:40:00+00:00,device-03,47.728883343188905,1.2024080526810523,2.1116365832949984,0
2026-03-17 19:45:00+00:00,device-03,48.054020911229166,1.3047747131633434,2.195844126312292,0
2026-03-17 19:50:00+00:00,device-03,47.52490281607781,1.2483211494519206,2.0596857816161926,0
2026-03-17 19:55:00+00:00,device-03,48.068650628056666,1.3173238969443906,2.0000768850903743,0
2026-03-17 20:00:00+00:00,device-03,47.78831149974461,1.2143465004764171,2.1673011135364666,0
2026-03-17 20:05:00+00:00,device-03,48.41801684857057,1.271316598679774,2.096466209173162,0
2026-03-17 20:10:00+00:00,device-03,47.962191043624465,1.2625500066089759,2.1165321806452297,0
2026-03-17 20:15:00+00:00,device-03,47.64054582311164,1.2355723647839676,2.2800183467061927,0
2026-03-17 20:20:00+00:00,device-03,47.84524295432017,1.2622272869678206,2.2126151833007173,0
2026-03-17 20:25:00+00:00,device-03,47.96245905019993,1.2097274930038953,2.1581807850862984,0
2026-03-17 20:30:00+00:00,device-03,47.6943737711797,1.2437294530836187,2.179513265531165,0
2026-03-17 20:35:00+00:00,device-03,48.6755195927892,1.2284129036809879,2.12802122476457,0
2026-03-17 20:40:00+00:00,device-03,48.49424410798946,1.2855404897184317,2.1789927430623295,0
2026-03-17 20:45:00+00:00,device-03,48.13575527493034,1.2440929523914612,2.081811682263415,0
2026-03-17 20:50:00+00:00,device-03,47.22984803614551,1.180603785566346,2.074919369719544,0
2026-03-17 20:55:00+00:00,device-03,48.38489297918818,1.2308680982242695,2.0893544564477127,0
2026-03-17 21:00:00+00:00,device-03,47.16760514270359,1.2445234925198088,2.2146325400789837,0
2026-03-17 21:05:00+00:00,device-03,48.15755912100886,1.2053301065464201,2.212585408451293,0
2026-03-17 21:10:00+00:00,device-03,48.06314943828945,1.3150026611420338,2.078859383781943,0
2026-03-17 21:15:00+00:00,device-03,47.63067271563168,1.2698498004518415,2.186976474287079,0
2026-03-17 21:20:00+00:00,device-03,47.46706691649977,1.2915310833074005,2.105065729410566,0
2026-03-17 21:25:00+00:00,device-03,47.557229699758665,1.2129916351521284,2.180349745209723,0
2026-03-17 21:30:00+00:00,device-03,49.416614185192174,1.2310905136800536,2.0940400253793356,0
2026-03-17 21:35:00+00:00,device-03,47.84622569562588,1.3002192508871875,2.1717954967430386,0
2026-03-17 21:40:00+00:00,device-03,47.88512523447239,1.1807704421199146,2.10546462546365,0
2026-03-17 21:45:00+00:00,device-03,48.67329964660098,1.2691475560612553,2.0940093216976368,0
2026-03-17 21:50:00+00:00,device-03,48.30717711866285,1.2556696969483607,2.1096573453827254,0
2026-03-17 21:55:00+00:00,device-03,48.73826929068702,1.226901296238013,2.12012596101546,0
2026-03-17 22:00:00+00:00,device-03,47.19254563872261,1.2559796461516812,2.0739536931798828,0
2026-03-17 22:05:00+00:00,device-03,47.28548591831233,1.1989078594506637,2.024870327238018,0
2026-03-17 22:10:00+00:00,device-03,50.27264783930143,1.2627816850401525,2.2127502071057634,0
2026-03-17 22:15:00+00:00,device-03,47.992315163893906,1.1921937283564832,2.0835828361795268,0
2026-03-17 22:20:00+00:00,device-03,47.82448016163726,1.1893415893470414,1.9952548459171249,0
2026-03-17 22:25:00+00:00,device-03,48.128766675873315,1.3206311533657056,1.9667799848576288,0
2026-03-17 22:30:00+00:00,device-03,48.68955031281461,1.2176781596830601,1.9332197545241783,0
2026-03-17 22:35:00+00:00,device-03,47.21551726503271,1.1484240397353351,2.0674521912647985,0
2026-03-17 22:40:00+00:00,device-03,48.21046085331402,1.2999968488812559,2.1882531804987178,0
2026-03-17 22:45:00+00:00,device-03,47.99964583428017,1.2143223392977882,2.0033112681943313,0
2026-03-17 22:50:00+00:00,device-03,48.47347421141082,1.0793694812093515,2.0834559908776673,0
2026-03-17 22:55:00+00:00,device-03,48.135776895924586,1.249439310224532,1.9893945656823024,0
2026-03-17 23:00:00+00:00,device-03,47.65992177480008,1.297795241529459,2.1699193962543606,0
2026-03-17 23:05:00+00:00,device-03,47.43362323841891,1.26953333822457,2.123815431986498,0
2026-03-17 23:10:00+00:00,device-03,46.37411428109453,1.3366908069973706,2.12054702601325,0
2026-03-17 23:15:00+00:00,device-03,48.679843422534056,1.246067515193604,2.1832452182137567,0
2026-03-17 23:20:00+00:00,device-03,47.02748111891741,1.281585907987231,2.2007960834813933,0
2026-03-17 23:25:00+00:00,device-03,47.747002125040794,1.2026524958110645,2.1622256469763395,0
2026-03-17 23:30:00+00:00,device-03,49.14133423760745,1.2601054461953844,2.0623939264581157,0
2026-03-17 23:35:00+00:00,device-03,47.73767182710057,1.3272301756185947,2.0157159808851044,0
2026-03-17 23:40:00+00:00,device-03,48.43279846683508,1.2767017376929932,2.0323715037723176,0
2026-03-17 23:45:00+00:00,device-03,47.87833967722708,1.2598393241870627,1.988017956956358,0
2026-03-17 23:50:00+00:00,device-03,48.49234556247989,1.1546183764572189,2.206809664978939,0
2026-03-17 23:55:00+00:00,device-03,48.041387000937796,1.233117349605363,2.083054510979273,0
2026-03-18 00:00:00+00:00,device-03,47.6790032941024,1.188183571127216,2.102094852765504,0
2026-03-18 00:05:00+00:00,device-03,48.933285315010515,1.289584948586983,2.1056015087509907,0
2026-03-18 00:10:00+00:00,device-03,47.844243985766006,1.2149270736231923,2.2173826054678383,0
2026-03-18 00:15:00+00:00,device-03,47.12208423059889,1.2688695087831134,2.057453319455234,0
2026-03-18 00:20:00+00:00,device-03,47.80348563885836,1.201686603379007,2.1644814519051803,0
2026-03-18 00:25:00+00:00,device-03,48.38893871840623,1.3435100757476879,2.1096098226793543,0
2026-03-18 00:30:00+00:00,device-03,47.27654979348528,1.192910461956228,2.0808290280191275,0
2026-03-18 00:35:00+00:00,device-03,48.55733331139255,1.2571541216111262,1.9711537756278543,0
2026-03-18 00:40:00+00:00,device-03,48.54428330296265,1.3794917638158133,2.1456323846021794,0
2026-03-18 00:45:00+00:00,device-03,49.458548179273635,1.2605443381294072,2.0423292817411567,0
2026-03-18 00:50:00+00:00,device-03,47.598742467851636,1.2068117561949239,2.059254087355364,0
2026-03-18 00:55:00+00:00,device-03,48.47712547484136,1.279750938095324,2.1008712832313137,0
2026-03-18 01:00:00+00:00,device-03,46.90892932224226,1.2980699106432307,2.0921382976391834,0
2026-03-18 01:05:00+00:00,device-03,47.75242676413695,1.2918618360395662,2.1550087651184335,0
2026-03-18 01:10:00+00:00,device-03,48.10600689781339,1.1518163242633217,2.0435683396000632,0
2026-03-18 01:15:00+00:00,device-03,48.3109934503881,1.2591280293863722,2.094457658011235,0
2026-03-18 01:20:00+00:00,device-03,48.00106510286256,1.1434771507650412,2.100842919491887,0
2026-03-18 01:25:00+00:00,device-03,47.97838889462553,1.3413555417268486,2.084607415339295,0
2026-03-18 01:30:00+00:00,device-03,47.6286127396387,1.2511159901745652,2.124334612583257,0
2026-03-18 01:35:00+00:00,device-03,47.74286725792244,1.2245770024661995,2.065987121732141,0
2026-03-18 01:40:00+00:00,device-03,48.2497025000717,1.2801028739432374,2.1554635788820105,0
2026-03-18 01:45:00+00:00,device-03,48.42165429034979,1.2706547361146687,2.036540190304735,0
2026-03-18 01:50:00+00:00,device-03,48.47778559055997,1.1878784455474498,1.9908309741242962,0
2026-03-18 01:55:00+00:00,device-03,48.71842089108793,1.3260008562618517,2.076529645996328,0
2026-03-18 02:00:00+00:00,device-03,48.84988108920959,1.233594497429576,2.151318889356833,0
2026-03-18 02:05:00+00:00,device-03,46.84130971678161,1.1584928585246441,2.045879452080266,0
2026-03-18 02:10:00+00:00,device-03,47.70366529536692,1.3138505724557985,2.038300670560421,0
2026-03-18 02:15:00+00:00,device-03,47.947906482152824,1.3200513419807773,2.0550398743240486,0
2026-03-18 02:20:00+00:00,device-03,47.62575352442646,1.305935523894136,2.085934092252799,0
2026-03-18 02:25:00+00:00,device-03,48.76391830817485,1.2706747357262589,2.064246604771262,0
2026-03-18 02:30:00+00:00,device-03,48.56558984555852,1.1991563348212024,2.093624961335245,0
2026-03-18 02:35:00+00:00,device-03,47.9925946476671,1.2890257692153717,1.9676203405107031,0
2026-03-18 02:40:00+00:00,device-03,48.14819787903303,1.3341198436968065,2.1656780439376226,0
2026-03-18 02:45:00+00:00,device-03,48.91807702916636,1.2820960051648786,2.1084332057161514,0
2026-03-18 02:50:00+00:00,device-03,47.8380072145988,1.3204821188541414,2.0186318767465155,0
2026-03-18 02:55:00+00:00,device-03,47.8625183528442,1.202625096630738,2.1558807170905547,0
2026-03-18 03:00:00+00:00,device-03,48.68480974925471,1.290830021178797,2.0982752087897776,0
2026-03-18 03:05:00+00:00,device-03,48.3939481463903,1.2862829531547588,2.1607168894952617,0
2026-03-18 03:10:00+00:00,device-03,49.034141582057565,1.1658152388905976,1.996502890952917,0
2026-03-18 03:15:00+00:00,device-03,48.331750280480485,1.158560532018992,2.1709725900065915,0
2026-03-18 03:20:00+00:00,device-03,48.588752250934064,1.2028656497084422,2.0706793778168198,0
2026-03-18 03:25:00+00:00,device-03,47.72289109559515,1.2419658401246265,1.9401058962043862,0
2026-03-18 03:30:00+00:00,device-03,47.46081735245842,1.2598165551912066,2.1130406292736974,0
2026-03-18 03:35:00+00:00,device-03,48.08796938506834,1.225704541959541,2.0472358634538335,0
2026-03-18 03:40:00+00:00,device-03,46.316354352912946,1.2330865492108918,2.002632376461952,0
2026-03-18 03:45:00+00:00,device-03,48.37364316641303,1.2301612685341365,2.0512804974984,0
2026-03-18 03:50:00+00:00,device-03,48.75400137878651,1.2395275125404124,1.9439292883511894,0
2026-03-18 03:55:00+00:00,device-03,48.15667497977073,1.2635143327365956,2.099330565189764,0
2026-03-18 04:00:00+00:00,device-03,47.96049190815481,1.2585618050186944,2.0492496268833222,0
2026-03-18 04:05:00+00:00,device-03,48.84084733298485,1.2306905181825456,2.045259280762626,0
2026-03-18 04:10:00+00:00,device-03,48.086106183073426,1.2456266482292384,2.148674353479456,0
2026-03-18 04:15:00+00:00,device-03,48.77511835592344,1.2098239659178314,2.062808316325955,0
2026-03-18 04:20:00+00:00,device-03,49.591300502634304,1.271011994946523,2.019148057860957,0
2026-03-18 04:25:00+00:00,device-03,48.609250038937944,1.2059123615362732,2.0005857740119453,0
2026-03-18 04:30:00+00:00,device-03,48.75641925417602,1.3115953013675512,2.0549131681491137,0
2026-03-18 04:35:00+00:00,device-03,48.461665649145864,1.228419572532758,2.1238125654853723,0
2026-03-18 04:40:00+00:00,device-03,48.30241182630152,1.2425308234459962,2.021449418472357,0
2026-03-18 04:45:00+00:00,device-03,48.32224947453597,1.1905740870934236,1.9925917245128266,0
2026-03-18 04:50:00+00:00,device-03,48.18620688379542,1.2104775801579242,2.113087668150287,0
2026-03-18 04:55:00+00:00,device-03,48.870663557229506,1.2350553225776797,2.059110336186313,0
2026-03-18 05:00:00+00:00,device-03,47.06699063927825,1.227127063162411,2.053212050067103,0
2026-03-18 05:05:00+00:00,device-03,47.97237269593868,1.1946523467190244,2.1829906946278386,0
2026-03-18 05:10:00+00:00,device-03,48.59537226138069,1.16716214830311,1.9784841749659225,0
2026-03-18 05:15:00+00:00,device-03,47.593676769171594,1.2260185675733901,2.065141110094929,0
2026-03-18 05:20:00+00:00,device-03,48.09205894425456,1.2309256211029704,1.942485490698962,0
2026-03-18 05:25:00+00:00,device-03,47.701383674008675,1.249790373471272,2.0329864198681875,0
2026-03-18 05:30:00+00:00,device-03,48.46514462215815,1.2836585664532554,2.087200556229393,0
2026-03-18 05:35:00+00:00,device-03,48.75252150735211,1.205531345705441,2.119776142320938,0
2026-03-18 05:40:00+00:00,device-03,49.15108316974262,1.1212641041711062,1.9710839873126296,0
2026-03-18 05:45:00+00:00,device-03,48.51809139369985,1.2123871733798839,2.100577161695246,0
2026-03-18 05:50:00+00:00,device-03,47.70464993511077,1.1270817140367473,2.096696610507637,0
2026-03-18 05:55:00+00:00,device-03,48.3583414168593,1.1540701643999935,2.040032180435264,0
2026-03-18 06:00:00+00:00,device-03,48.57499570227781,1.2682526182778229,2.199075595630407,0
2026-03-18 06:05:00+00:00,device-03,49.142412258290044,1.2444364378063697,2.0464176715520948,0
2026-03-18 06:10:00+00:00,device-03,46.766731245694295,1.183484066370023,1.9913083170629566,0
2026-03-18 06:15:00+00:00,device-03,48.45478194100215,1.183110626944276,2.071387239258493,0
2026-03-18 06:20:00+00:00,device-03,46.987809992024694,1.209405289019201,1.929405432341363,0
2026-03-18 06:25:00+00:00,device-03,48.693506153117816,1.1257964569550691,2.140194312009569,0
2026-03-18 06:30:00+00:00,device-03,48.51704727508601,1.2360029220053521,2.1042164907412193,0
2026-03-18 06:35:00+00:00,device-03,48.55775260502131,1.1939494871610332,2.0178507083562094,0
2026-03-18 06:40:00+00:00,device-03,48.82035636609197,1.3018664842889942,2.0798556995302047,0
2026-03-18 06:45:00+00:00,device-03,48.49042100593319,1.156897887949659,2.074392137898613,0
2026-03-18 06:50:00+00:00,device-03,47.80462820606283,1.2585493403453056,2.160146517097506,0
2026-03-18 06:55:00+00:00,device-03,48.476757460575676,1.1739256608816935,2.0019592589199666,0
2026-03-18 07:00:00+00:00,device-03,49.049197556312855,1.2576291071137577,1.9596106062685,0
2026-03-18 07:05:00+00:00,device-03,48.17335013460338,1.8818726025216277,1.9130572195877942,1
2026-03-18 07:10:00+00:00,device-03,48.274446276019255,1.966138957321558,2.019843178605395,1
2026-03-18 07:15:00+00:00,device-03,47.449529585918164,1.9068406913298102,1.9405489578683903,1
2026-03-18 07:20:00+00:00,device-03,49.04118698887665,1.8867804054928214,2.026098127937574,1
2026-03-18 07:25:00+00:00,device-03,47.93260972499399,1.9194022105363078,2.061529481566852,1
2026-03-18 07:30:00+00:00,device-03,47.77842045114383,1.9496308511308522,2.008245295194096,1
2026-03-18 07:35:00+00:00,device-03,47.98084853676919,1.9451201674222809,1.9765710352860957,1
2026-03-18 07:40:00+00:00,device-03,47.70903005163564,2.002587591776726,2.107943885990972,1
2026-03-18 07:45:00+00:00,device-03,48.12187196069232,1.9639712233523368,2.02131834829616,1
2026-03-18 07:50:00+00:00,device-03,49.1477422106992,1.790963389440811,2.047401729953494,1
2026-03-18 07:55:00+00:00,device-03,48.83030250322738,1.9012264231643772,2.091207092758321,1
2026-03-18 08:00:00+00:00,device-03,49.25761829181241,1.8210273411390787,1.9511837265279126,1
2026-03-18 08:05:00+00:00,device-03,49.30414193370889,1.175553211791478,1.9741909858180042,0
2026-03-18 08:10:00+00:00,device-03,47.716952528950905,1.2247207365576747,2.18485383344601,0
2026-03-18 08:15:00+00:00,device-03,48.64205915572404,1.126118269604175,2.0201444988278165,0
2026-03-18 08:20:00+00:00,device-03,49.32821847106937,1.132906489154095,1.964892602754983,0
2026-03-18 08:25:00+00:00,device-03,49.86628809770245,1.1978509393615613,2.01292554469138,0
2026-03-18 08:30:00+00:00,device-03,47.39118991993663,1.1753014050130777,1.992606064994394,0
2026-03-18 08:35:00+00:00,device-03,47.39003702511381,1.267472021264336,1.9514963897568092,0
2026-03-18 08:40:00+00:00,device-03,48.660604945584126,1.2036672363024392,2.0015400253406437,0
2026-03-18 08:45:00+00:00,device-03,48.12893637442248,1.6844853079398217,2.024932564663291,1
2026-03-18 08:50:00+00:00,device-03,47.694235978779396,1.7440757282103982,2.0247065119951406,1
2026-03-18 08:55:00+00:00,device-03,48.61845881809291,1.6309350654154944,2.058190693292824,1
2026-03-18 09:00:00+00:00,device-03,47.8428556714197,1.6547784825560843,1.9172543752910138,1
2026-03-18 09:05:00+00:00,device-03,46.85891607079659,1.6043668119977161,1.9313114451884394,1
2026-03-18 09:10:00+00:00,device-03,48.364973495590704,1.6655964240402779,2.0718530399061468,1
2026-03-18 09:15:00+00:00,device-03,48.4698110753242,1.7032352636740937,1.9951299866724037,1
2026-03-18 09:20:00+00:00,device-03,48.81765061413274,1.7187936884446857,2.0970248698754004,1
2026-03-18 09:25:00+00:00,device-03,49.02593251993382,1.64773041061567,2.0400490802201476,1
2026-03-18 09:30:00+00:00,device-03,48.52522666205003,1.6130335669749523,1.933569819765431,1
2026-03-18 09:35:00+00:00,device-03,48.25116517308895,1.137811307835039,2.053196552120525,0
2026-03-18 09:40:00+00:00,device-03,47.96980295277017,1.105400813501578,1.9569552744508572,0
2026-03-18 09:45:00+00:00,device-03,47.32001766970027,1.1798636922426422,2.0348907049398983,0
2026-03-18 09:50:00+00:00,device-03,48.13385769608706,1.2404701432890863,2.0941506968680046,0
2026-03-18 09:55:00+00:00,device-03,49.09905170360266,1.053436399861418,2.148114250182858,0
2026-03-18 10:00:00+00:00,device-03,48.874008125788095,1.0620384312678783,2.012746537800811,0
2026-03-18 10:05:00+00:00,device-03,49.81589982129462,1.239293502589804,2.059519915410882,0
2026-03-18 10:10:00+00:00,device-03,48.34913550019906,1.0880197930548634,2.0343747977051727,0
2026-03-18 10:15:00+00:00,device-03,47.26476519071614,1.1836840227894687,2.0640612064277977,0
2026-03-18 10:20:00+00:00,device-03,49.015780850365736,1.1032663631783408,1.8571343094895967,0
2026-03-18 10:25:00+00:00,device-03,49.16259457436684,1.20395552977924,1.9900305789203505,0
2026-03-18 10:30:00+00:00,device-03,47.694901606331655,1.2028527117878647,2.0313820022373763,0
2026-03-18 10:35:00+00:00,device-03,47.403622527679474,1.1711159846307109,2.0418110126662246,0
2026-03-18 10:40:00+00:00,device-03,48.590070754729794,1.20273422517097,1.9657299523755225,0
2026-03-18 10:45:00+00:00,device-03,48.97009592964418,1.1629338574542996,2.062561271822343,0
2026-03-18 10:50:00+00:00,device-03,47.75240411475707,1.187418216883569,2.0791635565823965,0
2026-03-18 10:55:00+00:00,device-03,48.28049541443417,1.249165791306429,2.0147850640286187,0
2026-03-18 11:00:00+00:00,device-03,47.99504119225711,1.2118023358081662,1.9958631049778246,0
2026-03-18 11:05:00+00:00,device-03,47.730311308383364,1.1229861542982413,1.9872784720781547,0
2026-03-18 11:10:00+00:00,device-03,47.64698637194827,1.1145924876605346,2.0172659905837107,0
2026-03-18 11:15:00+00:00,device-03,48.62671719255655,1.1416124228683076,2.080900201891533,0
2026-03-18 11:20:00+00:00,device-03,48.29088883753119,1.1409293272414966,2.1000217893245616,0
2026-03-18 11:25:00+00:00,device-03,48.09804421104349,1.1547675067424676,1.9779403162879305,0
2026-03-18 11:30:00+00:00,device-03,46.80978823367443,1.1198616184278203,1.9489919971938858,0
2026-03-18 11:35:00+00:00,device-03,49.727681292249244,1.1814299796421253,1.9568781865988827,0
2026-03-18 11:40:00+00:00,device-03,47.935482056095616,1.149568857509619,2.0659135413736194,0
2026-03-18 11:45:00+00:00,device-03,48.48158581576577,1.1645578993407442,2.0182744142596625,0
2026-03-18 11:50:00+00:00,device-03,47.81943669475198,1.1456716173037171,2.0224452189952262,0
2026-03-18 11:55:00+00:00,device-03,48.8396939302146,1.17484559953219,2.0331491361390075,0
2026-03-18 12:00:00+00:00,device-03,47.58487681623325,1.0832012564219788,2.026050721268936,0
2026-03-18 12:05:00+00:00,device-03,48.66282916642774,1.2207050278551153,1.994736265333043,0
2026-03-18 12:10:00+00:00,device-03,48.48120801491231,1.1578839164855381,1.9375834946763801,0
2026-03-18 12:15:00+00:00,device-03,49.22755371759613,1.161842935999687,1.963066233402543,0
2026-03-18 12:20:00+00:00,device-03,47.88843290664539,1.1687282924262705,2.008062240597693,0
2026-03-18 12:25:00+00:00,device-03,48.194262542354544,1.7877098461694119,2.024184429649623,1
2026-03-18 12:30:00+00:00,device-03,48.477693987806155,1.7692529854737127,1.976648638104754,1
2026-03-18 12:35:00+00:00,device-03,50.041599069429175,1.7431213250335433,1.9732549272906583,1
2026-03-18 12:40:00+00:00,device-03,47.6642549978674,1.721003698525685,2.0825360709993115,1
2026-03-18 12:45:00+00:00,device-03,48.850677602435994,1.6467162810885232,1.9689784870983429,1
2026-03-18 12:50:00+00:00,device-03,48.22558621645158,1.738361317466953,2.0108207455507734,1
2026-03-18 12:55:00+00:00,device-03,48.878591122973205,1.7108379143800319,1.9769938447997382,1
2026-03-18 13:00:00+00:00,device-03,49.114449873839725,1.7095645732359022,1.9431347426529153,1
2026-03-18 13:05:00+00:00,device-03,48.77920337814983,1.8441545951013014,1.902069653549991,1
2026-03-18 13:10:00+00:00,device-03,48.86781395447274,1.6298890162437085,1.9618300291094066,1
2026-03-18 13:15:00+00:00,device-03,48.8863799914936,1.7243704016774546,1.943818991808079,1
2026-03-18 13:20:00+00:00,device-03,48.31448389384102,1.7809400608736838,2.0459343708661435,1
2026-03-18 13:25:00+00:00,device-03,48.57000349031477,1.7671588946063577,1.9225646270620185,1
2026-03-18 13:30:00+00:00,device-03,47.61464172136707,1.7798722184354052,1.9672721192601532,1
2026-03-18 13:35:00+00:00,device-03,48.49213030498502,1.6533293423113626,2.0323413640033485,1
2026-03-18 13:40:00+00:00,device-03,48.22319108540935,1.6674338574039,1.9846034053149526,1
2026-03-18 13:45:00+00:00,device-03,48.57418946532322,1.7451761143981463,2.021401857331483,1
2026-03-18 13:50:00+00:00,device-03,49.24402320169161,1.6982154272466354,2.0417486539904117,1
2026-03-18 13:55:00+00:00,device-03,49.01491826566094,1.7973353248016848,1.8879094763210422,1
2026-03-18 14:00:00+00:00,device-03,49.08171505612012,1.1253115861444019,1.9640142195902213,0
2026-03-18 14:05:00+00:00,device-03,49.512230143997854,1.1224706705179892,1.9297639900684866,0
2026-03-18 14:10:00+00:00,device-03,47.18956081901287,1.1334848748672683,2.071053019432974,0
2026-03-18 14:15:00+00:00,device-03,49.077834410165586,1.09664438195096,1.980453243163685,0
2026-03-18 14:20:00+00:00,device-03,48.781963280278084,1.1149584829171264,2.017620948169174,0
2026-03-18 14:25:00+00:00,device-03,48.74036954248628,1.0740515051304955,2.090831022100219,0
2026-03-18 14:30:00+00:00,device-03,47.9407335016041,1.1046957047495851,1.9642072361909098,0
2026-03-18 14:35:00+00:00,device-03,49.1888662853929,1.0811653567374608,1.9900557778661256,0
2026-03-18 14:40:00+00:00,device-03,49.596639144454464,1.116901972546927,2.0099992509639795,0
2026-03-18 14:45:00+00:00,device-03,49.524220474153644,1.0320491152923628,1.968024079750726,0
2026-03-18 14:50:00+00:00,device-03,48.78803432232107,1.0270586853636245,2.0608231998006916,0
2026-03-18 14:55:00+00:00,device-03,49.28006838017494,1.1233754416963257,2.0334410790301582,0
2026-03-18 15:00:00+00:00,device-03,49.477573528920296,1.1104973938537486,2.0441979761088414,0
2026-03-18 15:05:00+00:00,device-03,50.0876026312548,1.0497584799194748,1.985222728956606,0
2026-03-18 15:10:00+00:00,device-03,49.69739007614771,1.0853721028531333,1.9607181641415614,0
2026-03-18 15:15:00+00:00,device-03,48.98073559889736,1.0430453955609023,1.959439986960288,0
2026-03-18 15:20:00+00:00,device-03,48.95725078768662,1.1962357559968009,1.9583127760812988,0
2026-03-18 15:25:00+00:00,device-03,49.01386086862167,1.0148833572643778,1.8795653257778957,0
2026-03-18 15:30:00+00:00,device-03,49.062322713595265,1.1774172452658274,2.0017857402896713,0
2026-03-18 15:35:00+00:00,device-03,48.58711844966425,1.049396758937983,2.0288119640313687,0
2026-03-18 15:40:00+00:00,device-03,49.44281902789646,1.1103668204089432,1.9779082303601148,0
2026-03-18 15:45:00+00:00,device-03,48.47320304338671,1.0749602528958588,1.9476724542086232,0
2026-03-18 15:50:00+00:00,device-03,48.40847629823971,1.067822282154679,1.9797311803964286,0
2026-03-18 15:55:00+00:00,device-03,49.189305021683104,1.1324181330468546,1.990704151422964,0
2026-03-18 16:00:00+00:00,device-03,48.57745613376017,1.1251776250044965,1.996418013531182,0
2026-03-18 16:05:00+00:00,device-03,48.8059012944546,1.0687073363835078,2.0857657677405594,0
2026-03-18 16:10:00+00:00,device-03,47.5905092224626,1.036502344482724,1.9230772959354712,0
2026-03-18 16:15:00+00:00,device-03,49.51687484672797,1.18433841271476,1.997097286414616,0
2026-03-18 16:20:00+00:00,device-03,48.9904750811516,1.1496844816732046,2.0164715082073643,0
2026-03-18 16:25:00+00:00,device-03,48.918065521500836,1.0853361351994724,1.9785810059282565,0
2026-03-18 16:30:00+00:00,device-03,49.321015770765165,1.0622046801831164,1.958970154788398,0
2026-03-18 16:35:00+00:00,device-03,49.160824773566496,1.0904880113195294,1.9102569134354308,0
2026-03-18 16:40:00+00:00,device-03,48.561738017843936,1.0787250431245388,1.9360364592969,0
2026-03-18 16:45:00+00:00,device-03,50.37709294381026,1.1332041531883148,2.0148304527341803,0
2026-03-18 16:50:00+00:00,device-03,48.7454004645486,1.0239233372756236,2.0598325382636427,0
2026-03-18 16:55:00+00:00,device-03,49.705926628287635,1.072014919342196,1.9307341944067413,0
2026-03-18 17:00:00+00:00,device-03,50.28657856194132,1.0305641940107504,1.9989768710421578,0
2026-03-18 17:05:00+00:00,device-03,48.658290858274725,1.133882348422599,2.0014171796481826,0
2026-03-18 17:10:00+00:00,device-03,49.144225391425266,1.1574888755474246,2.0306603478832366,0
2026-03-18 17:15:00+00:00,device-03,48.543849204941274,1.0615677068555727,1.9836291876999557,0
2026-03-18 17:20:00+00:00,device-03,49.80074277589962,1.091916368997312,1.9951894650647115,0
2026-03-18 17:25:00+00:00,device-03,48.88460117017847,1.134043870224317,2.0222027969072904,0
2026-03-18 17:30:00+00:00,device-03,48.38230511050049,1.047572551231367,1.8963540638710183,0
2026-03-18 17:35:00+00:00,device-03,50.00554243596375,1.014675470989852,1.96957305319673,0
2026-03-18 17:40:00+00:00,device-03,49.748090899143484,1.112164245262948,1.8588543038453307,0
2026-03-18 17:45:00+00:00,device-03,48.55049996470563,1.0842945914943933,1.8458133966796317,0
2026-03-18 17:50:00+00:00,device-03,49.94341925494596,1.047422188611945,1.9151837929793658,0
2026-03-18 17:55:00+00:00,device-03,49.29257326439006,1.1296436629990483,1.8711345251645786,0
2026-03-18 18:00:00+00:00,device-03,50.98472850357923,1.0672437167644737,1.9950750552310486,0
2026-03-18 18:05:00+00:00,device-03,50.32590874370174,0.9652497378898364,2.0241636022064657,0
2026-03-18 18:10:00+00:00,device-03,48.81855081025518,1.070405726106638,1.9447328585189068,0
2026-03-18 18:15:00+00:00,device-03,49.01835556149211,1.048954872436197,1.9543844443893064,0
2026-03-18 18:20:00+00:00,device-03,48.62154968038191,1.1447828605750172,1.948120927254984,0
2026-03-18 18:25:00+00:00,device-03,49.30553752414576,1.0487674992059897,1.945944773388242,0
2026-03-18 18:30:00+00:00,device-03,49.257239662703995,1.0381238107237272,1.9695589242731646,0
2026-03-18 18:35:00+00:00,device-03,49.72648768791032,1.0691268862753163,1.9821621832939236,0
2026-03-18 18:40:00+00:00,device-03,49.30175357342424,1.0583858449251171,1.9323396851523584,0
2026-03-18 18:45:00+00:00,device-03,48.270524731559334,0.9745920224600251,1.9121853756843181,0
2026-03-18 18:50:00+00:00,device-03,48.72040292426224,1.0498308513268793,1.927860417689605,0
2026-03-18 18:55:00+00:00,device-03,50.21632407118214,1.0263274727339342,2.007545865268531,0
2026-03-18 19:00:00+00:00,device-03,50.05242251038524,1.1118060538787722,1.9330026919757333,0
2026-03-18 19:05:00+00:00,device-03,49.18218586464218,1.1604527255173012,2.0459405787931266,0
2026-03-18 19:10:00+00:00,device-03,49.208641464486796,0.9834504376549924,1.9428867471002036,0
2026-03-18 19:15:00+00:00,device-03,49.196198419286375,0.9899256968409229,2.0399282129191136,0
2026-03-18 19:20:00+00:00,device-03,49.33317601675258,0.9949796989846612,1.8843016763393299,0
2026-03-18 19:25:00+00:00,device-03,48.20621564931975,1.0031428440413521,1.9141228892016005,0
2026-03-18 19:30:00+00:00,device-03,49.934748027527846,1.0003580692166303,1.9846268038010486,0
2026-03-18 19:35:00+00:00,device-03,48.90667813118711,1.0364749695696525,1.9848234161196532,0
2026-03-18 19:40:00+00:00,device-03,49.4538313331742,1.0871311790713134,1.9452731602425608,0
2026-03-18 19:45:00+00:00,device-03,47.67644834022714,0.9665385583488962,2.0777595921235323,0
2026-03-18 19:50:00+00:00,device-03,49.531005700217094,0.9535747520939017,1.9582011849277732,0
2026-03-18 19:55:00+00:00,device-03,50.278142208866896,0.9373008869469932,1.9708933412598983,0
2026-03-18 20:00:00+00:00,device-03,47.90004607085073,1.0836030671942403,1.918503600655459,0
2026-03-18 20:05:00+00:00,device-03,50.41816592746469,1.0936236780493593,2.052667738846167,0
2026-03-18 20:10:00+00:00,device-03,49.728306315860095,0.9494839079129658,2.0038524628210808,0
2026-03-18 20:15:00+00:00,device-03,48.9323215616232,0.9435937884636003,1.9765628843626026,0
2026-03-18 20:20:00+00:00,device-03,48.372217529771675,1.0306160946031426,1.8522256330114688,0
2026-03-18 20:25:00+00:00,device-03,50.21839208907926,1.0776974826952015,1.9726690090409078,0
2026-03-14 16:30:00+00:00,device-04,51.77795584611125,1.2712783253454256,2.248208832752537,0
2026-03-14 16:35:00+00:00,device-04,52.06277779047089,1.2590196838169685,2.160283277825986,0
2026-03-14 16:40:00+00:00,device-04,51.6498502778931,1.2127359776817084,2.200061411465531,0
2026-03-14 16:45:00+00:00,device-04,53.24849362734477,1.2040827986531382,2.2076744423302905,0
2026-03-14 16:50:00+00:00,device-04,52.63670786678844,1.2205831671713823,2.2999488375145236,0
2026-03-14 16:55:00+00:00,device-04,51.71819554913697,1.2526611681525215,2.2789495593376534,0
2026-03-14 17:00:00+00:00,device-04,52.579507624919195,1.237089886290467,2.256009282550814,0
2026-03-14 17:05:00+00:00,device-04,51.6854482145735,1.1857000348546054,2.1868800351310576,0
2026-03-14 17:10:00+00:00,device-04,50.29214842175323,1.2329822535641495,2.2303323923175116,0
2026-03-14 17:15:00+00:00,device-04,53.46251117632756,1.230522904304677,2.2993709019814084,0
2026-03-14 17:20:00+00:00,device-04,53.4465061022022,1.2480435692286487,2.3258245780687563,0
2026-03-14 17:25:00+00:00,device-04,51.59600145611075,1.2241609602573966,2.171106938806231,0
2026-03-14 17:30:00+00:00,device-04,52.138016541296224,1.2851882429190222,2.23123432354781,0
2026-03-14 17:35:00+00:00,device-04,52.79737775994442,1.2264723661873005,2.262592373571774,0
2026-03-14 17:40:00+00:00,device-04,52.39297389400176,1.2629825154679197,2.277064817146731,0
2026-03-14 17:45:00+00:00,device-04,52.07115503453031,1.2208720236613084,2.258283655151163,0
2026-03-14 17:50:00+00:00,device-04,52.32128195543309,1.190403171163109,2.296602138050408,0
2026-03-14 17:55:00+00:00,device-04,52.52301049038301,1.1725702626604932,2.176751359616783,0
2026-03-14 18:00:00+00:00,device-04,52.31350765786248,1.2141969731892597,2.3486125943550444,0
2026-03-14 18:05:00+00:00,device-04,52.859659690402985,1.2510915929210384,2.19527346989173,0
2026-03-14 18:10:00+00:00,device-04,52.55895048481516,1.2898763833537987,2.264587586785325,0
2026-03-14 18:15:00+00:00,device-04,52.1970654818312,1.2214670148361717,2.2917015268508387,0
2026-03-14 18:20:00+00:00,device-04,52.758248235162654,1.2006284936250715,2.329112568721989,0
2026-03-14 18:25:00+00:00,device-04,51.58455832241539,1.2024549755607044,2.314866044736306,0
2026-03-14 18:30:00+00:00,device-04,53.775459611715405,1.2959748816729275,2.313739455963664,0
2026-03-14 18:35:00+00:00,device-04,51.549823033023046,1.236427946663966,2.3375843086104147,0
2026-03-14 18:40:00+00:00,device-04,52.722154400782,1.2065340690692237,2.2567104262373516,0
2026-03-14 18:45:00+00:00,device-04,53.02887092952061,1.2714070774364046,2.3088688254581826,0
2026-03-14 18:50:00+00:00,device-04,53.09100098207246,1.1668904833165223,2.3547140521219694,0
2026-03-14 18:55:00+00:00,device-04,52.992943730141256,1.241853150447098,2.2242348851384084,0
2026-03-14 19:00:00+00:00,device-04,53.70637375896802,1.2348884257407973,2.188282654792443,0
2026-03-14 19:05:00+00:00,device-04,52.04039068648378,1.2314126305576496,2.2114854307514884,0
2026-03-14 19:10:00+00:00,device-04,52.790813972666214,1.1803143320015643,2.350213391966695,0
2026-03-14 19:15:00+00:00,device-04,52.95192296909712,1.2910713482669218,2.341181523689922,0
2026-03-14 19:20:00+00:00,device-04,52.511001176645394,1.3282168771487544,2.2505191656524954,0
2026-03-14 19:25:00+00:00,device-04,52.45235640996154,1.1752097180639671,2.2856050189501067,0
2026-03-14 19:30:00+00:00,device-04,53.78069826406329,1.250477550806355,2.299392154949228,0
2026-03-14 19:35:00+00:00,device-04,52.38856547176071,1.2786026355962803,2.3329922773543763,0
2026-03-14 19:40:00+00:00,device-04,52.56226538359783,1.3624972702511946,2.1661467480424297,0
2026-03-14 19:45:00+00:00,device-04,52.71398122823144,1.226545834854775,2.242450154727306,0
2026-03-14 19:50:00+00:00,device-04,52.76809797418658,1.2004472668335469,2.2601714621674227,0
2026-03-14 19:55:00+00:00,device-04,53.040238518819905,1.250038811179786,2.293980195547057,0
2026-03-14 20:00:00+00:00,device-04,52.79150638860716,1.3547060652909653,2.2807748512894563,0
2026-03-14 20:05:00+00:00,device-04,53.20756655436653,1.2561858424273562,2.2590080141564326,0
2026-03-14 20:10:00+00:00,device-04,53.050588640527145,1.2673670364288723,2.2943879107709977,0
2026-03-14 20:15:00+00:00,device-04,53.30147159580684,1.345975840230377,2.131462523883102,0
2026-03-14 20:20:00+00:00,device-04,53.93394884917568,1.1466242440737782,2.4550715150367375,0
2026-03-14 20:25:00+00:00,device-04,52.393425524279344,1.1461915128528375,2.326917042021934,0
2026-03-14 20:30:00+00:00,device-04,54.149121887775024,1.3049624840442444,2.331191160546219,0
2026-03-14 20:35:00+00:00,device-04,52.68943712615468,1.2993109288212623,2.24359457585854,0
2026-03-14 20:40:00+00:00,device-04,53.47887468581107,1.189656747124569,2.305678165229218,0
2026-03-14 20:45:00+00:00,device-04,53.13509813962439,1.2884229252688935,2.4001896797132742,0
2026-03-14 20:50:00+00:00,device-04,52.825060014898256,1.2651301113883953,2.387397643379298,0
2026-03-14 20:55:00+00:00,device-04,51.6697839856843,1.2752913149487428,2.2882620444013395,0
2026-03-14 21:00:00+00:00,device-04,54.178486726134665,1.2240417136378117,2.2135901601013708,0
2026-03-14 21:05:00+00:00,device-04,52.53175384986614,1.2431721844016088,2.294595370006636,0
2026-03-14 21:10:00+00:00,device-04,52.51972758969111,1.2225647319389745,2.2687808033426826,0
2026-03-14 21:15:00+00:00,device-04,53.82256670416086,1.2712587729664009,2.33547336996999,0
2026-03-14 21:20:00+00:00,device-04,53.14212190877128,1.2579012797869076,2.2140276965751395,0
2026-03-14 21:25:00+00:00,device-04,54.427658726672746,1.357122377606336,2.277203074299438,0
2026-03-14 21:30:00+00:00,device-04,54.28363652930582,1.3041580027713902,2.3041300637643825,0
2026-03-14 21:35:00+00:00,device-04,53.61286096021233,1.1923651200698735,2.2625541650579213,0
2026-03-14 21:40:00+00:00,device-04,53.30333093562069,1.2954610130479243,2.350471456884527,0
2026-03-14 21:45:00+00:00,device-04,53.669205517115316,1.3486583105004588,2.225522734721852,0
2026-03-14 21:50:00+00:00,device-04,52.2267515809984,1.290745934648537,2.220499021000263,0
2026-03-14 21:55:00+00:00,device-04,53.27536157427483,1.3330718407136077,2.271866202120539,0
2026-03-14 22:00:00+00:00,device-04,53.26793901072111,1.2767033229216862,2.340229208526271,0
2026-03-14 22:05:00+00:00,device-04,52.845414115252865,1.3156453747246057,2.275901952913018,0
2026-03-14 22:10:00+00:00,device-04,53.36095701420109,1.2326371505273082,2.2599901299527816,0
2026-03-14 22:15:00+00:00,device-04,52.17402286781836,1.3219515223115927,2.340803008876882,0
2026-03-14 22:20:00+00:00,device-04,53.83179242125335,1.211995564292879,2.3081136363242027,0
2026-03-14 22:25:00+00:00,device-04,54.10973616860902,1.349970730437599,2.265677663973741,0
2026-03-14 22:30:00+00:00,device-04,52.317789163705214,1.2071624456897694,2.303643268820013,0
2026-03-14 22:35:00+00:00,device-04,53.33156688936503,1.177330586903272,2.2834871066717093,0
2026-03-14 22:40:00+00:00,device-04,54.317222106233594,1.3140020670128527,2.332814096505855,0
2026-03-14 22:45:00+00:00,device-04,53.540736582870466,1.2789753540854218,2.3067037085295925,0
2026-03-14 22:50:00+00:00,device-04,52.539340363678036,1.294677178746073,2.2532900039596293,0
2026-03-14 22:55:00+00:00,device-04,52.5788159887478,1.3117651350086712,2.2723524640339434,0
2026-03-14 23:00:00+00:00,device-04,53.870728293537326,1.2894419087529816,2.2766220306284772,0
2026-03-14 23:05:00+00:00,device-04,54.56297539699341,1.2464569013509823,2.322367096252111,0
2026-03-14 23:10:00+00:00,device-04,52.538388307156296,1.3036439392798824,2.323272926537575,0
2026-03-14 23:15:00+00:00,device-04,53.32981740581746,1.3116124323256138,2.2546163324878803,0
2026-03-14 23:20:00+00:00,device-04,52.77225230534223,1.3200317098712595,2.2921032103847185,0
2026-03-14 23:25:00+00:00,device-04,53.12368822661187,1.3975889190279713,2.3213518674632136,0
2026-03-14 23:30:00+00:00,device-04,53.54588168730745,1.2590104843400838,2.367327998186095,0
2026-03-14 23:35:00+00:00,device-04,53.3110277014458,1.3010917723790314,2.319282248507462,0
2026-03-14 23:40:00+00:00,device-04,52.87172375664115,1.3273001628882837,2.417596448988599,0
2026-03-14 23:45:00+00:00,device-04,54.82241736057851,1.2766138385752592,2.307647127617193,0
2026-03-14 23:50:00+00:00,device-04,53.25679947331036,1.239013078639394,2.3490383050747776,0
2026-03-14 23:55:00+00:00,device-04,53.24952616190149,1.2722964141401314,2.288708742558948,0
2026-03-15 00:00:00+00:00,device-04,54.15663386928828,1.3568915129186787,2.2509581938361887,0
2026-03-15 00:05:00+00:00,device-04,53.402357859333776,1.2894068110147332,2.3148335998781246,0
2026-03-15 00:10:00+00:00,device-04,53.26191307346506,1.3355060717229403,2.337095563222113,0
2026-03-15 00:15:00+00:00,device-04,54.071557502448734,1.2673689105361843,2.3285826858227576,0
2026-03-15 00:20:00+00:00,device-04,52.70150116495759,1.3287884756614865,2.3189678399944036,0
2026-03-15 00:25:00+00:00,device-04,53.94951748927883,1.2721490355022262,2.2921613359685047,0
2026-03-15 00:30:00+00:00,device-04,54.15440901746344,1.2644715758176783,2.264791548313954,0
2026-03-15 00:35:00+00:00,device-04,53.907479152148774,1.314299423195849,2.2952406738949906,0
2026-03-15 00:40:00+00:00,device-04,53.33188430461501,1.3120686587186787,2.340039766403411,0
2026-03-15 00:45:00+00:00,device-04,53.4592148943403,1.3858180080041127,2.3686545388434426,0
2026-03-15 00:50:00+00:00,device-04,52.28082330505981,1.2277860078972476,2.125388036513678,0
2026-03-15 00:55:00+00:00,device-04,53.39174270463316,1.3380309468107898,2.350041303053591,0
2026-03-15 01:00:00+00:00,device-04,53.69183339441713,1.3954120060864241,2.377848678342581,0
2026-03-15 01:05:00+00:00,device-04,54.10185961592669,1.3834182851138097,2.3888655357266573,0
2026-03-15 01:10:00+00:00,device-04,53.606802198490456,1.29470853333231,2.338879149408073,0
2026-03-15 01:15:00+00:00,device-04,53.24675730603336,1.2802497009389813,2.356021518091148,0
2026-03-15 01:20:00+00:00,device-04,52.943568348505,1.2906149066847987,2.2926057572644485,0
2026-03-15 01:25:00+00:00,device-04,53.50232660677487,1.3322125287287485,2.3137204277405745,0
2026-03-15 01:30:00+00:00,device-04,53.63596978036336,1.327277608638567,2.349662000845341,0
2026-03-15 01:35:00+00:00,device-04,54.3905609481852,1.3362651973752504,2.257041651530902,0
2026-03-15 01:40:00+00:00,device-04,53.565794826447025,1.3498013009478895,2.275199952078017,0
2026-03-15 01:45:00+00:00,device-04,53.22089212796348,1.2649876165799623,2.332596347003473,0
2026-03-15 01:50:00+00:00,device-04,53.502199631997485,1.262760658396634,2.2452109367775015,0
2026-03-15 01:55:00+00:00,device-04,53.2500354957514,1.2584428652238477,2.3255338643119066,0
2026-03-15 02:00:00+00:00,device-04,53.430623439618536,1.2532445381272663,2.237818810361703,0
2026-03-15 02:05:00+00:00,device-04,52.07178916153471,1.3177124876291557,2.3349501900379845,0
2026-03-15 02:10:00+00:00,device-04,52.50592731586078,1.3394850580670399,2.325969504773875,0
2026-03-15 02:15:00+00:00,device-04,52.790570929492205,1.4540839841715303,2.2926490730959492,0
2026-03-15 02:20:00+00:00,device-04,53.94942804998844,1.3522741359344626,2.2714325539194924,0
2026-03-15 02:25:00+00:00,device-04,53.58076015199227,1.3264820937869692,2.297056960591822,0
2026-03-15 02:30:00+00:00,device-04,53.744931985746,1.3990640704710497,2.198041608781705,0
2026-03-15 02:35:00+00:00,device-04,54.45664700370849,1.2892956192523424,2.3046154412421647,0
2026-03-15 02:40:00+00:00,device-04,52.93723487204324,1.3450302862231402,2.3348504885168504,0
2026-03-15 02:45:00+00:00,device-04,54.45930650304876,1.378210511536304,2.3979411147920513,0
2026-03-15 02:50:00+00:00,device-04,53.94201233597361,1.369251586414419,2.3000189514089824,0
2026-03-15 02:55:00+00:00,device-04,53.189225642922416,1.3502637259687584,2.319817673637535,0
2026-03-15 03:00:00+00:00,device-04,54.72288044338428,1.3122919100088077,2.4103885876129003,0
2026-03-15 03:05:00+00:00,device-04,52.712100902688064,1.26711612584849,2.430958953804945,0
2026-03-15 03:10:00+00:00,device-04,52.92749362659758,1.323540530770548,2.303664056880056,0
2026-03-15 03:15:00+00:00,device-04,53.57161133054988,1.3014636070276457,2.3925600789648964,0
2026-03-15 03:20:00+00:00,device-04,54.0041526555744,1.3679173408524754,2.40056446184915,0
2026-03-15 03:25:00+00:00,device-04,53.599064779358486,1.3261786613734874,2.363193765092931,0
2026-03-15 03:30:00+00:00,device-04,52.261307013458435,1.3625435454398642,2.277394933890233,0
2026-03-15 03:35:00+00:00,device-04,53.54073560406028,1.251792885573889,2.2805672933777847,0
2026-03-15 03:40:00+00:00,device-04,53.69681469864785,1.3847495688610476,2.3685316389517554,0
2026-03-15 03:45:00+00:00,device-04,55.52375178810337,1.2916891529437822,2.470127416404748,0
2026-03-15 03:50:00+00:00,device-04,54.72116757696346,1.2558348991278452,2.3262251112864223,0
2026-03-15 03:55:00+00:00,device-04,53.8634681264608,1.265895132133987,2.4273413088126277,0
2026-03-15 04:00:00+00:00,device-04,53.03120377434213,1.3047687089952027,2.4467484034158904,0
2026-03-15 04:05:00+00:00,device-04,54.0302419035613,1.3950795157271811,2.266472574318633,0
2026-03-15 04:10:00+00:00,device-04,52.99445827692195,1.3745420874067182,2.3044495595993757,0
2026-03-15 04:15:00+00:00,device-04,53.94914240209548,1.2782959256452613,2.4264244745806343,0
2026-03-15 04:20:00+00:00,device-04,54.06995422395271,1.3433709861882173,2.3962740492798713,0
2026-03-15 04:25:00+00:00,device-04,53.54675219531816,1.3340184028163593,2.3722926716856545,0
2026-03-15 04:30:00+00:00,device-04,54.004020610128315,1.2594834015617247,2.3406371689158743,0
2026-03-15 04:35:00+00:00,device-04,53.610608072482414,1.2895127023193107,2.378148890273225,0
2026-03-15 04:40:00+00:00,device-04,53.45150214940255,1.2362989946448608,2.3061278003654615,0
2026-03-15 04:45:00+00:00,device-04,54.91469567627021,1.2965800084215053,2.487156503762243,0
2026-03-15 04:50:00+00:00,device-04,54.26282517630868,1.2057343602730712,2.277298752433832,0
2026-03-15 04:55:00+00:00,device-04,53.65602583345853,1.3012261875364985,2.2407971166217804,0
2026-03-15 05:00:00+00:00,device-04,53.345333484785805,1.2944132103384813,2.353398246600958,0
2026-03-15 05:05:00+00:00,device-04,54.00546541530796,1.3019340614304757,2.4285693305139304,0
2026-03-15 05:10:00+00:00,device-04,54.28189507552672,1.3009640633418664,2.3176728806288156,0
2026-03-15 05:15:00+00:00,device-04,54.48588717159482,1.4027881451317155,2.3434884646424714,0
2026-03-15 05:20:00+00:00,device-04,54.92304930347202,1.326039864588144,2.288351409770026,0
2026-03-15 05:25:00+00:00,device-04,54.23047127903593,1.3565965053933766,2.343477598522443,0
2026-03-15 05:30:00+00:00,device-04,53.14512806150909,1.3832499443689543,2.289773319339704,0
2026-03-15 05:35:00+00:00,device-04,55.32843094891479,1.391043458896065,2.2911520967672065,0
2026-03-15 05:40:00+00:00,device-04,54.734720867091525,1.3800701351839373,2.264634341918807,0
2026-03-15 05:45:00+00:00,device-04,54.51407473527204,1.3171650852564056,2.318474140410754,0
2026-03-15 05:50:00+00:00,device-04,54.870306850373325,1.289616906194131,2.4578932651951915,0
2026-03-15 05:55:00+00:00,device-04,52.92465629929061,1.3062516597142333,2.3478327927440223,0
2026-03-15 06:00:00+00:00,device-04,53.702538979141345,1.322188155657885,2.3628716408369974,0
2026-03-15 06:05:00+00:00,device-04,53.61365837882854,1.346911934486659,2.481081893180582,0
2026-03-15 06:10:00+00:00,device-04,54.79584263265513,1.342520909379723,2.316385777787341,0
2026-03-15 06:15:00+00:00,device-04,53.165210050833764,1.4032841597455634,2.2959806320996927,0
2026-03-15 06:20:00+00:00,device-04,53.76472999277945,1.3421203146754135,2.384123916409532,0
2026-03-15 06:25:00+00:00,device-04,55.0426457310476,1.4394067028055257,2.283639664261483,0
2026-03-15 06:30:00+00:00,device-04,54.44799221455267,1.4005732734151046,2.3743461692886587,0
2026-03-15 06:35:00+00:00,device-04,53.74135982307176,1.323372015600922,2.4223628811702134,0
2026-03-15 06:40:00+00:00,device-04,55.312423318258894,1.39229564522239,2.2940291752682693,0
2026-03-15 06:45:00+00:00,device-04,53.10221242253607,1.2012719517108212,2.326823624724808,0
2026-03-15 06:50:00+00:00,device-04,54.33951666988064,1.4191129617771867,2.4553075023439264,0
2026-03-15 06:55:00+00:00,device-04,53.87590094066097,1.369834414249262,2.296888739979394,0
2026-03-15 07:00:00+00:00,device-04,54.39208395950861,1.3692477369159448,2.3192619650902757,0
2026-03-15 07:05:00+00:00,device-04,53.85535367006368,1.2628955764884267,2.372802687975447,0
2026-03-15 07:10:00+00:00,device-04,53.47479771571518,1.4781855418042285,2.341413536816701,0
2026-03-15 07:15:00+00:00,device-04,54.20554278108195,1.3362989180953273,2.3110485347738132,0
2026-03-15 07:20:00+00:00,device-04,53.15535713676018,1.3421019089330701,2.4530021138769937,0
2026-03-15 07:25:00+00:00,device-04,54.43724634127943,1.4071306102432566,2.327760975285564,0
2026-03-15 07:30:00+00:00,device-04,53.85638616035675,1.3397075741562494,2.3809630085271367,0
2026-03-15 07:35:00+00:00,device-04,54.71978382990169,1.306181786699268,2.3386854423875487,0
2026-03-15 07:40:00+00:00,device-04,53.780109009547424,1.3834685343548108,2.3496900086865793,0
2026-03-15 07:45:00+00:00,device-04,53.631113369861225,1.2979730655600819,2.2842633297289905,0
2026-03-15 07:50:00+00:00,device-04,54.37665117982248,1.3878847245801331,2.4174892103643995,0
2026-03-15 07:55:00+00:00,device-04,54.959032428534286,1.3569703306549503,2.339780257466294,0
2026-03-15 08:00:00+00:00,device-04,52.68325369138467,1.4076096905246647,2.4387071497787103,0
2026-03-15 08:05:00+00:00,device-04,54.20109182707342,1.288034228824987,2.298476924842319,0
2026-03-15 08:10:00+00:00,device-04,54.55669183927792,1.4136903716847806,2.3382800921128086,0
2026-03-15 08:15:00+00:00,device-04,53.149591095553404,1.3650118499098054,2.394349431341983,0
2026-03-15 08:20:00+00:00,device-04,53.52842631147855,1.4509416271124944,2.373629131180367,0
2026-03-15 08:25:00+00:00,device-04,54.5856079034017,1.3166356836707298,2.3299276931639863,0
2026-03-15 08:30:00+00:00,device-04,53.57695399546605,1.4448877651791334,2.360488676450366,0
2026-03-15 08:35:00+00:00,device-04,53.71276972740035,1.3858620669378015,2.2940066123123732,0
2026-03-15 08:40:00+00:00,device-04,55.34381623717662,1.390175307113513,2.372582495040333,0
2026-03-15 08:45:00+00:00,device-04,53.51366070673375,1.3125589848190542,2.2169449095404277,0
2026-03-15 08:50:00+00:00,device-04,53.573961047729966,1.3782306021156177,2.3804526547130824,0
2026-03-15 08:55:00+00:00,device-04,52.578600392632,1.383858910958465,2.449302705378484,0
2026-03-15 09:00:00+00:00,device-04,53.42504365861197,1.307013759214457,2.4231169954191416,0
2026-03-15 09:05:00+00:00,device-04,53.33668581520246,1.2902299021545345,2.4212056939429316,0
2026-03-15 09:10:00+00:00,device-04,55.3747043912237,1.3097512930024617,2.348341787078406,0
2026-03-15 09:15:00+00:00,device-04,55.03624026343273,1.4239370202739456,2.4014079942624607,0
2026-03-15 09:20:00+00:00,device-04,53.32927530790885,1.3570277365519705,2.3504035038052797,0
2026-03-15 09:25:00+00:00,device-04,55.56363805335248,1.3967746798107683,2.3689138177970044,0
2026-03-15 09:30:00+00:00,device-04,54.743896543196186,1.3634924355912768,2.3688744418542456,0
2026-03-15 09:35:00+00:00,device-04,54.093002911400944,1.3544938628296945,2.1807920781112573,0
2026-03-15 09:40:00+00:00,device-04,54.780463661586275,1.3597248425070343,2.4290778344029498,0
2026-03-15 09:45:00+00:00,device-04,54.49053058154946,1.327174770928165,2.4024975628740592,0
2026-03-15 09:50:00+00:00,device-04,53.70476170672746,1.4104121379635122,2.425357354452579,0
2026-03-15 09:55:00+00:00,device-04,53.02377719198087,1.356622305472652,2.322341136367146,0
2026-03-15 10:00:00+00:00,device-04,53.61488073196825,1.3590486723488935,2.417794857647601,0
2026-03-15 10:05:00+00:00,device-04,54.243606227111876,1.2765465283399684,2.4060603325893073,0
2026-03-15 10:10:00+00:00,device-04,54.00610115259609,1.3628760788766388,2.24980601792901,0
2026-03-15 10:15:00+00:00,device-04,53.74648723513482,1.3123093643321122,2.2774422855444088,0
2026-03-15 10:20:00+00:00,device-04,54.93425574357404,1.3209516600197468,2.382797703226375,0
2026-03-15 10:25:00+00:00,device-04,53.53172018857401,1.399297990612417,2.3419332661065617,0
2026-03-15 10:30:00+00:00,device-04,54.88595028097933,1.2901782485958904,2.3798202733326232,0
2026-03-15 10:35:00+00:00,device-04,53.94288553566397,1.3355009106992843,2.344330760784943,0
2026-03-15 10:40:00+00:00,device-04,54.35550641563257,1.3775641409267931,2.4681697984889537,0
2026-03-15 10:45:00+00:00,device-04,53.51142396631429,1.4039972785734245,2.2725600518023445,0
2026-03-15 10:50:00+00:00,device-04,54.28335432445045,1.318287775364485,2.3040537093023694,0
2026-03-15 10:55:00+00:00,device-04,53.75356259405773,1.3607874456738955,2.326873142784656,0
2026-03-15 11:00:00+00:00,device-04,53.093528941024694,1.3587241072379077,2.304901272842952,0
2026-03-15 11:05:00+00:00,device-04,54.28886052792681,1.2860527922523834,2.3508458594924257,0
2026-03-15 11:10:00+00:00,device-04,54.2711401280094,1.2340067093129212,2.382966002144636,0
2026-03-15 11:15:00+00:00,device-04,54.88295683779964,1.2444886850287542,2.307800119434108,0
2026-03-15 11:20:00+00:00,device-04,54.511085823625685,1.3733030713555079,2.406800403064366,0
2026-03-15 11:25:00+00:00,device-04,53.61953376430119,1.3474853630284973,2.4620624955159682,0
2026-03-15 11:30:00+00:00,device-04,53.90013278841673,1.2733473489450844,2.4499514344203615,0
2026-03-15 11:35:00+00:00,device-04,52.613079984973815,1.3087231522952725,2.5031388496851315,0
2026-03-15 11:40:00+00:00,device-04,53.55849184345948,1.3205727739243707,2.4532841436048916,0
2026-03-15 11:45:00+00:00,device-04,55.23084135086367,1.322282453666138,2.386458280258405,0
2026-03-15 11:50:00+00:00,device-04,55.38494022716977,1.338589712965644,2.491635520710659,0
2026-03-15 11:55:00+00:00,device-04,54.869631352638166,1.4524794002723,2.4300246531078646,0
2026-03-15 12:00:00+00:00,device-04,54.55591773969761,1.2992644626803802,2.498089663860646,0
2026-03-15 12:05:00+00:00,device-04,54.75643946337416,1.3460703796625437,2.3791209610705386,0
2026-03-15 12:10:00+00:00,device-04,54.69058485768919,1.2989207118391306,2.2692953962429736,0
2026-03-15 12:15:00+00:00,device-04,53.16145856644424,1.305656458607675,2.3238228239342797,0
2026-03-15 12:20:00+00:00,device-04,53.75966112863316,1.2922908626777243,2.4021034149110116,0
2026-03-15 12:25:00+00:00,device-04,55.18387881937375,1.3249926540730823,2.4239616688014007,0
2026-03-15 12:30:00+00:00,device-04,55.18416323403766,1.3080040759770073,2.3808615970349396,0
2026-03-15 12:35:00+00:00,device-04,54.538730907486936,1.3535726692114933,2.4510465469555744,0
2026-03-15 12:40:00+00:00,device-04,54.16218903151946,1.346061888076681,2.327292348576594,0
2026-03-15 12:45:00+00:00,device-04,54.1140412175999,1.2890088606812917,2.3535704571322826,0
2026-03-15 12:50:00+00:00,device-04,54.007845790163124,1.4320638381310526,2.451784511618759,0
2026-03-15 12:55:00+00:00,device-04,53.746789531901655,1.2737699797604405,2.3982098276376624,0
2026-03-15 13:00:00+00:00,device-04,53.05923953867141,1.3511123068646849,2.401250608241935,0
2026-03-15 13:05:00+00:00,device-04,54.49603338204193,1.4431619168317102,2.477511794946969,0
2026-03-15 13:10:00+00:00,device-04,54.08395455762924,1.2953303012785753,2.459957709772171,0
2026-03-15 13:15:00+00:00,device-04,54.25153617478064,1.3989045420976909,2.351216728203498,0
2026-03-15 13:20:00+00:00,device-04,55.587172948989355,1.403079982971081,2.4092203367330156,0
2026-03-15 13:25:00+00:00,device-04,54.8147337756206,1.347235658641623,2.2997249918241702,0
2026-03-15 13:30:00+00:00,device-04,53.923622752146535,1.2348720350579765,2.3978565749275336,0
2026-03-15 13:35:00+00:00,device-04,54.81291688080828,1.4012294642958374,2.421619159767695,0
2026-03-15 13:40:00+00:00,device-04,53.37497337947603,1.3327446564349075,2.2993258001187358,0
2026-03-15 13:45:00+00:00,device-04,55.14451642545638,1.2994222541313731,2.4901512086169486,0
2026-03-15 13:50:00+00:00,device-04,54.602560766729134,1.3918973965999304,2.515905016304405,0
2026-03-15 13:55:00+00:00,device-04,54.28933050642839,1.2890021946069188,2.4295427556551346,0
2026-03-15 14:00:00+00:00,device-04,54.82101488380745,1.3797368395551286,2.4547799302726037,0
2026-03-15 14:05:00+00:00,device-04,55.43540931515083,1.2966426101588746,2.488562803568605,0
2026-03-15 14:10:00+00:00,device-04,54.11057501741291,1.3513328078165427,2.3922877143678805,0
2026-03-15 14:15:00+00:00,device-04,53.75088637418206,1.2682597342611936,2.4629320277981086,0
2026-03-15 14:20:00+00:00,device-04,55.89913387272041,1.3022992448570556,2.425416577082464,0
2026-03-15 14:25:00+00:00,device-04,54.44992730829706,1.2750250924946955,2.315245642450376,0
2026-03-15 14:30:00+00:00,device-04,55.47533204592781,1.2847099015590437,2.3519771056402465,0
2026-03-15 14:35:00+00:00,device-04,53.97645016007747,1.3298675475524402,2.3718379956700124,0
2026-03-15 14:40:00+00:00,device-04,54.70822653644697,1.3108403445540133,2.466872691603034,0
2026-03-15 14:45:00+00:00,device-04,54.00501077459146,1.3284242685392147,2.411172462372559,0
2026-03-15 14:50:00+00:00,device-04,54.88944407217723,1.3835662719363293,2.462915402181395,0
2026-03-15 14:55:00+00:00,device-04,54.26181651341304,1.311418221404283,2.3790674331138284,0
2026-03-15 15:00:00+00:00,device-04,53.99152091638116,1.2214902647250485,2.3329527171271174,0
2026-03-15 15:05:00+00:00,device-04,55.5315812507772,1.3009847041292872,2.526459525881751,0
2026-03-15 15:10:00+00:00,device-04,54.69459546962388,1.318988583697484,2.5650311721048324,0
2026-03-15 15:15:00+00:00,device-04,53.055877752709144,1.366108339754895,2.4301861325438567,0
2026-03-15 15:20:00+00:00,device-04,54.30033635355474,1.3660682416142191,2.3970040531300927,0
2026-03-15 15:25:00+00:00,device-04,53.82978010903272,1.3609832378551803,2.4775122458700563,0
2026-03-15 15:30:00+00:00,device-04,53.62295474857315,1.2999998644566857,2.3453106258864747,0
2026-03-15 15:35:00+00:00,device-04,54.06450963066031,1.3437381664148547,2.3976511170772623,0
2026-03-15 15:40:00+00:00,device-04,54.13961120150535,1.2362705992946963,2.3272282075686324,0
2026-03-15 15:45:00+00:00,device-04,54.49531662392484,1.3750924465663041,2.4384044527987867,0
2026-03-15 15:50:00+00:00,device-04,53.92396252947717,1.330598856011034,2.4252090352215774,0
2026-03-15 15:55:00+00:00,device-04,53.184640845648644,1.3332808027187493,2.3880797650784595,0
2026-03-15 16:00:00+00:00,device-04,54.10558086698289,1.2871110442378988,2.374108320507851,0
2026-03-15 16:05:00+00:00,device-04,55.08843139576181,1.3084385328610662,2.3243635293869653,0
2026-03-15 16:10:00+00:00,device-04,53.53286851351198,1.2705432702873112,2.3647386845908183,0
2026-03-15 16:15:00+00:00,device-04,54.910441226636664,1.3327276591748987,2.483969640083954,0
2026-03-15 16:20:00+00:00,device-04,54.80097043355893,1.2350623510303946,2.392902979885398,0
2026-03-15 16:25:00+00:00,device-04,54.17306242048021,1.3515915323461598,2.486443308273285,0
2026-03-15 16:30:00+00:00,device-04,54.69988397361824,1.3288343562812601,2.363968314558918,0
2026-03-15 16:35:00+00:00,device-04,53.96647592739256,1.4035533402048215,2.4097378280601407,0
2026-03-15 16:40:00+00:00,device-04,54.20986390061803,1.2972296331674498,2.38825418418569,0
2026-03-15 16:45:00+00:00,device-04,53.77964501644794,1.2935133376592998,2.4001373713483884,0
2026-03-15 16:50:00+00:00,device-04,54.81262389877118,1.3071904032119033,2.4600534145355093,0
2026-03-15 16:55:00+00:00,device-04,55.44226869574559,1.298237595175362,2.297314264871092,0
2026-03-15 17:00:00+00:00,device-04,54.02020223087571,1.2899197089996635,2.4591076750904377,0
2026-03-15 17:05:00+00:00,device-04,55.323839402940564,1.2381099918810783,2.4568157282856897,0
2026-03-15 17:10:00+00:00,device-04,53.01069413732576,1.2369916450056821,2.417202013758313,0
2026-03-15 17:15:00+00:00,device-04,53.87906412936315,1.2635409519321328,2.4218380907975603,0
2026-03-15 17:20:00+00:00,device-04,53.79166501900594,1.2766462530311151,2.405033366597527,0
2026-03-15 17:25:00+00:00,device-04,55.69208213601445,1.2298956532704217,2.4581439402966474,0
2026-03-15 17:30:00+00:00,device-04,54.08546796129093,1.2302042598835898,2.4218672975908753,0
2026-03-15 17:35:00+00:00,device-04,55.038844783260856,1.2739911606916052,2.369932296714366,0
2026-03-15 17:40:00+00:00,device-04,53.072798095008,1.3253356533746974,2.4280082688678966,0
2026-03-15 17:45:00+00:00,device-04,54.5774764505094,1.276709538076694,2.4746887465645346,0
2026-03-15 17:50:00+00:00,device-04,54.89217921947991,1.3200626167111584,2.4413311246184093,0
2026-03-15 17:55:00+00:00,device-04,54.47311402784497,1.3340491925334201,2.4220058635387285,0
2026-03-15 18:00:00+00:00,device-04,52.604071819022955,1.322596071915588,2.4324762836268308,0
2026-03-15 18:05:00+00:00,device-04,54.622667053927955,1.2608126211055009,2.3924030823247624,0
2026-03-15 18:10:00+00:00,device-04,55.06446202749926,1.2606176338800565,2.394763591268478,0
2026-03-15 18:15:00+00:00,device-04,55.41984658700609,1.1850124393463042,2.3129856982995354,0
2026-03-15 18:20:00+00:00,device-04,54.77784980508294,1.2442751328072388,2.4114468691336115,0
2026-03-15 18:25:00+00:00,device-04,53.324271710768734,1.3020044058672127,2.479187860887694,0
2026-03-15 18:30:00+00:00,device-04,54.354911898176184,1.2214979611393408,2.400248355611985,0
2026-03-15 18:35:00+00:00,device-04,55.13009595089907,1.3450810990018494,2.3708148704499354,0
2026-03-15 18:40:00+00:00,device-04,53.93033564825057,1.3480894053872128,2.475097420545369,0
2026-03-15 18:45:00+00:00,device-04,54.89427804419854,1.2549524465828221,2.4331777354264306,0
2026-03-15 18:50:00+00:00,device-04,54.16677074958383,1.3197928969419954,2.432222441396439,0
2026-03-15 18:55:00+00:00,device-04,54.56462559961388,1.1992283163960826,2.4515443625652185,0
2026-03-15 19:00:00+00:00,device-04,55.02842391544915,1.2169545711018106,2.464958769897823,0
2026-03-15 19:05:00+00:00,device-04,54.005637250015795,1.2503845498329578,2.422567305030493,0
2026-03-15 19:10:00+00:00,device-04,56.496761636439984,1.2687331518518998,2.3774420423063356,0
2026-03-15 19:15:00+00:00,device-04,54.60503953477772,1.2576793009768854,2.5258774446340544,0
2026-03-15 19:20:00+00:00,device-04,54.73797387687265,1.22202163053414,2.429255597900157,0
2026-03-15 19:25:00+00:00,device-04,53.98104413422259,1.3653121776654604,2.3818659916325915,0
2026-03-15 19:30:00+00:00,device-04,54.54112223387093,1.2786636602647554,2.4372838754513895,0
2026-03-15 19:35:00+00:00,device-04,54.310037460737284,1.2772888584330242,2.4955317091012574,0
2026-03-15 19:40:00+00:00,device-04,53.47796015201251,1.2963007661183457,2.3458225287916084,0
2026-03-15 19:45:00+00:00,device-04,53.42671234257678,1.2693432724482057,2.50290045237151,0
2026-03-15 19:50:00+00:00,device-04,54.69556858750608,1.247429192039985,2.4200845179634105,0
2026-03-15 19:55:00+00:00,device-04,54.43314068686036,1.229663400919735,2.542892383149199,0
2026-03-15 20:00:00+00:00,device-04,52.65611406744738,1.1733265778279005,2.466827064809331,0
2026-03-15 20:05:00+00:00,device-04,52.994119468749155,1.3320634992985931,2.422744363956365,0
2026-03-15 20:10:00+00:00,device-04,54.27625510850251,1.2075829333710102,2.5011659466294174,0
2026-03-15 20:15:00+00:00,device-04,54.44289985131565,1.1685224948727546,2.5025233049474425,0
2026-03-15 20:20:00+00:00,device-04,54.914837377667816,1.2110254244168361,2.4095869483872723,0
2026-03-15 20:25:00+00:00,device-04,53.6226438438681,1.1693008229589315,2.4434116902350196,0
2026-03-15 20:30:00+00:00,device-04,54.901736342524046,1.351716804166732,2.4007041944328242,0
2026-03-15 20:35:00+00:00,device-04,54.27153430014402,1.2673770767994184,2.4832940146811384,0
2026-03-15 20:40:00+00:00,device-04,54.13065468420557,1.3194705403787375,2.350191385239284,0
2026-03-15 20:45:00+00:00,device-04,54.38516425272748,1.3206038155623163,2.4210553363632803,0
2026-03-15 20:50:00+00:00,device-04,55.17248133626388,1.274196992126796,2.309250489469447,0
2026-03-15 20:55:00+00:00,device-04,54.871728870843945,1.2732164668860713,2.4655801485071924,0
2026-03-15 21:00:00+00:00,device-04,55.10253479694646,1.2058886104701403,2.3042725550219103,0
2026-03-15 21:05:00+00:00,device-04,53.9975866457849,1.2372799636239624,2.371656586812736,0
2026-03-15 21:10:00+00:00,device-04,54.27862859166448,1.2095382046103764,2.44775135008648,0
2026-03-15 21:15:00+00:00,device-04,53.66216624290346,1.2413475396516802,2.4126584820828167,0
2026-03-15 21:20:00+00:00,device-04,54.0868898539025,1.202259038775058,2.4076837291211977,0
2026-03-15 21:25:00+00:00,device-04,54.19512852348298,1.3014058195088967,2.378017190569681,0
2026-03-15 21:30:00+00:00,device-04,54.14502115608712,1.2745496828510168,2.406877708103486,0
2026-03-15 21:35:00+00:00,device-04,54.96833476346759,1.2288866785131454,2.333501900512953,0
2026-03-15 21:40:00+00:00,device-04,54.765058516935326,1.14780665201588,2.452668996626536,0
2026-03-15 21:45:00+00:00,device-04,54.997040617210764,1.266826314133193,2.480587413090586,0
2026-03-15 21:50:00+00:00,device-04,54.55350521157739,1.2757865042362402,2.4783932490841254,0
2026-03-15 21:55:00+00:00,device-04,55.21262535700806,1.2259435512745975,2.4328650525836006,0
2026-03-15 22:00:00+00:00,device-04,54.539456427501506,1.1638511407363294,2.5052303968882024,0
2026-03-15 22:05:00+00:00,device-04,55.13372976792599,1.2490457299208764,2.461994243157473,0
2026-03-15 22:10:00+00:00,device-04,54.807848922195674,1.2793458039939885,2.490561703961334,0
2026-03-15 22:15:00+00:00,device-04,54.96828845643322,1.1266806950359625,2.458487742471515,0
2026-03-15 22:20:00+00:00,device-04,54.40461153113405,1.2521690705125101,2.4381585397729264,0
2026-03-15 22:25:00+00:00,device-04,53.58220193331161,1.1294000975899594,2.3930280307678147,0
2026-03-15 22:30:00+00:00,device-04,53.435671664498294,1.2248228999935915,2.286133007038986,0
2026-03-15 22:35:00+00:00,device-04,55.81486511577296,1.3086648132513954,2.473829920209285,0
2026-03-15 22:40:00+00:00,device-04,54.713824298940764,1.2229962074905374,2.430640420318405,0
2026-03-15 22:45:00+00:00,device-04,54.75034594270621,1.2415686483797217,2.5510978108209055,0
2026-03-15 22:50:00+00:00,device-04,54.32063766211558,1.1994275391336895,2.324303305215179,0
2026-03-15 22:55:00+00:00,device-04,54.113984339566024,1.2142422512406108,2.4860474911592716,0
2026-03-15 23:00:00+00:00,device-04,56.44264582518413,1.3332025872286095,2.3838921781628573,0
2026-03-15 23:05:00+00:00,device-04,53.64586517037259,1.2801210251719792,2.438181670388776,0
2026-03-15 23:10:00+00:00,device-04,54.383232548135105,1.194820005156017,2.387996697650918,0
2026-03-15 23:15:00+00:00,device-04,54.388508441732974,1.190170809968989,2.458789944402041,0
2026-03-15 23:20:00+00:00,device-04,53.63000561915624,1.2092758956196203,2.437330312987836,0
2026-03-15 23:25:00+00:00,device-04,53.52868615593462,1.318983592682551,2.4894108945918703,0
2026-03-15 23:30:00+00:00,device-04,53.92383998250914,1.2164993518638894,2.447878813526737,0
2026-03-15 23:35:00+00:00,device-04,54.17250707115017,1.2613269795505209,2.467057377167226,0
2026-03-15 23:40:00+00:00,device-04,54.07028770596517,1.1847866190747232,2.512872935219077,0
2026-03-15 23:45:00+00:00,device-04,54.976496104830325,1.1372201951870116,2.469770900657071,0
2026-03-15 23:50:00+00:00,device-04,53.57912037055276,1.2683426939328757,2.4327276012955816,0
2026-03-15 23:55:00+00:00,device-04,54.68441335016904,1.1957049485655398,2.511399324168494,0
2026-03-16 00:00:00+00:00,device-04,55.42600661758291,1.1583846200150894,2.4343444526206026,0
2026-03-16 00:05:00+00:00,device-04,55.019872126326796,1.161792569520194,2.464325029881355,0
2026-03-16 00:10:00+00:00,device-04,53.594124964738,1.1616394188960881,2.4228680569707075,0
2026-03-16 00:15:00+00:00,device-04,52.32095538301766,1.1636692049580604,2.403551367508188,0
2026-03-16 00:20:00+00:00,device-04,54.97670819128337,1.1148711147617485,2.2701476740488236,0
2026-03-16 00:25:00+00:00,device-04,54.72931968948512,1.2532924942481636,2.481521122463791,0
2026-03-16 00:30:00+00:00,device-04,53.968231970612834,1.2103192930185471,2.3761493869661328,0
2026-03-16 00:35:00+00:00,device-04,55.2711975457979,1.2392695667006006,2.484178234099845,0
2026-03-16 00:40:00+00:00,device-04,54.08804280139303,1.1708205160407033,2.545447077680694,0
2026-03-16 00:45:00+00:00,device-04,54.44322831584294,1.204769166682321,2.367344214688694,0
2026-03-16 00:50:00+00:00,device-04,53.63735847862506,1.194364124236622,2.4929265816417296,0
2026-03-16 00:55:00+00:00,device-04,54.58377179299677,1.2444226980813746,2.4374547720886888,0
2026-03-16 01:00:00+00:00,device-04,54.05552735227371,1.2248606410844254,2.4691160304364033,0
2026-03-16 01:05:00+00:00,device-04,54.00051991022954,1.2003810716818484,2.3751035877864806,0
2026-03-16 01:10:00+00:00,device-04,55.10507962071292,1.147825471539393,2.4452582331744965,0
2026-03-16 01:15:00+00:00,device-04,54.495448140086715,1.118485485025588,2.4526471561430756,0
2026-03-16 01:20:00+00:00,device-04,53.29460810853625,1.137692470922407,2.52555196518494,0
2026-03-16 01:25:00+00:00,device-04,54.82159895130661,1.1449074347407746,2.5664664828704025,0
2026-03-16 01:30:00+00:00,device-04,54.919169566334915,1.1485090232394144,2.4622302949227177,0
2026-03-16 01:35:00+00:00,device-04,53.74701105512109,1.1117718636675216,2.4236276394338083,0
2026-03-16 01:40:00+00:00,device-04,54.05038908172866,1.257957607438709,2.5712583947846905,0
2026-03-16 01:45:00+00:00,device-04,54.35903150977921,1.185960028314756,2.4387556185928654,0
2026-03-16 01:50:00+00:00,device-04,54.14263839718249,1.0684255058595502,2.441776241215523,0
2026-03-16 01:55:00+00:00,device-04,54.399724069218585,1.1142253589131275,2.4509529134442,0
2026-03-16 02:00:00+00:00,device-04,54.76370037792654,1.1003840908488136,2.4718966169427903,0
2026-03-16 02:05:00+00:00,device-04,53.96021732569958,1.1794652840394042,2.4860157912692173,0
2026-03-16 02:10:00+00:00,device-04,55.75667228170546,1.220349136945441,2.412834828435411,0
2026-03-16 02:15:00+00:00,device-04,53.79742423693544,1.11474166230275,2.4395337997612336,0
2026-03-16 02:20:00+00:00,device-04,53.91406209374956,1.1951537583909466,2.5532757664817978,0
2026-03-16 02:25:00+00:00,device-04,55.66502760112325,1.1484211933459292,2.537595699275751,0
2026-03-16 02:30:00+00:00,device-04,55.95152192757214,1.2196779374014164,2.4717301199324857,0
2026-03-16 02:35:00+00:00,device-04,54.30407528580112,1.2294528412766195,2.462087869679041,0
2026-03-16 02:40:00+00:00,device-04,54.14207592259291,1.1746527410430745,2.4334814659331236,0
2026-03-16 02:45:00+00:00,device-04,53.51745524908166,1.1941350105995112,2.505298882306024,0
2026-03-16 02:50:00+00:00,device-04,55.06376180526042,1.1562915664296227,2.41751237985973,0
2026-03-16 02:55:00+00:00,device-04,54.38026570036747,1.1362731348089512,2.454155790998193,0
2026-03-16 03:00:00+00:00,device-04,53.661939540052394,1.0949879783483236,2.4211759994556283,0
2026-03-16 03:05:00+00:00,device-04,54.533590993963664,1.1694753739392663,2.411768826718463,0
2026-03-16 03:10:00+00:00,device-04,55.20391447849228,1.1481167844012095,2.449716583087967,0
2026-03-16 03:15:00+00:00,device-04,54.719681533908265,1.1310075631751273,2.4479125539425657,0
2026-03-16 03:20:00+00:00,device-04,55.78041251654166,1.1454473506593477,2.41472072430975,0
2026-03-16 03:25:00+00:00,device-04,55.041425542659816,1.1387337627564937,2.444201404589199,0
2026-03-16 03:30:00+00:00,device-04,54.5330525179148,1.0942882700812873,2.451890475238142,0
2026-03-16 03:35:00+00:00,device-04,54.196614528584085,1.119009839946913,2.4213727459850096,0
2026-03-16 03:40:00+00:00,device-04,54.5995127122945,1.202595680855973,2.410903667447169,0
2026-03-16 03:45:00+00:00,device-04,55.06138887872119,1.1316546734949442,2.4405234607011037,0
2026-03-16 03:50:00+00:00,device-04,54.805139765546585,1.2131349135923182,2.4884869691432425,0
2026-03-16 03:55:00+00:00,device-04,54.937152320000386,1.0826560262084655,2.511734285348311,0
2026-03-16 04:00:00+00:00,device-04,54.34948486095435,1.0713391206106146,2.4593017517158704,0
2026-03-16 04:05:00+00:00,device-04,54.724630583335475,1.1453359126704628,2.4334048824874115,0
2026-03-16 04:10:00+00:00,device-04,55.03339679105418,1.1770756526503274,2.4471843388728023,0
2026-03-16 04:15:00+00:00,device-04,54.06150479437206,1.1033286339101493,2.55800203289886,0
2026-03-16 04:20:00+00:00,device-04,53.264543398025694,1.1671593959260609,2.5012704852659597,0
2026-03-16 04:25:00+00:00,device-04,55.374665301058975,1.1816534007926096,2.3949382587823527,0
2026-03-16 04:30:00+00:00,device-04,54.5690939077169,1.1876117665834285,2.446314107711993,0
2026-03-16 04:35:00+00:00,device-04,53.84742819400005,1.126475576215288,2.419162821570787,0
2026-03-16 04:40:00+00:00,device-04,54.31339539486341,1.1283812679134095,2.4286746879572716,0
2026-03-16 04:45:00+00:00,device-04,53.97091834890176,1.0462324481961085,2.3535031131240762,0
2026-03-16 04:50:00+00:00,device-04,52.94459067705478,1.1299400289001096,2.451217859695108,0
2026-03-16 04:55:00+00:00,device-04,54.00385014405942,1.1418986842391368,2.3722856760698483,0
2026-03-16 05:00:00+00:00,device-04,53.12979037647665,1.1981580809026615,2.4162283213223334,0
2026-03-16 05:05:00+00:00,device-04,54.262657986433524,1.0610957377323995,2.53641283203563,0
2026-03-16 05:10:00+00:00,device-04,54.03834496366205,1.0815409793873971,2.506930992190581,0
2026-03-16 05:15:00+00:00,device-04,54.902420961321965,1.072617360633127,2.400453686714027,0
2026-03-16 05:20:00+00:00,device-04,54.018912295064055,1.1677508440406397,2.3911162604624985,0
2026-03-16 05:25:00+00:00,device-04,54.35876132384967,0.9931231934923419,2.3981473279039958,0
2026-03-16 05:30:00+00:00,device-04,53.881774987217874,1.0653319735177236,2.3426583659927855,0
2026-03-16 05:35:00+00:00,device-04,53.81893148692175,1.2234296212163491,2.3943135876042816,0
2026-03-16 05:40:00+00:00,device-04,53.100500918970404,1.1512573689906278,2.4349359880553076,0
2026-03-16 05:45:00+00:00,device-04,54.76582606748414,1.0497209023453058,2.3906521275660664,0
2026-03-16 05:50:00+00:00,device-04,54.185816647747316,1.1129087005579787,2.49359530189993,0
2026-03-16 05:55:00+00:00,device-04,53.65209122911973,1.1577350698257671,2.4475789627436386,0
2026-03-16 06:00:00+00:00,device-04,54.19965189224268,1.1417413732888777,2.4202235127294616,0
2026-03-16 06:05:00+00:00,device-04,53.75724317125139,1.101661046066487,2.550481283969405,0
2026-03-16 06:10:00+00:00,device-04,53.53420849216678,1.0717616921099569,2.491103390607186,0
2026-03-16 06:15:00+00:00,device-04,54.209267238152336,1.1529315830254643,2.454710646631391,0
2026-03-16 06:20:00+00:00,device-04,54.8788156560267,1.1095117444690141,2.556283292201623,0
2026-03-16 06:25:00+00:00,device-04,53.833153474465675,1.149785037766634,2.525819365135147,0
2026-03-16 06:30:00+00:00,device-04,53.01800488341443,1.127941288036362,2.4105612075302103,0
2026-03-16 06:35:00+00:00,device-04,53.57846589575179,1.083265132168962,2.469341746154756,0
2026-03-16 06:40:00+00:00,device-04,55.26029732617085,1.178768641749516,2.4258912404353645,0
2026-03-16 06:45:00+00:00,device-04,53.42771449798595,1.0797021531483937,2.368877929113132,0
2026-03-16 06:50:00+00:00,device-04,54.820421998971405,1.1257328745187032,2.559406931206192,0
2026-03-16 06:55:00+00:00,device-04,53.81486877440233,1.0710192254956081,2.5367175507983446,0
2026-03-16 07:00:00+00:00,device-04,54.49354303274097,1.0904015597116625,2.378391737991392,0
2026-03-16 07:05:00+00:00,device-04,53.894316316228256,1.0884783429131866,2.4791497202690103,0
2026-03-16 07:10:00+00:00,device-04,52.85768386888065,1.066751086770133,2.357200321674894,0
2026-03-16 07:15:00+00:00,device-04,53.66668554273325,1.1112465279459471,2.51246623977446,0
2026-03-16 07:20:00+00:00,device-04,55.42655859091118,1.164495885347572,2.448043066596414,0
2026-03-16 07:25:00+00:00,device-04,53.848973929910215,1.1913099409826549,2.434441838573668,0
2026-03-16 07:30:00+00:00,device-04,54.32958448580064,1.168994790469588,2.5230607705738413,0
2026-03-16 07:35:00+00:00,device-04,53.69186662321927,1.0868795988333122,2.45166152613909,0
2026-03-16 07:40:00+00:00,device-04,53.82794726852224,1.1682661409491863,2.4362804916672727,0
2026-03-16 07:45:00+00:00,device-04,54.13879441228797,1.1149572769056941,2.5033840956241504,0
2026-03-16 07:50:00+00:00,device-04,54.237963034545295,1.1836513118516847,2.4337521407931852,0
2026-03-16 07:55:00+00:00,device-04,55.45271564390573,1.0284798916690505,2.5011006570438163,0
2026-03-16 08:00:00+00:00,device-04,53.881192600436414,1.166008016144751,2.4512272003914095,0
2026-03-16 08:05:00+00:00,device-04,53.758892529070756,1.0601199663501433,2.498439220652156,0
2026-03-16 08:10:00+00:00,device-04,53.41429464720068,1.147878145873194,2.487046212858268,0
2026-03-16 08:15:00+00:00,device-04,52.95150264499272,1.0651214165732308,2.4963970156096686,0
2026-03-16 08:20:00+00:00,device-04,52.736656301170036,1.1338491321609796,2.3933505367594625,0
2026-03-16 08:25:00+00:00,device-04,54.320341017862475,1.0727742707500034,2.5589875952998455,0
2026-03-16 08:30:00+00:00,device-04,52.545794070506346,0.9913424371319964,2.441771747481049,0
2026-03-16 08:35:00+00:00,device-04,54.825752391797096,1.0365266872479415,2.5520963782729402,0
2026-03-16 08:40:00+00:00,device-04,54.435315823805695,1.0723926839303928,2.4167659550239313,0
2026-03-16 08:45:00+00:00,device-04,53.62021559667065,1.084966455356577,2.435288913073217,0
2026-03-16 08:50:00+00:00,device-04,53.01149775853478,0.9700555718116509,2.4358654947280693,0
2026-03-16 08:55:00+00:00,device-04,53.83171674961781,1.0217749056782115,2.5173582376605546,0
2026-03-16 09:00:00+00:00,device-04,53.81983941691069,1.0445504153400496,2.4263734190797357,0
2026-03-16 09:05:00+00:00,device-04,54.585871855764104,1.0699843340317041,2.474787877906751,0
2026-03-16 09:10:00+00:00,device-04,53.270159533358395,1.0910273725607762,2.3607393348565093,0
2026-03-16 09:15:00+00:00,device-04,53.51741043416526,1.0377788203194602,2.4232244093702744,0
2026-03-16 09:20:00+00:00,device-04,53.73726582496024,1.0019466739377108,2.4636308146252106,0
2026-03-16 09:25:00+00:00,device-04,53.5724726293806,1.0929344082706316,2.4444826984351695,0
2026-03-16 09:30:00+00:00,device-04,53.32185998325491,1.0602396101426221,2.3428502593817013,0
2026-03-16 09:35:00+00:00,device-04,52.5508775379783,1.121010010506707,2.479415751537875,0
2026-03-16 09:40:00+00:00,device-04,52.595604039511294,1.0490598623822531,2.3949631498357724,0
2026-03-16 09:45:00+00:00,device-04,53.26255211959189,1.10736575626022,2.5621513156215823,0
2026-03-16 09:50:00+00:00,device-04,53.5704140810791,1.0293068503050797,2.439462895040497,0
2026-03-16 09:55:00+00:00,device-04,54.41881540994516,1.0870076498142125,2.5805510977774135,0
2026-03-16 10:00:00+00:00,device-04,55.32823224914946,1.0773731042574917,2.488615620495001,0
2026-03-16 10:05:00+00:00,device-04,54.903663228458974,1.0948285562204505,2.4768208776167153,0
2026-03-16 10:10:00+00:00,device-04,53.97248565463783,1.0244853446600755,2.4225485849511017,0
2026-03-16 10:15:00+00:00,device-04,55.002623476295554,1.0647518217326384,2.4434088977616244,0
2026-03-16 10:20:00+00:00,device-04,53.59858388713662,1.0275219035403294,2.4762061046853536,0
2026-03-16 10:25:00+00:00,device-04,53.30301999198335,1.0615399478392014,2.337669501441426,0
2026-03-16 10:30:00+00:00,device-04,55.282843134740546,1.1003478850125141,2.5073673289051506,0
2026-03-16 10:35:00+00:00,device-04,52.90871565152217,1.2187188203279318,2.382295582245948,0
2026-03-16 10:40:00+00:00,device-04,53.3573334419747,1.0695840208938183,2.434874137666381,0
2026-03-16 10:45:00+00:00,device-04,53.455092197649094,1.1032374846744488,2.291834220201549,0
2026-03-16 10:50:00+00:00,device-04,54.65248900737932,1.0723573635742216,2.4758696336775667,0
2026-03-16 10:55:00+00:00,device-04,53.20667046193393,1.123206218402899,2.4926524885220656,0
2026-03-16 11:00:00+00:00,device-04,54.161209864905594,1.088815699223295,2.4658160672010667,0
2026-03-16 11:05:00+00:00,device-04,53.321296271393045,1.117605676337089,2.4679797241908026,0
2026-03-16 11:10:00+00:00,device-04,52.74165928692265,1.0823625545521494,2.4277710927359344,0
2026-03-16 11:15:00+00:00,device-04,53.75448235859213,1.184743065190155,2.4579580538563452,0
2026-03-16 11:20:00+00:00,device-04,53.698792942477326,1.1327583079201546,2.51895274142589,0
2026-03-16 11:25:00+00:00,device-04,52.76373654671514,0.9772591948679938,2.4243444896529307,0
2026-03-16 11:30:00+00:00,device-04,52.95860375320906,1.0775212390141427,2.4779146008276838,0
2026-03-16 11:35:00+00:00,device-04,53.00087782465987,1.0658866613441647,2.490833412472206,0
2026-03-16 11:40:00+00:00,device-04,54.221694819828116,0.9505238608618375,2.435069514375476,0
2026-03-16 11:45:00+00:00,device-04,53.86196276816153,1.0177000063119979,2.46230934409624,0
2026-03-16 11:50:00+00:00,device-04,53.69717202699087,1.0373976309933979,2.4610881006415464,0
2026-03-16 11:55:00+00:00,device-04,53.865102454220235,1.0231689120013332,2.4196583470698627,0
2026-03-16 12:00:00+00:00,device-04,53.180056734117606,1.0661929152715874,2.5890784382603336,0
2026-03-16 12:05:00+00:00,device-04,53.83894170957842,0.9690190351697441,2.4230043872399007,0
2026-03-16 12:10:00+00:00,device-04,53.072858719804714,1.0963724466144633,2.5471091510126853,0
2026-03-16 12:15:00+00:00,device-04,52.55530301277602,1.0973756839388082,2.5098146782409514,0
2026-03-16 12:20:00+00:00,device-04,52.98694635750118,1.0757719202935954,2.329835949991774,0
2026-03-16 12:25:00+00:00,device-04,53.61766403115632,1.041069383208105,2.4621685378210927,0
2026-03-16 12:30:00+00:00,device-04,53.52452519937564,1.0575138092419036,2.5072654746169682,0
2026-03-16 12:35:00+00:00,device-04,54.192867157046386,1.0335300527629394,2.4946277051016716,0
2026-03-16 12:40:00+00:00,device-04,52.26240264129924,1.1141065327968196,2.3948052675237963,0
2026-03-16 12:45:00+00:00,device-04,53.28154257672788,1.0816107913441402,2.462097195957436,0
2026-03-16 12:50:00+00:00,device-04,53.702705621385874,1.1560333465652426,2.3773932542875555,0
2026-03-16 12:55:00+00:00,device-04,52.7441589298961,1.0370662925020369,2.386496229228901,0
2026-03-16 13:00:00+00:00,device-04,53.58323278468861,1.1281154535732112,2.432753871304597,0
2026-03-16 13:05:00+00:00,device-04,53.113678301145235,1.0259561210872512,2.457443380165114,0
2026-03-16 13:10:00+00:00,device-04,52.60044022055803,1.0460438955214126,2.5395656649257394,0
2026-03-16 13:15:00+00:00,device-04,54.16678470385038,1.0018926757111992,2.4669897022789455,0
2026-03-16 13:20:00+00:00,device-04,52.40123116791851,1.0803511945403244,2.5076014611217294,0
2026-03-16 13:25:00+00:00,device-04,54.06431738279008,1.0507901860793103,2.3762001199521947,0
2026-03-16 13:30:00+00:00,device-04,53.06568142294266,1.0847156784560112,2.378581988701178,0
2026-03-16 13:35:00+00:00,device-04,52.68840048817491,1.1281273305239812,2.417372913578602,0
2026-03-16 13:40:00+00:00,device-04,52.71824858667347,1.0502245521722975,2.5472564393557593,0
2026-03-16 13:45:00+00:00,device-04,52.812142834414175,1.0718948197791132,2.3674673378340416,0
2026-03-16 13:50:00+00:00,device-04,52.72609468488279,1.0977405523113184,2.353103377684956,0
2026-03-16 13:55:00+00:00,device-04,53.49834513766216,1.0494198472867293,2.440512801786347,0
2026-03-16 14:00:00+00:00,device-04,51.99361537436741,1.024696276245669,2.5139267699252197,0
2026-03-16 14:05:00+00:00,device-04,54.15944606611002,1.0699341960635107,2.349764247179056,0
2026-03-16 14:10:00+00:00,device-04,53.86696254112764,1.077083492405282,2.4296800077216907,0
2026-03-16 14:15:00+00:00,device-04,54.24450164254057,1.0908060088519407,2.365249625508328,0
2026-03-16 14:20:00+00:00,device-04,52.576640553897725,1.093264535767817,2.5283268234020393,0
2026-03-16 14:25:00+00:00,device-04,51.63318155552898,1.0177918759160167,2.484125283350612,0
2026-03-16 14:30:00+00:00,device-04,52.80926732382613,1.0735281796527891,2.459606532837712,0
2026-03-16 14:35:00+00:00,device-04,53.11929054219458,1.1128563962647688,2.440694286931483,0
2026-03-16 14:40:00+00:00,device-04,53.439590114240474,1.0276774939574056,2.4295669902548362,0
2026-03-16 14:45:00+00:00,device-04,52.85543040480202,1.0690662688104535,2.4511183609790144,0
2026-03-16 14:50:00+00:00,device-04,53.150155692831646,1.0196997810938684,2.405156647049128,0
2026-03-16 14:55:00+00:00,device-04,53.3042419390672,1.059057061972257,2.391250489879548,0
2026-03-16 15:00:00+00:00,device-04,52.106563594952284,1.1377034518212492,2.377741568059122,0
2026-03-16 15:05:00+00:00,device-04,54.44463015843359,1.0592177697938057,2.442990612303484,0
2026-03-16 15:10:00+00:00,device-04,52.38621559744907,1.0020305578613122,2.3957078029244565,0
2026-03-16 15:15:00+00:00,device-04,53.346415912369686,1.067764259171339,2.492814574473595,0
2026-03-16 15:20:00+00:00,device-04,53.907736029932266,1.0612098884008072,2.3191459002982104,0
2026-03-16 15:25:00+00:00,device-04,52.596086439034,1.1063351329525855,2.474550443325344,0
2026-03-16 15:30:00+00:00,device-04,53.13662448217636,0.9815397203240794,2.4723540356052403,0
2026-03-16 15:35:00+00:00,device-04,54.26735036300968,1.00441463398926,2.5119400573230135,0
2026-03-16 15:40:00+00:00,device-04,52.91859557076515,1.0464551782828828,2.426111403303824,0
2026-03-16 15:45:00+00:00,device-04,53.8376249457392,0.9724842452543087,2.3530424892058246,0
2026-03-16 15:50:00+00:00,device-04,53.30056976952728,1.107385356364978,2.386496507384899,0
2026-03-16 15:55:00+00:00,device-04,53.24732593090406,0.9489120334312303,2.5061736885002177,0
2026-03-16 16:00:00+00:00,device-04,53.580215412272395,1.0088548441649068,2.422126787754966,0
2026-03-16 16:05:00+00:00,device-04,52.90664977779569,0.9764968505396142,2.4156269336533214,0
2026-03-16 16:10:00+00:00,device-04,52.91238949229319,1.0177475506668656,2.405347536031431,0
2026-03-16 16:15:00+00:00,device-04,53.72244817559833,1.090869121872365,2.4354506803505633,0
2026-03-16 16:20:00+00:00,device-04,53.22301572876335,1.0809941231677451,2.425703565501944,0
2026-03-16 16:25:00+00:00,device-04,53.3788116459797,1.0973326315875032,2.3478779853640046,0
2026-03-16 16:30:00+00:00,device-04,52.1843619290455,1.0812535903100873,2.403658901081243,0
2026-03-16 16:35:00+00:00,device-04,53.0233092473912,0.9492270212429119,2.4970558329709616,0
2026-03-16 16:40:00+00:00,device-04,53.850562687488484,1.0663731342854872,2.5225602221344223,0
2026-03-16 16:45:00+00:00,device-04,53.62190640768211,0.9588572826487508,2.430673922414455,0
2026-03-16 16:50:00+00:00,device-04,53.22375351181408,1.0263209634638166,2.407409258836928,0
2026-03-16 16:55:00+00:00,device-04,52.611507731828524,1.0320319679713412,2.5164893461222753,0
2026-03-16 17:00:00+00:00,device-04,52.53548480437585,1.0246189820816418,2.426728953225303,0
2026-03-16 17:05:00+00:00,device-04,53.26100698821766,1.0767130586508444,2.368100532265176,0
2026-03-16 17:10:00+00:00,device-04,53.93733855051177,1.011692703288341,2.4292044587960127,0
2026-03-16 17:15:00+00:00,device-04,52.96536403898519,1.1392667165526549,2.476886134230902,0
2026-03-16 17:20:00+00:00,device-04,53.838062712330654,1.0826609990364169,2.52704132514998,0
2026-03-16 17:25:00+00:00,device-04,52.70625771026714,1.1120928072378014,2.407380943162212,0
2026-03-16 17:30:00+00:00,device-04,53.74624489538693,1.0911559479029762,2.4670392888564767,0
2026-03-16 17:35:00+00:00,device-04,52.197260930478166,1.0981456618425338,2.4160053644360273,0
2026-03-16 17:40:00+00:00,device-04,53.01733968950018,1.0515158765591457,2.5016136123577337,0
2026-03-16 17:45:00+00:00,device-04,52.1302002049347,1.152349577942418,2.4498287480363983,0
2026-03-16 17:50:00+00:00,device-04,53.328604722552626,1.0014247603382325,2.449793907449977,0
2026-03-16 17:55:00+00:00,device-04,53.25786739277794,1.077594431938703,2.3768125258956547,0
2026-03-16 18:00:00+00:00,device-04,52.18324329960382,1.054967943924653,2.4153005157548915,0
2026-03-16 18:05:00+00:00,device-04,52.316655544616005,1.0438586461341528,2.414763587966773,0
2026-03-16 18:10:00+00:00,device-04,52.517891660329,1.0713353112269564,2.223195576986013,0
2026-03-16 18:15:00+00:00,device-04,51.77660572684266,1.0181478043733452,2.4831161339690957,0
2026-03-16 18:20:00+00:00,device-04,52.16010993065253,1.0996044325571952,2.432255359444965,0
2026-03-16 18:25:00+00:00,device-04,52.19331896783863,1.0957489567901268,2.4204167681279665,0
2026-03-16 18:30:00+00:00,device-04,53.33494153767271,1.0616486520346784,2.41120239856556,0
2026-03-16 18:35:00+00:00,device-04,53.74562361439655,1.094089909554546,2.433495934329742,0
2026-03-16 18:40:00+00:00,device-04,52.45758132194337,1.0054414132406224,2.445790017490675,0
2026-03-16 18:45:00+00:00,device-04,52.556968283877005,0.9672440952666613,2.3551267133676856,0
2026-03-16 18:50:00+00:00,device-04,52.89774973923917,1.02921066970493,2.4384088428910604,0
2026-03-16 18:55:00+00:00,device-04,52.37354118274859,1.0468202015879082,2.4374608965171785,0
2026-03-16 19:00:00+00:00,device-04,52.53386471848623,1.1840035295795057,2.4321574911003356,0
2026-03-16 19:05:00+00:00,device-04,53.30395089622288,1.04809274258497,2.343497729323085,0
2026-03-16 19:10:00+00:00,device-04,52.86939305260961,1.111682170695188,2.421787981233273,0
2026-03-16 19:15:00+00:00,device-04,52.6390651635385,1.1027773631042734,2.354748319715794,0
2026-03-16 19:20:00+00:00,device-04,52.288223174100835,1.1665825385829864,2.4497032717320084,0
2026-03-16 19:25:00+00:00,device-04,53.70724765597641,1.067172216719218,2.505861016870718,0
2026-03-16 19:30:00+00:00,device-04,52.23942878338375,1.094559943699281,2.4795627808466865,0
2026-03-16 19:35:00+00:00,device-04,52.74336023330864,1.052592200561447,2.408602491611664,0
2026-03-16 19:40:00+00:00,device-04,51.92654195981457,1.0194633902929673,2.3965346810079398,0
2026-03-16 19:45:00+00:00,device-04,52.22290116601218,1.0129548015006515,2.3947693791401066,0
2026-03-16 19:50:00+00:00,device-04,52.694641733895615,1.0245311356609237,2.4478690548599618,0
2026-03-16 19:55:00+00:00,device-04,52.34264590677761,1.1358876801907558,2.3883339031362576,0
2026-03-16 20:00:00+00:00,device-04,52.98156759956584,1.0791576730987438,2.3956168334415864,0
2026-03-16 20:05:00+00:00,device-04,52.64612916758847,1.0576846141938512,2.280204638247988,0
2026-03-16 20:10:00+00:00,device-04,51.62163963755567,1.0668296971466062,2.3765954263292137,0
2026-03-16 20:15:00+00:00,device-04,50.964805517874545,1.038244963106509,2.380159111153196,0
2026-03-16 20:20:00+00:00,device-04,53.26438525693328,1.0653917505585182,2.3941000367395295,0
2026-03-16 20:25:00+00:00,device-04,52.150319063149155,1.0656387544931265,2.4960920300823997,0
2026-03-16 20:30:00+00:00,device-04,53.58279666913435,1.1008880019550977,2.345710722975685,0
2026-03-16 20:35:00+00:00,device-04,52.54824982602922,1.1144849060128426,2.3469809966192425,0
2026-03-16 20:40:00+00:00,device-04,51.99390533442374,0.9875333574631543,2.4592755807382805,0
2026-03-16 20:45:00+00:00,device-04,52.90829387202745,1.0816908260093707,2.366597854957951,0
2026-03-16 20:50:00+00:00,device-04,52.318542593155335,1.1395619393388625,2.413988297789757,0
2026-03-16 20:55:00+00:00,device-04,52.5068116549455,1.020192205032619,2.4333482670143503,0
2026-03-16 21:00:00+00:00,device-04,51.838335727322935,1.0594327726139543,2.4237737139346707,0
2026-03-16 21:05:00+00:00,device-04,52.92411647910749,1.0810648379564134,2.377219221732185,0
2026-03-16 21:10:00+00:00,device-04,53.23363350841371,1.1284054499193839,2.4757728046792207,0
2026-03-16 21:15:00+00:00,device-04,52.09055534515208,1.1038242588334128,2.50927175655989,0
2026-03-16 21:20:00+00:00,device-04,53.69474926812198,1.0636600536850402,2.362900170938504,0
2026-03-16 21:25:00+00:00,device-04,52.040004830249686,1.1003741039616313,2.4052627895968817,0
2026-03-16 21:30:00+00:00,device-04,52.6019818036712,1.1279310976297485,2.475616802466262,0
2026-03-16 21:35:00+00:00,device-04,51.27410327611213,1.0962695609546222,2.408311336380682,0
2026-03-16 21:40:00+00:00,device-04,51.06303240172926,1.1704936026769241,2.361679879064851,0
2026-03-16 21:45:00+00:00,device-04,53.86694386324383,1.0993476512923324,2.394642521369748,0
2026-03-16 21:50:00+00:00,device-04,53.3834069723493,1.0263198548986228,2.467879568881355,0
2026-03-16 21:55:00+00:00,device-04,53.180124500413086,1.0403920710782262,2.3609172741360616,0
2026-03-16 22:00:00+00:00,device-04,51.180653299874685,1.0736711391664169,2.4334509383666227,0
2026-03-16 22:05:00+00:00,device-04,52.51555951934503,1.0707852258932695,2.440541923346116,0
2026-03-16 22:10:00+00:00,device-04,52.640911808566315,1.1130174152878978,2.3798783856150854,0
2026-03-16 22:15:00+00:00,device-04,52.39297755331433,1.1004245525381018,2.450504948298194,0
2026-03-16 22:20:00+00:00,device-04,52.53544788382752,1.1693364451779307,2.456059200366175,0
2026-03-16 22:25:00+00:00,device-04,51.67511170344739,1.1249019086470498,2.4749890880677423,0
2026-03-16 22:30:00+00:00,device-04,52.19537638341617,1.1594390896161981,2.470812431524897,0
2026-03-16 22:35:00+00:00,device-04,51.50057530145793,1.0476963595512592,2.329141441994108,0
2026-03-16 22:40:00+00:00,device-04,52.0431052026016,1.0653279204656856,2.4678508731859394,0
2026-03-16 22:45:00+00:00,device-04,52.53710880989887,1.1218222329345764,2.4492561937297683,0
2026-03-16 22:50:00+00:00,device-04,51.720439683371545,1.0929986536719893,2.47190847830487,0
2026-03-16 22:55:00+00:00,device-04,52.06359716107077,1.1206491455883414,2.365000273783566,0
2026-03-16 23:00:00+00:00,device-04,51.94593869151636,1.102628518113717,2.4668750544084923,0
2026-03-16 23:05:00+00:00,device-04,52.24768285651356,1.059895120519189,2.4354805937382875,0
2026-03-16 23:10:00+00:00,device-04,52.870705015373424,1.17708522537454,2.3459006415532566,0
2026-03-16 23:15:00+00:00,device-04,52.38241722834308,1.1498537358999352,2.4872197878546887,0
2026-03-16 23:20:00+00:00,device-04,52.48342857502064,1.0158030052165807,2.3672130563530067,0
2026-03-16 23:25:00+00:00,device-04,51.19044305738338,1.063612799774252,2.3531225253928927,0
2026-03-16 23:30:00+00:00,device-04,51.93365125076886,1.0965266219642604,2.4350273979292663,0
2026-03-16 23:35:00+00:00,device-04,52.74912561694455,1.1302921131741712,2.376272886233563,0
2026-03-16 23:40:00+00:00,device-04,51.56549876568809,1.0935974960990236,2.432143806531612,0
2026-03-16 23:45:00+00:00,device-04,51.854418665860855,1.0299701624348696,2.3964069982389002,0
2026-03-16 23:50:00+00:00,device-04,51.469922585170764,1.1406230427146071,2.4267926224250256,0
2026-03-16 23:55:00+00:00,device-04,53.07012105087412,1.0896064326314892,2.4574399289930957,0
2026-03-17 00:00:00+00:00,device-04,51.811362360515034,1.1611059382622564,2.407592325310617,0
2026-03-17 00:05:00+00:00,device-04,51.60782314670008,1.1170224050311244,2.4597459285745487,0
2026-03-17 00:10:00+00:00,device-04,52.53942707402781,1.1529394719126287,2.458097181611878,0
2026-03-17 00:15:00+00:00,device-04,52.8664447770545,1.1455963624171785,2.359578884751845,0
2026-03-17 00:20:00+00:00,device-04,52.433440347032786,1.1489478757532217,2.4577488892385797,0
2026-03-17 00:25:00+00:00,device-04,52.76437910831393,1.0803280866495533,2.4435398330923164,0
2026-03-17 00:30:00+00:00,device-04,52.21583691307873,1.1581925456322562,2.414961990230201,0
2026-03-17 00:35:00+00:00,device-04,51.96820040265419,1.1179381334558451,2.471815303470797,0
2026-03-17 00:40:00+00:00,device-04,51.740500030326054,1.0463852103953901,2.5027023014485827,0
2026-03-17 00:45:00+00:00,device-04,51.68324940867273,1.0900205936165182,2.4501605392270998,0
2026-03-17 00:50:00+00:00,device-04,51.6113888186096,1.0938876364522572,2.3200903794478496,0
2026-03-17 00:55:00+00:00,device-04,52.276026113396206,1.135211536723789,2.4309994325245214,0
2026-03-17 01:00:00+00:00,device-04,51.93006008829347,1.1470385733529596,2.39704136523452,0
2026-03-17 01:05:00+00:00,device-04,52.06020846690895,1.058107385179885,2.3886393151004204,0
2026-03-17 01:10:00+00:00,device-04,52.41279457251936,1.1510937607953555,2.423951321001395,0
2026-03-17 01:15:00+00:00,device-04,51.941834283619805,1.1126630419310162,2.384451092912496,0
2026-03-17 01:20:00+00:00,device-04,51.012593671260674,1.0641827036293858,2.4980021115734106,0
2026-03-17 01:25:00+00:00,device-04,51.4070792044825,1.159643653836079,2.418678723822074,0
2026-03-17 01:30:00+00:00,device-04,51.168248669394686,1.0810394863868562,2.4033442039721953,0
2026-03-17 01:35:00+00:00,device-04,50.60789494807378,1.0605358661062614,2.447417256161392,0
2026-03-17 01:40:00+00:00,device-04,52.00429411553371,1.1589889573511596,2.447988459434711,0
2026-03-17 01:45:00+00:00,device-04,51.08340586817408,1.167205348114466,2.469782240423309,0
2026-03-17 01:50:00+00:00,device-04,51.015048384994294,1.0904141746598301,2.4374280918228064,0
2026-03-17 01:55:00+00:00,device-04,51.149184884777284,1.1772261063119958,2.398065219271586,0
2026-03-17 02:00:00+00:00,device-04,52.5029983177971,1.1755902554836677,2.4076148536747137,0
2026-03-17 02:05:00+00:00,device-04,51.66560345287374,1.1007417593298174,2.273717707636392,0
2026-03-17 02:10:00+00:00,device-04,52.571942764582964,1.2274868439956528,2.313461422563551,0
2026-03-17 02:15:00+00:00,device-04,51.800933397063886,1.1259264327271536,2.4588314562806977,0
2026-03-17 02:20:00+00:00,device-04,51.5493999893399,1.1412055445993887,2.378938052802956,0
2026-03-17 02:25:00+00:00,device-04,52.23977742921859,1.0119630482561612,2.5029291652201513,0
2026-03-17 02:30:00+00:00,device-04,52.2522626471666,1.163940214388031,2.501859483482313,0
2026-03-17 02:35:00+00:00,device-04,51.906005937537415,1.1024120626993152,2.3238106719958522,0
2026-03-17 02:40:00+00:00,device-04,51.09114836535892,1.156448360940171,2.4141989341866363,0
2026-03-17 02:45:00+00:00,device-04,51.48702000621316,1.0502213953073198,2.5636379219066976,0
2026-03-17 02:50:00+00:00,device-04,50.97092700674892,1.1944541071964156,2.349470615160751,0
2026-03-17 02:55:00+00:00,device-04,51.607159995306006,1.2105807000410131,2.4177649822076046,0
2026-03-17 03:00:00+00:00,device-04,51.84346510567057,1.233329130728647,2.3809705101888214,0
2026-03-17 03:05:00+00:00,device-04,52.80567240439631,0.9927831524590167,2.3798680677214454,0
2026-03-17 03:10:00+00:00,device-04,52.747200398451945,1.1706837970090702,2.37720962544239,0
2026-03-17 03:15:00+00:00,device-04,52.223340854513125,1.1597437530366868,2.3919557493044774,0
2026-03-17 03:20:00+00:00,device-04,52.40788924045061,0.992914765735002,2.4368609833092876,0
2026-03-17 03:25:00+00:00,device-04,51.892149068553096,1.1083675999087508,2.345282883909569,0
2026-03-17 03:30:00+00:00,device-04,53.66017013392811,1.1418747899729973,2.4209241031868753,0
2026-03-17 03:35:00+00:00,device-04,52.780756827875365,1.2182929915378389,2.3500312698661534,0
2026-03-17 03:40:00+00:00,device-04,53.55370790819176,1.1069182648491411,2.421113496572226,0
2026-03-17 03:45:00+00:00,device-04,51.9606569477554,1.159991619096586,2.408560932059109,0
2026-03-17 03:50:00+00:00,device-04,51.97340062531778,1.1480668692651408,2.344464176743044,0
2026-03-17 03:55:00+00:00,device-04,52.4115309770378,1.170382990427981,2.397372730052947,0
2026-03-17 04:00:00+00:00,device-04,51.798152954371844,1.1334773266710538,2.345953228785949,0
2026-03-17 04:05:00+00:00,device-04,51.87439682212561,1.199117355151781,2.33905684220294,0
2026-03-17 04:10:00+00:00,device-04,50.95721194513744,1.204295184986091,2.4557546678244195,0
2026-03-17 04:15:00+00:00,device-04,52.29620713610684,1.0890663606333015,2.2813622104512166,0
2026-03-17 04:20:00+00:00,device-04,51.72426291261834,1.2141657686127256,2.4192898578985558,0
2026-03-17 04:25:00+00:00,device-04,52.186562797391666,1.1221419166394722,2.427411122385132,0
2026-03-17 04:30:00+00:00,device-04,51.45700916080623,1.1469789846324443,2.3513184695060647,0
2026-03-17 04:35:00+00:00,device-04,50.35973121020454,1.218041268137813,2.4486617240270983,0
2026-03-17 04:40:00+00:00,device-04,51.94394664151153,1.1680633407274184,2.437724052326997,0
2026-03-17 04:45:00+00:00,device-04,52.399333156775626,1.1931037343470652,2.308969319681616,0
2026-03-17 04:50:00+00:00,device-04,50.67979730876846,1.2050156728696924,2.414367711192322,0
2026-03-17 04:55:00+00:00,device-04,50.887144854438255,1.1967808589873594,2.410529210766199,0
2026-03-17 05:00:00+00:00,device-04,51.34668706227251,1.1412922438187525,2.3399147158998757,0
2026-03-17 05:05:00+00:00,device-04,51.37553472285384,1.1219030975527606,2.415835638796796,0
2026-03-17 05:10:00+00:00,device-04,50.34999569386875,1.2046619458465457,2.4254824499158016,0
2026-03-17 05:15:00+00:00,device-04,52.75947410297539,1.2097426559003084,2.3393995797871407,0
2026-03-17 05:20:00+00:00,device-04,52.22926246502682,1.1909998050998565,2.264799505855584,0
2026-03-17 05:25:00+00:00,device-04,51.081873247577434,1.164998561192366,2.4036957716228593,0
2026-03-17 05:30:00+00:00,device-04,50.23643572720794,1.2184404048215014,2.336620153701513,0
2026-03-17 05:35:00+00:00,device-04,51.74922676785881,1.1756190477852593,2.2792188598325667,0
2026-03-17 05:40:00+00:00,device-04,52.875281713819156,1.1099027360102869,2.356426163025154,0
2026-03-17 05:45:00+00:00,device-04,52.05786983550943,1.1934939416376071,2.2396087976278216,0
2026-03-17 05:50:00+00:00,device-04,52.2774961690217,1.2058827596930344,2.358042350872872,0
2026-03-17 05:55:00+00:00,device-04,50.80209303933788,1.2206171760254136,2.464619541822981,0
2026-03-17 06:00:00+00:00,device-04,51.615107342450756,1.1387592034146963,2.2107571436119398,0
2026-03-17 06:05:00+00:00,device-04,50.39401897933253,1.147091985858902,2.402879281719346,0
2026-03-17 06:10:00+00:00,device-04,52.82015465155795,1.2023791712437382,2.321877207429877,0
2026-03-17 06:15:00+00:00,device-04,51.82540640068821,1.1648174701027358,2.3511535041964673,0
2026-03-17 06:20:00+00:00,device-04,49.9447148463643,1.1850531462196803,2.3215117143918462,0
2026-03-17 06:25:00+00:00,device-04,50.116450278008884,1.236472045111149,2.4111792119233617,0
2026-03-17 06:30:00+00:00,device-04,51.73709177807399,1.2106035458706892,2.3729522394847704,0
2026-03-17 06:35:00+00:00,device-04,51.48941362021898,1.283257091689929,2.3275052945984642,0
2026-03-17 06:40:00+00:00,device-04,51.167080400676376,1.2080715287993327,2.2962593308640846,0
2026-03-17 06:45:00+00:00,device-04,51.80726389315987,1.280138773991803,2.347090236193115,0
2026-03-17 06:50:00+00:00,device-04,52.77317927538577,1.2492629902408254,2.43860960504033,0
2026-03-17 06:55:00+00:00,device-04,51.615910963517834,1.3244310967744126,2.3001621200602016,0
2026-03-17 07:00:00+00:00,device-04,50.088797847900864,1.199711924884018,2.3946603168399516,0
2026-03-17 07:05:00+00:00,device-04,51.231863738136056,1.195965810266144,2.3895785865854817,0
2026-03-17 07:10:00+00:00,device-04,50.41716265522944,1.266624187094928,2.252709771956097,0
2026-03-17 07:15:00+00:00,device-04,50.76373805354456,1.177225384163523,2.4331377902793934,0
2026-03-17 07:20:00+00:00,device-04,51.54610073616473,1.1811184880405383,2.365893689971743,0
2026-03-17 07:25:00+00:00,device-04,51.190570918751675,1.2178449406349974,2.497896512051786,0
2026-03-17 07:30:00+00:00,device-04,50.556162687758075,1.2256188559498367,2.4685970332975504,0
2026-03-17 07:35:00+00:00,device-04,51.274080809093896,1.13834681050253,2.352049962148895,0
2026-03-17 07:40:00+00:00,device-04,50.71318624403908,1.2221910913741105,2.3570512571682367,0
2026-03-17 07:45:00+00:00,device-04,51.64673553357741,1.1953925600200774,2.306788240873421,0
2026-03-17 07:50:00+00:00,device-04,51.097990990888,1.2108058822399104,2.284725136168829,0
2026-03-17 07:55:00+00:00,device-04,51.53303632905209,1.2222104108791458,2.410936981442843,0
2026-03-17 08:00:00+00:00,device-04,51.06408031192351,1.2052578359325092,2.3491816433628148,0
2026-03-17 08:05:00+00:00,device-04,51.7669604106845,1.2694465108108226,2.339792182203039,0
2026-03-17 08:10:00+00:00,device-04,51.13993810611973,1.241619392482996,2.3527841992575373,0
2026-03-17 08:15:00+00:00,device-04,51.21825375541261,1.2093883321016718,2.4020095692352204,0
2026-03-17 08:20:00+00:00,device-04,50.82357434366241,1.2238028156736585,2.4167742164821715,0
2026-03-17 08:25:00+00:00,device-04,51.31063567458281,1.273023886323211,2.3611752564089366,0
2026-03-17 08:30:00+00:00,device-04,49.96197419444053,1.2616997282487903,2.349222656414101,0
2026-03-17 08:35:00+00:00,device-04,53.061999342382315,1.2869265997656434,2.366051909889639,0
2026-03-17 08:40:00+00:00,device-04,50.711130465049685,1.2183944966291627,2.4806617905413497,0
2026-03-17 08:45:00+00:00,device-04,51.24899543336681,1.2333899625045797,2.237320677065454,0
2026-03-17 08:50:00+00:00,device-04,50.840116544959756,1.3278724713161285,2.290526190394118,0
2026-03-17 08:55:00+00:00,device-04,50.82276655914646,1.2272532498674553,2.385617985307828,0
2026-03-17 09:00:00+00:00,device-04,51.43817253795937,1.3139500170567642,2.365880149237831,0
2026-03-17 09:05:00+00:00,device-04,50.791422825023034,1.2736464119259134,2.4287569139974385,0
2026-03-17 09:10:00+00:00,device-04,50.84168063091368,1.2116524530868413,2.4330336458213804,0
2026-03-17 09:15:00+00:00,device-04,50.16914638188113,1.1647447017696033,2.4716192869621865,0
2026-03-17 09:20:00+00:00,device-04,50.47968452859506,1.2670571243808855,2.3081738529180753,0
2026-03-17 09:25:00+00:00,device-04,50.30033998509542,1.2017330194487874,2.390455362292173,0
2026-03-17 09:30:00+00:00,device-04,52.37241958109082,1.202798228386339,2.3400023308030162,0
2026-03-17 09:35:00+00:00,device-04,50.17006412110462,1.1532773493104418,2.410319128671743,0
2026-03-17 09:40:00+00:00,device-04,50.34516882737814,1.2994339714831988,2.3637028375069455,0
2026-03-17 09:45:00+00:00,device-04,51.224125843753484,1.2468214607102053,2.4041887581920838,0
2026-03-17 09:50:00+00:00,device-04,52.08140687273032,1.2442300603925123,2.3081464821748297,0
2026-03-17 09:55:00+00:00,device-04,49.889117872426105,1.2637994695496693,2.3607887732315778,0
2026-03-17 10:00:00+00:00,device-04,49.983341617638764,1.2575089639477626,2.3204180258322937,0
2026-03-17 10:05:00+00:00,device-04,51.147557573459906,1.2513793841439953,2.3346628079170397,0
2026-03-17 10:10:00+00:00,device-04,51.28909547423937,1.2735298088655387,2.322757392022576,0
2026-03-17 10:15:00+00:00,device-04,50.0550571139734,1.2354006080062712,2.2883633553019784,0
2026-03-17 10:20:00+00:00,device-04,49.77804861778532,1.1220951086517272,2.41381832102809,0
2026-03-17 10:25:00+00:00,device-04,50.35887149422002,1.2881604340753978,2.3650655220893952,0
2026-03-17 10:30:00+00:00,device-04,51.54753761967004,1.273812724410296,2.4112637494170786,0
2026-03-17 10:35:00+00:00,device-04,50.98724307515399,1.2550519815535996,2.288105248832321,0
2026-03-17 10:40:00+00:00,device-04,51.53208242590506,1.3339703146945183,2.231178285774446,0
2026-03-17 10:45:00+00:00,device-04,50.92864440879823,1.1869632849758531,2.307423355403259,0
2026-03-17 10:50:00+00:00,device-04,50.97352683691863,1.1137284331876738,2.335912693567694,0
2026-03-17 10:55:00+00:00,device-04,51.41944279430055,1.3325120693769534,2.3906952787447624,0
2026-03-17 11:00:00+00:00,device-04,50.89996500774529,1.2803693027805856,2.405771885608145,0
2026-03-17 11:05:00+00:00,device-04,51.14128233410855,1.1793809835688391,2.414822516251532,0
2026-03-17 11:10:00+00:00,device-04,50.33131150622397,1.2418810570510561,2.4329283474817487,0
2026-03-17 11:15:00+00:00,device-04,50.54277662724548,1.294028327520409,2.384770804639037,0
2026-03-17 11:20:00+00:00,device-04,51.284086735481054,1.2041825062845426,2.347901380570347,0
2026-03-17 11:25:00+00:00,device-04,50.78160530844281,1.293130914038719,2.2958314133700615,0
2026-03-17 11:30:00+00:00,device-04,50.4197792484284,1.3718789068577082,2.3805152684009263,0
2026-03-17 11:35:00+00:00,device-04,51.39679086574439,1.3368689011334198,2.310083193645072,0
2026-03-17 11:40:00+00:00,device-04,51.31262463218938,1.2674612790899862,2.2916535166265346,0
2026-03-17 11:45:00+00:00,device-04,50.91863118803057,1.2861633589481423,2.3728766213417116,0
2026-03-17 11:50:00+00:00,device-04,50.386089700291095,1.224172951978024,2.3507010337227148,0
2026-03-17 11:55:00+00:00,device-04,51.53875939607883,1.2789349078937837,2.3875280300107606,0
2026-03-17 12:00:00+00:00,device-04,52.652502885205955,1.2569964996302718,2.294411915350418,0
2026-03-17 12:05:00+00:00,device-04,50.32310107314064,1.225247819944663,2.40489027043378,0
2026-03-17 12:10:00+00:00,device-04,49.813373824688696,1.2090341052348474,2.356525864375381,0
2026-03-17 12:15:00+00:00,device-04,50.34032846586944,1.372643275808761,2.3248315010199456,0
2026-03-17 12:20:00+00:00,device-04,50.226696136736535,1.282181844266615,2.2895896552013904,0
2026-03-17 12:25:00+00:00,device-04,49.98876745945163,1.2282434617996008,2.270142769489588,0
2026-03-17 12:30:00+00:00,device-04,50.03990498922779,1.2591589332174367,2.2526135760668327,0
2026-03-17 12:35:00+00:00,device-04,51.45500684420747,1.3549841928067727,2.4148080675818533,0
2026-03-17 12:40:00+00:00,device-04,51.457266504047375,1.3626768132368845,2.2482175478386646,0
2026-03-17 12:45:00+00:00,device-04,51.88595683850521,1.2527774108797551,2.3682930722374755,0
2026-03-17 12:50:00+00:00,device-04,51.36630920941194,1.2940626896271374,2.3159596946576784,0
2026-03-17 12:55:00+00:00,device-04,50.50369283337387,1.329644167592528,2.296002251239636,0
2026-03-17 13:00:00+00:00,device-04,51.591285246670125,1.2692644010160266,2.3014216454087206,0
2026-03-17 13:05:00+00:00,device-04,50.39827038891113,1.229158083575674,2.3229811453180824,0
2026-03-17 13:10:00+00:00,device-04,50.57744574942904,1.240141619899927,2.3813307885303523,0
2026-03-17 13:15:00+00:00,device-04,49.993831915463815,1.2901112886045905,2.3606115879369605,0
2026-03-17 13:20:00+00:00,device-04,51.667795849429595,1.2522738098039883,2.3267405651617583,0
2026-03-17 13:25:00+00:00,device-04,51.51081876294819,1.2273072323262602,2.2454755276443468,0
2026-03-17 13:30:00+00:00,device-04,50.47346438375841,1.2809249501818183,2.220718800528192,0
2026-03-17 13:35:00+00:00,device-04,50.57500517223749,1.3398981360471143,2.43491676539746,0
2026-03-17 13:40:00+00:00,device-04,50.81162037676153,1.3285332472709124,2.264998491990114,0
2026-03-17 13:45:00+00:00,device-04,50.922066987295054,1.2842871062780656,2.2312984440500903,0
2026-03-17 13:50:00+00:00,device-04,51.367173383832196,1.3913270832316647,2.3892119288189835,0
2026-03-17 13:55:00+00:00,device-04,50.81706112059257,1.2586044003668022,2.2341550627288727,0
2026-03-17 14:00:00+00:00,device-04,51.045641457266434,1.2948397976979675,2.3655370289809277,0
2026-03-17 14:05:00+00:00,device-04,49.710074255279686,1.2317728403280472,2.3760518360528367,0
2026-03-17 14:10:00+00:00,device-04,50.54377957634121,1.3391175356325165,2.3351990830357177,0
2026-03-17 14:15:00+00:00,device-04,49.49462941032595,1.2952520687148548,2.376693871770317,0
2026-03-17 14:20:00+00:00,device-04,51.99218665635728,1.2189163161931924,2.2373610198898253,0
2026-03-17 14:25:00+00:00,device-04,51.715738800687646,1.2622437878096926,2.2466108851193303,0
2026-03-17 14:30:00+00:00,device-04,51.23512372141887,1.3934257462050634,2.306620689994773,0
2026-03-17 14:35:00+00:00,device-04,51.506833394159685,1.3410345865075264,2.3171993663515655,0
2026-03-17 14:40:00+00:00,device-04,52.126866083419074,1.3116028671926652,2.311761523269343,0
2026-03-17 14:45:00+00:00,device-04,51.376768233064006,1.3499076097727525,2.343522689413519,0
2026-03-17 14:50:00+00:00,device-04,49.600130563558324,1.2286131009361312,2.2720319237773308,0
2026-03-17 14:55:00+00:00,device-04,50.565091580522314,1.2677425571438345,2.1892943771652282,0
2026-03-17 15:00:00+00:00,device-04,49.05720794771822,1.243869595348331,2.33805983684543,0
2026-03-17 15:05:00+00:00,device-04,50.12996202364237,1.2694879026555523,2.3001190407507437,0
2026-03-17 15:10:00+00:00,device-04,49.82456052603289,1.2924402573598786,2.360819538886662,0
2026-03-17 15:15:00+00:00,device-04,50.684497376187295,1.338561103019042,2.434738510610371,0
2026-03-17 15:20:00+00:00,device-04,50.958285120078784,1.3631195717932585,2.316331130494631,0
2026-03-17 15:25:00+00:00,device-04,50.03152840987142,1.3625754214316612,2.345209975065946,0
2026-03-17 15:30:00+00:00,device-04,50.47828650965223,1.448080437215643,2.2575845426967245,0
2026-03-17 15:35:00+00:00,device-04,50.867366007922726,1.2911734440193696,2.3631701981276976,0
2026-03-17 15:40:00+00:00,device-04,50.557472677734786,1.3155433633371512,2.329069978179748,0
2026-03-17 15:45:00+00:00,device-04,50.5378027253375,1.3425430256996376,2.323059798807332,0
2026-03-17 15:50:00+00:00,device-04,48.975767543485105,1.2770145752538924,2.3616295411041746,0
2026-03-17 15:55:00+00:00,device-04,50.345298951225786,1.3046565513001132,2.2404493638794607,0
2026-03-17 16:00:00+00:00,device-04,51.204158352240654,1.3399910921986606,2.339644766831328,0
2026-03-17 16:05:00+00:00,device-04,50.82606037926785,1.2766774313119527,2.3327441129936726,0
2026-03-17 16:10:00+00:00,device-04,49.603483301028035,1.3446185024408526,2.398784448296392,0
2026-03-17 16:15:00+00:00,device-04,50.446202757486404,1.3828395348786024,2.1981200579698448,0
2026-03-17 16:20:00+00:00,device-04,50.819168591141946,1.2674381629748983,2.298581510213996,0
2026-03-17 16:25:00+00:00,device-04,49.9471664722908,1.2101760938131678,2.43233115321086,0
2026-03-17 16:30:00+00:00,device-04,51.09691690955296,1.328412309510924,2.278540183666536,0
2026-03-17 16:35:00+00:00,device-04,50.06007391243826,1.2733490938617693,2.2761578347684117,0
2026-03-17 16:40:00+00:00,device-04,50.38544909870176,1.33432053652015,2.4063205391567384,0
2026-03-17 16:45:00+00:00,device-04,50.5369888007116,1.304142427672834,2.4482469329834142,0
2026-03-17 16:50:00+00:00,device-04,52.167913596273245,1.3422345060132288,2.306771285227253,0
2026-03-17 16:55:00+00:00,device-04,50.38133493123646,1.3840117396105096,2.257251971443904,0
2026-03-17 17:00:00+00:00,device-04,50.202442866234726,1.3690972438814721,2.2637068625316332,0
2026-03-17 17:05:00+00:00,device-04,51.09962370162973,1.311441723903646,2.2746819507128966,0
2026-03-17 17:10:00+00:00,device-04,50.265320268129216,1.2718251509034884,2.247594814323316,0
2026-03-17 17:15:00+00:00,device-04,50.72688849211978,1.2072173547412783,2.249062716536384,0
2026-03-17 17:20:00+00:00,device-04,49.01079597892766,1.223235676113923,2.3062868658781293,0
2026-03-17 17:25:00+00:00,device-04,50.79340441573151,1.2922363340712006,2.2976693510522366,0
2026-03-17 17:30:00+00:00,device-04,50.567923346273055,1.33708993993979,2.3228389379466754,0
2026-03-17 17:35:00+00:00,device-04,49.67514526007528,1.29926278040177,2.295628059075713,0
2026-03-17 17:40:00+00:00,device-04,51.52471476897991,1.303737700774715,2.22215200204863,0
2026-03-17 17:45:00+00:00,device-04,50.40493010647619,1.2545285726203648,2.3362508039352217,0
2026-03-17 17:50:00+00:00,device-04,50.431633977358146,1.252432695917477,2.3065894654305295,0
2026-03-17 17:55:00+00:00,device-04,49.645980857966975,1.2492099113531603,2.2570941306587065,0
2026-03-17 18:00:00+00:00,device-04,49.42494233358321,1.3660874482050613,2.2747930321899474,0
2026-03-17 18:05:00+00:00,device-04,50.1619033543102,1.237401990516861,2.3090304781520166,0
2026-03-17 18:10:00+00:00,device-04,49.49086132496383,1.3697010106661645,2.294058822004289,0
2026-03-17 18:15:00+00:00,device-04,50.89704704326154,1.2916842674618108,2.28117406857007,0
2026-03-17 18:20:00+00:00,device-04,51.15923193557904,1.3635195370174173,2.333244170030843,0
2026-03-17 18:25:00+00:00,device-04,50.10380101293552,1.3491580895923043,2.3501525787001416,0
2026-03-17 18:30:00+00:00,device-04,49.41907082236022,1.3751035309174227,2.2682903208503236,0
2026-03-17 18:35:00+00:00,device-04,50.266819501767436,1.3970257474876184,2.284919538906501,0
2026-03-17 18:40:00+00:00,device-04,49.79769955385758,1.2994970966898451,2.22021054794345,0
2026-03-17 18:45:00+00:00,device-04,50.65399658319745,1.2905398735088889,2.2748734890446705,0
2026-03-17 18:50:00+00:00,device-04,50.66048510147949,1.3173120432010679,2.312212759517694,0
2026-03-17 18:55:00+00:00,device-04,50.23371914112893,1.301049887315762,2.3344328362202362,0
2026-03-17 19:00:00+00:00,device-04,50.580874668441766,1.3725606296339827,2.292698260956784,0
2026-03-17 19:05:00+00:00,device-04,51.25548940959887,1.334444183202286,2.2770192050935716,0
2026-03-17 19:10:00+00:00,device-04,51.71716661953643,1.3406772125527697,2.239350939750924,0
2026-03-17 19:15:00+00:00,device-04,50.157047015859604,1.3614489282827704,2.2935763049375253,0
2026-03-17 19:20:00+00:00,device-04,51.0255390362008,1.317646250179423,2.2159359582826217,0
2026-03-17 19:25:00+00:00,device-04,50.35134045652574,1.3960249955515047,2.287034842098479,0
2026-03-17 19:30:00+00:00,device-04,49.77541851526451,1.2504700251026781,2.2800386788804285,0
2026-03-17 19:35:00+00:00,device-04,51.410533497404046,1.3537706205634918,2.224856984500148,0
2026-03-17 19:40:00+00:00,device-04,50.786032929738894,1.367329420009271,2.296860535461193,0
2026-03-17 19:45:00+00:00,device-04,50.60755876491266,1.304708538670908,2.2642975489138246,0
2026-03-17 19:50:00+00:00,device-04,50.755364248746524,1.308750841707723,2.311529213705151,0
2026-03-17 19:55:00+00:00,device-04,50.39143376834553,1.3884243666848648,2.2470459070694204,0
2026-03-17 20:00:00+00:00,device-04,49.76636074949182,1.3279796959716228,2.303262627443887,0
2026-03-17 20:05:00+00:00,device-04,51.74427885541514,2.009642413461449,2.366138708576428,1
2026-03-17 20:10:00+00:00,device-04,51.12939198181988,2.0383771160960547,2.2840695956465096,1
2026-03-17 20:15:00+00:00,device-04,50.682280028324946,2.1558250974291164,2.3192832557279384,1
2026-03-17 20:20:00+00:00,device-04,51.17210056770934,2.062256547676809,2.234471802188519,1
2026-03-17 20:25:00+00:00,device-04,51.394658180303516,2.1714726593141327,2.250743731196401,1
2026-03-17 20:30:00+00:00,device-04,50.353401729461886,2.1747023265094034,2.159822503651639,1
2026-03-17 20:35:00+00:00,device-04,50.90265912361402,2.096890205891629,2.2612787199810165,1
2026-03-17 20:40:00+00:00,device-04,50.26327896450679,2.1341660657172365,2.203053098808811,1
2026-03-17 20:45:00+00:00,device-04,50.940041227327185,2.06629362256045,2.2755333963798514,1
2026-03-17 20:50:00+00:00,device-04,50.30960001791284,2.0876030416620117,2.146899265695143,1
2026-03-17 20:55:00+00:00,device-04,52.19009151665124,2.0731369532508253,2.216810665723538,1
2026-03-17 21:00:00+00:00,device-04,50.235081433348256,2.1373992026350805,2.2716686914594555,1
2026-03-17 21:05:00+00:00,device-04,50.844896989999505,2.044518995049198,2.2891132233026013,1
2026-03-17 21:10:00+00:00,device-04,50.806952405702525,2.1019882938525707,2.1680866362482156,1
2026-03-17 21:15:00+00:00,device-04,50.24736543362688,2.1111921695194646,2.240412776643592,1
2026-03-17 21:20:00+00:00,device-04,51.1360220733299,2.1346140450031865,2.414802865051029,1
2026-03-17 21:25:00+00:00,device-04,50.42123234143104,2.0035166245964677,2.3098193726713196,1
2026-03-17 21:30:00+00:00,device-04,50.19044156725783,1.2592757185836672,2.2722032284719345,0
2026-03-17 21:35:00+00:00,device-04,50.47894011608519,1.304606302127174,2.1001368366288267,0
2026-03-17 21:40:00+00:00,device-04,49.951533856495764,1.3373738040414276,2.2072866443206696,0
2026-03-17 21:45:00+00:00,device-04,51.31386855185271,1.3555574259195615,2.2913139884739544,0
2026-03-17 21:50:00+00:00,device-04,50.913154718872306,1.3583076581327056,2.2739107251355173,0
2026-03-17 21:55:00+00:00,device-04,51.162300808818465,1.4491541783661295,2.2861256432941657,0
2026-03-17 22:00:00+00:00,device-04,49.52871693762859,1.3814916931383834,2.315049847177154,0
2026-03-17 22:05:00+00:00,device-04,50.66327854774144,1.3782508435312182,2.2638032849657916,0
2026-03-17 22:10:00+00:00,device-04,49.935081905626966,1.3248539267044732,2.307413100494533,0
2026-03-17 22:15:00+00:00,device-04,50.53322079154252,1.388126428220379,2.1513780856295077,0
2026-03-17 22:20:00+00:00,device-04,51.36409804267265,1.3836052433856665,2.4030473671686843,0
2026-03-17 22:25:00+00:00,device-04,50.65184057977519,1.3826338041639523,2.2378404648081807,0
2026-03-17 22:30:00+00:00,device-04,50.34877475684782,1.3437261619724268,2.216683318361689,0
2026-03-17 22:35:00+00:00,device-04,51.255422045057166,1.3803671832522248,2.342197682400693,0
2026-03-17 22:40:00+00:00,device-04,51.17877658763664,1.425182464216594,2.2888525780473397,0
2026-03-17 22:45:00+00:00,device-04,51.76485438800679,1.309816551324564,2.3097945591762405,0
2026-03-17 22:50:00+00:00,device-04,49.16857925919758,1.2420845456563387,2.2156272427828876,0
2026-03-17 22:55:00+00:00,device-04,50.700092666723535,1.3901581077828105,2.267852020567108,0
2026-03-17 23:00:00+00:00,device-04,50.17944327068766,1.385855886166226,2.292389885376071,0
2026-03-17 23:05:00+00:00,device-04,49.85889999826701,1.337897738847231,2.183101763461049,0
2026-03-17 23:10:00+00:00,device-04,50.551733791322704,1.327305312967394,2.236448289305544,0
2026-03-17 23:15:00+00:00,device-04,49.65752670718889,1.4862906187744025,2.2342582293596984,0
2026-03-17 23:20:00+00:00,device-04,48.90804698764595,1.3261679777751123,2.2307978732670986,0
2026-03-17 23:25:00+00:00,device-04,49.84000382856507,1.288629070304774,2.2060648074871616,0
2026-03-17 23:30:00+00:00,device-04,50.28914325216446,1.3254050757545857,2.172549091741937,0
2026-03-17 23:35:00+00:00,device-04,51.77884292426259,1.3739550106425336,2.2711450054236466,0
2026-03-17 23:40:00+00:00,device-04,49.96777972110081,1.3185687499821195,2.259517256786029,0
2026-03-17 23:45:00+00:00,device-04,49.65517383032538,1.3295054727929019,2.312349286324982,0
2026-03-17 23:50:00+00:00,device-04,49.08949371410315,1.363889201855095,2.239810028743303,0
2026-03-17 23:55:00+00:00,device-04,50.22811882719389,1.3272784776407918,2.2037703595187965,0
2026-03-18 00:00:00+00:00,device-04,50.30678137325747,1.354775239678243,2.1573586260893434,0
2026-03-18 00:05:00+00:00,device-04,50.57925547211597,1.3462211471313763,2.246801235318196,0
2026-03-18 00:10:00+00:00,device-04,49.46398977275422,1.2953820677313113,2.2228846234194117,0
2026-03-18 00:15:00+00:00,device-04,49.94343985852528,1.3515517600710631,2.358691461492402,0
2026-03-18 00:20:00+00:00,device-04,48.89058528137537,1.2901514922538657,2.3744150270855617,0
2026-03-18 00:25:00+00:00,device-04,50.59623193648963,1.3939245249777648,2.3317447648601295,0
2026-03-18 00:30:00+00:00,device-04,49.3809786322911,1.3011083252442734,2.1853590266197997,0
2026-03-18 00:35:00+00:00,device-04,48.557702500977854,1.335385368383637,2.1557899083950756,0
2026-03-18 00:40:00+00:00,device-04,51.293590789762355,1.2567294550721697,2.2232926082846087,0
2026-03-18 00:45:00+00:00,device-04,50.8361058169749,1.324592244934292,2.1839270322921456,0
2026-03-18 00:50:00+00:00,device-04,50.72949406585357,1.2844971967435537,2.3191845378253073,0
2026-03-18 00:55:00+00:00,device-04,50.73009112694255,1.4203954567665227,2.241914899490626,0
2026-03-18 01:00:00+00:00,device-04,49.76123098369763,1.340015342561447,2.2105493188105245,0
2026-03-18 01:05:00+00:00,device-04,51.23873953635747,1.3716684558401282,2.232909746395785,0
2026-03-18 01:10:00+00:00,device-04,49.75482821350141,1.2586581992706798,2.3068331558474835,0
2026-03-18 01:15:00+00:00,device-04,51.82799104958644,1.2836681180506877,2.176971184845475,0
2026-03-18 01:20:00+00:00,device-04,50.649462788033034,1.3364455990390223,2.2603561888464503,0
2026-03-18 01:25:00+00:00,device-04,49.201749967400744,1.2772263745921701,2.1533594155266287,0
2026-03-18 01:30:00+00:00,device-04,51.102556510581245,1.4008941793767495,2.218215483146739,0
2026-03-18 01:35:00+00:00,device-04,51.87711754012034,1.3239043517755467,2.1909338779028813,0
2026-03-18 01:40:00+00:00,device-04,50.319379494126466,1.350973122789602,2.247543556872355,0
2026-03-18 01:45:00+00:00,device-04,51.24571733795566,1.3582252949501321,2.2374692076273224,0
2026-03-18 01:50:00+00:00,device-04,50.3526141579665,1.3353908669015613,2.298080805701905,0
2026-03-18 01:55:00+00:00,device-04,50.06334791753773,1.3808365904786217,2.267361330855323,0
2026-03-18 02:00:00+00:00,device-04,48.69738988590198,1.308711840076673,2.1908720767865297,0
2026-03-18 02:05:00+00:00,device-04,51.372017474518074,1.3598082547079362,2.1479800766349455,0
2026-03-18 02:10:00+00:00,device-04,50.19689887951687,1.400597802307577,2.177195430188609,0
2026-03-18 02:15:00+00:00,device-04,50.77655712475898,1.3514119490368384,2.199253420507632,0
2026-03-18 02:20:00+00:00,device-04,49.718942595497325,1.346623831815673,2.2102383670417898,0
2026-03-18 02:25:00+00:00,device-04,49.87854858237284,1.3235633413445287,2.1784493479601883,0
2026-03-18 02:30:00+00:00,device-04,51.29913665312414,1.342447620113196,2.285849228185541,0
2026-03-18 02:35:00+00:00,device-04,50.24858684274801,1.3725349932188184,2.2764788374106697,0
2026-03-18 02:40:00+00:00,device-04,50.24047070313816,1.3265595648290633,2.205081195265772,0
2026-03-18 02:45:00+00:00,device-04,49.64112279649078,1.2550663016491175,2.1912377317819134,0
2026-03-18 02:50:00+00:00,device-04,50.67303742522129,1.3458459841227957,2.205732445283556,0
2026-03-18 02:55:00+00:00,device-04,51.07379299026334,1.3298677364529279,2.2164154195171593,0
2026-03-18 03:00:00+00:00,device-04,50.20845403458571,1.3599491150293943,2.2170074911401128,0
2026-03-18 03:05:00+00:00,device-04,50.40216524799609,1.3382391160367382,2.122688090140239,0
2026-03-18 03:10:00+00:00,device-04,49.681133666637585,1.4134744203532006,2.191731021993601,0
2026-03-18 03:15:00+00:00,device-04,51.5211367936106,1.2758477609101366,2.106233586215377,0
2026-03-18 03:20:00+00:00,device-04,50.10814431862173,1.2868082352732388,2.2177581897243197,0
2026-03-18 03:25:00+00:00,device-04,50.435225848955874,1.3663660903024102,2.2546748580641887,0
2026-03-18 03:30:00+00:00,device-04,51.727178375461165,1.2828516497790432,2.1519650072506598,0
2026-03-18 03:35:00+00:00,device-04,50.39107524121755,1.3491172336482453,2.22338519642306,0
2026-03-18 03:40:00+00:00,device-04,49.46484878447063,1.331668488354855,2.177033606128532,0
2026-03-18 03:45:00+00:00,device-04,49.906381123604355,1.2350595139373028,2.1715266820903603,0
2026-03-18 03:50:00+00:00,device-04,50.30722220360505,1.3641730996799248,2.3270072519933116,0
2026-03-18 03:55:00+00:00,device-04,51.81221303860151,1.3982162137293808,2.263353259187555,0
2026-03-18 04:00:00+00:00,device-04,50.72210934835766,1.3402910407153334,2.2388114605544764,0
2026-03-18 04:05:00+00:00,device-04,50.410644405744634,1.2605179484881495,2.1842186870188565,0
2026-03-18 04:10:00+00:00,device-04,51.15355180234371,1.3676468869639549,2.233214984265515,0
2026-03-18 04:15:00+00:00,device-04,51.49065424584089,1.2769675784190062,2.197147376163554,0
2026-03-18 04:20:00+00:00,device-04,50.04600568863636,1.3216128270571532,2.234449970717634,0
2026-03-18 04:25:00+00:00,device-04,51.5889094023535,1.3472498201493626,2.1543181203440205,0
2026-03-18 04:30:00+00:00,device-04,51.188741431529095,1.2879043103233083,2.2022540619452418,0
2026-03-18 04:35:00+00:00,device-04,50.904624337205995,1.242331815546256,2.1826135179495334,0
2026-03-18 04:40:00+00:00,device-04,48.930381070783774,1.3179001668777401,2.1221305581694945,0
2026-03-18 04:45:00+00:00,device-04,50.73427165289671,1.3220699004165015,2.303783614884384,0
2026-03-18 04:50:00+00:00,device-04,51.58009022586737,1.2815295257946864,2.251783016977486,0
2026-03-18 04:55:00+00:00,device-04,50.41130929719192,1.2844433312752166,2.156773791001194,0
2026-03-18 05:00:00+00:00,device-04,52.23204863491067,1.358438133056167,2.1162899563435067,0
2026-03-18 05:05:00+00:00,device-04,50.6632698340892,1.31689233301195,2.159219895919465,0
2026-03-18 05:10:00+00:00,device-04,49.90009649836673,1.297556996319088,2.1519905136167568,0
2026-03-18 05:15:00+00:00,device-04,51.036700494313145,1.2906095620733868,2.1647958060195385,0
2026-03-18 05:20:00+00:00,device-04,50.8302330041003,1.327403334620266,2.1110678263272264,0
2026-03-18 05:25:00+00:00,device-04,51.21365780461018,1.3229423831855498,2.1505586684357976,0
2026-03-18 05:30:00+00:00,device-04,50.474810915363165,1.309122773788745,2.20231264113047,0
2026-03-18 05:35:00+00:00,device-04,51.552703213487604,1.248687427763221,2.2221838509365113,0
2026-03-18 05:40:00+00:00,device-04,50.24811305068175,1.2978283185723751,2.080918487104072,0
2026-03-18 05:45:00+00:00,device-04,50.73651184270193,1.2844716102167506,2.196535522077553,0
2026-03-18 05:50:00+00:00,device-04,49.76936276377529,1.3176858805278793,2.1379298812887546,0
2026-03-18 05:55:00+00:00,device-04,50.0886244839792,1.3701496789851169,2.1340644181044226,0
2026-03-18 06:00:00+00:00,device-04,50.79971793803708,1.3592885126285579,2.175922908336325,0
2026-03-18 06:05:00+00:00,device-04,50.19782924860758,1.3433733331731283,2.1536917182164417,0
2026-03-18 06:10:00+00:00,device-04,50.3479812345337,1.316601737808074,2.234472226744512,0
2026-03-18 06:15:00+00:00,device-04,50.52378309167971,1.294503144868879,2.2340074008635833,0
2026-03-18 06:20:00+00:00,device-04,50.852438302358514,1.3258690869957321,2.174166402008971,0
2026-03-18 06:25:00+00:00,device-04,51.219031379529945,1.285380053657419,2.1535570306022214,0
2026-03-18 06:30:00+00:00,device-04,51.22487248506385,1.2911143771617506,2.2962484017761864,0
2026-03-18 06:35:00+00:00,device-04,51.409977024729145,1.2658323498413957,2.3001578674957446,0
2026-03-18 06:40:00+00:00,device-04,50.83685707474898,1.303365139397695,2.21234145622659,0
2026-03-18 06:45:00+00:00,device-04,50.31204426925528,1.3013528083210402,2.1798865338049853,0
2026-03-18 06:50:00+00:00,device-04,49.58167283213783,1.3940826570519584,2.2476672936515483,0
2026-03-18 06:55:00+00:00,device-04,50.460695188712506,1.3303059052501025,2.2730869637867417,0
2026-03-18 07:00:00+00:00,device-04,50.14866145038098,1.2840503356805415,2.1560404794396417,0
2026-03-18 07:05:00+00:00,device-04,49.43288796029261,1.3393058277410923,2.292833979716189,0
2026-03-18 07:10:00+00:00,device-04,51.8850357604484,1.277606389316785,2.176402762469624,0
2026-03-18 07:15:00+00:00,device-04,49.425496776697024,1.348920329370026,2.2495218754045165,0
2026-03-18 07:20:00+00:00,device-04,50.98190115434846,1.3366559057090255,2.1541038405506585,0
2026-03-18 07:25:00+00:00,device-04,51.12806112084611,1.4387240675865205,2.1878448563309467,0
2026-03-18 07:30:00+00:00,device-04,50.57457336000258,1.244191798971667,2.1564187979529392,0
2026-03-18 07:35:00+00:00,device-04,52.57486934610856,1.2923828101445556,2.184153799865911,0
2026-03-18 07:40:00+00:00,device-04,50.765033954611795,1.2894217975777764,2.2420671274546984,0
2026-03-18 07:45:00+00:00,device-04,50.21328893940908,1.3084688646316274,2.128360512358097,0
2026-03-18 07:50:00+00:00,device-04,52.006611298779866,1.327673382078682,2.163097348995591,0
2026-03-18 07:55:00+00:00,device-04,50.19939810746487,1.2447292298255563,2.212246781836783,0
2026-03-18 08:00:00+00:00,device-04,49.75470264433902,1.2559053584835032,2.151886548369934,0
2026-03-18 08:05:00+00:00,device-04,50.0641967140975,1.3048251183980064,2.2990981042863905,0
2026-03-18 08:10:00+00:00,device-04,50.32662865651449,1.3361542133830817,2.0917004069525045,0
2026-03-18 08:15:00+00:00,device-04,50.81888270624043,1.233715495490786,2.327598788147957,0
2026-03-18 08:20:00+00:00,device-04,51.030956692664375,1.2118987726752533,2.138021801271245,0
2026-03-18 08:25:00+00:00,device-04,49.719423491829346,1.3416192091478771,2.2339427452804177,0
2026-03-18 08:30:00+00:00,device-04,51.05065485452777,1.3259785707891043,2.2713292089922703,0
2026-03-18 08:35:00+00:00,device-04,52.39073012203124,1.3367571766549633,2.206633363356848,0
2026-03-18 08:40:00+00:00,device-04,50.307259617937014,1.2359885983553283,2.0910290110593266,0
2026-03-18 08:45:00+00:00,device-04,50.72569608253843,1.272354037729444,2.154090787154459,0
2026-03-18 08:50:00+00:00,device-04,51.31793736678066,1.291984878227683,2.177326118721321,0
2026-03-18 08:55:00+00:00,device-04,51.684842444722605,1.301296314023767,2.2061604652450497,0
2026-03-18 09:00:00+00:00,device-04,50.36225684818975,1.2731208065186812,2.230273974405579,0
2026-03-18 09:05:00+00:00,device-04,50.15901567285506,1.2754287143888652,2.238067782767595,0
2026-03-18 09:10:00+00:00,device-04,50.13167468958471,1.3257227333008728,2.2581302735297055,0
2026-03-18 09:15:00+00:00,device-04,51.63115051647616,1.2547025186327045,2.113750003531638,0
2026-03-18 09:20:00+00:00,device-04,51.49781010485682,1.2481724266536998,2.228394556627325,0
2026-03-18 09:25:00+00:00,device-04,49.3285427423728,1.252758917686103,2.0655590826443633,0
2026-03-18 09:30:00+00:00,device-04,49.35221267574902,1.2478139973795885,2.1771430913082943,0
2026-03-18 09:35:00+00:00,device-04,49.9983209281112,1.277719005630212,2.1042457539211723,0
2026-03-18 09:40:00+00:00,device-04,49.81762513069996,1.260201649790503,2.0614136734734156,0
2026-03-18 09:45:00+00:00,device-04,51.17925624346459,1.248023620412116,2.2210342306041504,0
2026-03-18 09:50:00+00:00,device-04,51.050707876235535,1.336687846187346,2.1641026909538836,0
2026-03-18 09:55:00+00:00,device-04,52.29213443886849,1.2815235173486357,2.2240763256195804,0
2026-03-18 10:00:00+00:00,device-04,51.471002678145,1.2496122988933895,2.070646616336797,0
2026-03-18 10:05:00+00:00,device-04,50.99984891146952,1.3256369214145598,3.030332965956015,1
2026-03-18 10:10:00+00:00,device-04,51.75768210850451,1.2370933328605445,3.0961933025012582,1
2026-03-18 10:15:00+00:00,device-04,50.29197562403085,1.2624253483689611,3.0619340916236983,1
2026-03-18 10:20:00+00:00,device-04,49.93921624064311,1.256863475181764,3.105141060289213,1
2026-03-18 10:25:00+00:00,device-04,50.96171654861372,1.2325906557537805,3.0632493136862946,1
2026-03-18 10:30:00+00:00,device-04,51.61177919483231,1.24061823130022,3.0794968946891577,1
2026-03-18 10:35:00+00:00,device-04,49.80067869589856,1.2619744716048087,3.0311167979872717,1
2026-03-18 10:40:00+00:00,device-04,51.59330068957921,1.1878924162802786,3.1747876730039244,1
2026-03-18 10:45:00+00:00,device-04,51.57467950001942,1.2369188503899826,3.078922261080995,1
2026-03-18 10:50:00+00:00,device-04,50.61469842128903,1.2664623585836696,3.0270436073765996,1
2026-03-18 10:55:00+00:00,device-04,51.09744718927714,1.2665510325789964,3.1371664267291477,1
2026-03-18 11:00:00+00:00,device-04,50.78918120013821,1.2664369500437076,3.1248984699245983,1
2026-03-18 11:05:00+00:00,device-04,51.04813486422308,1.3632680217669153,3.1084239448091493,1
2026-03-18 11:10:00+00:00,device-04,51.57097528423129,1.281704379043275,3.1082251423793505,1
2026-03-18 11:15:00+00:00,device-04,50.432839050495744,1.2417467761294538,3.070883492205101,1
2026-03-18 11:20:00+00:00,device-04,51.74972842054756,1.2416184869298803,3.085965893873123,1
2026-03-18 11:25:00+00:00,device-04,51.63599709107619,1.2461337487701756,2.961449385382323,1
2026-03-18 11:30:00+00:00,device-04,51.669147177643026,1.265902567536133,2.999914265752212,1
2026-03-18 11:35:00+00:00,device-04,49.63070534369692,1.2296655536662275,3.0187894484933566,1
2026-03-18 11:40:00+00:00,device-04,49.71426266503407,1.314810836661424,3.108463108491026,1
2026-03-18 11:45:00+00:00,device-04,51.53684165344978,1.1886543739777864,3.163555184403124,1
2026-03-18 11:50:00+00:00,device-04,50.63493803396161,1.270457762195048,3.0804616503532647,1
2026-03-18 11:55:00+00:00,device-04,50.56770081333432,1.2630957114164523,3.073762277899243,1
2026-03-18 12:00:00+00:00,device-04,50.52221216145181,1.1832277442805135,2.217581493568759,0
2026-03-18 12:05:00+00:00,device-04,50.11851526581752,1.2666518027150253,2.1282137372425676,0
2026-03-18 12:10:00+00:00,device-04,50.875967905459056,1.2619675645296031,2.188342590037006,0
2026-03-18 12:15:00+00:00,device-04,50.573230530636664,1.2036679040371399,2.1744223472324204,0
2026-03-18 12:20:00+00:00,device-04,50.62790368384009,1.3434522080873206,2.0690910120899537,0
2026-03-18 12:25:00+00:00,device-04,51.441745046188935,1.2656717427353892,2.1663435902933337,0
2026-03-18 12:30:00+00:00,device-04,50.267805474786506,1.2148328426800405,2.1592228331710173,0
2026-03-18 12:35:00+00:00,device-04,51.91555187611397,1.206513089747729,2.0779961448315136,0
2026-03-18 12:40:00+00:00,device-04,49.54211854236451,1.1926274306033857,2.0841870524046158,0
2026-03-18 12:45:00+00:00,device-04,52.9138520245937,1.2391677635594132,2.0693821859078234,0
2026-03-18 12:50:00+00:00,device-04,50.1702183145723,1.228553295060818,2.2264890149742897,0
2026-03-18 12:55:00+00:00,device-04,51.55992422904319,1.157124616862788,2.2700302290847323,0
2026-03-18 13:00:00+00:00,device-04,51.8020108387361,1.1736001294178677,2.185738648689567,0
2026-03-18 13:05:00+00:00,device-04,51.15722909025811,1.1878680014882033,2.2365624632196175,0
2026-03-18 13:10:00+00:00,device-04,51.69719840687066,1.201479191468198,2.062101940993473,0
2026-03-18 13:15:00+00:00,device-04,51.09803720967226,1.2021908188290402,2.2258246448078873,0
2026-03-18 13:20:00+00:00,device-04,49.92862295645573,1.18639846935799,2.259004929208227,0
2026-03-18 13:25:00+00:00,device-04,51.43564668639926,1.247432895240415,2.2371710254726063,0
2026-03-18 13:30:00+00:00,device-04,52.01246520181362,1.2608231872377407,2.0841685397799345,0
2026-03-18 13:35:00+00:00,device-04,50.812817516644834,1.2179736657958224,2.204442747608805,0
2026-03-18 13:40:00+00:00,device-04,50.00449980725032,1.1087529682371884,2.132307496999976,0
2026-03-18 13:45:00+00:00,device-04,50.791994956669456,1.2044682888803078,2.202782500638445,0
2026-03-18 13:50:00+00:00,device-04,51.4602420138878,1.2373488726124902,2.0997314395344886,0
2026-03-18 13:55:00+00:00,device-04,51.4515710133752,1.205595418801237,2.1382664683484096,0
2026-03-18 14:00:00+00:00,device-04,52.03154942511342,1.2211311878458984,2.102879984963871,0
2026-03-18 14:05:00+00:00,device-04,51.64957053302429,1.2118023571830274,2.1648067587036794,0
2026-03-18 14:10:00+00:00,device-04,51.621378327781294,1.1347123613014645,2.129793490832778,0
2026-03-18 14:15:00+00:00,device-04,49.841729870176245,1.084114009442121,2.2017497049794144,0
2026-03-18 14:20:00+00:00,device-04,52.86374261075814,1.232689496323034,2.1839757919657825,0
2026-03-18 14:25:00+00:00,device-04,51.31914359341513,1.177098682583085,2.1590499511825927,0
2026-03-18 14:30:00+00:00,device-04,51.90704599340676,1.2203599310518745,2.131473484318019,0
2026-03-18 14:35:00+00:00,device-04,51.05343319748676,1.184935262965314,2.115119410075003,0
2026-03-18 14:40:00+00:00,device-04,51.200245942995316,1.190043118752655,2.1328992956946786,0
2026-03-18 14:45:00+00:00,device-04,51.3591644910933,1.2619481772333283,2.176910566325987,0
2026-03-18 14:50:00+00:00,device-04,52.44795321273336,1.1387094992450382,2.139289017606778,0
2026-03-18 14:55:00+00:00,device-04,52.41459848965149,1.193879486185273,2.148380964599935,0
2026-03-18 15:00:00+00:00,device-04,51.782521724825386,1.1411717821619618,2.1282378732136102,0
2026-03-18 15:05:00+00:00,device-04,52.76600268981436,1.1952512954432093,2.1254314730137627,0
2026-03-18 15:10:00+00:00,device-04,51.077089129796676,1.2132184566124937,2.089692538260818,0
2026-03-18 15:15:00+00:00,device-04,51.73680696784844,1.2202954910056658,2.0167080546192038,0
2026-03-18 15:20:00+00:00,device-04,51.05075975329649,1.1952499952264783,2.1625767236844613,0
2026-03-18 15:25:00+00:00,device-04,52.308681827562474,1.1213078231687386,2.161293104282565,0
2026-03-18 15:30:00+00:00,device-04,51.41940839240815,1.1972144612337463,2.069317436244481,0
2026-03-18 15:35:00+00:00,device-04,52.100146809496366,1.2267576864996959,2.2410396656294282,0
2026-03-18 15:40:00+00:00,device-04,52.64099916470562,1.2303629709693653,2.0564893143939518,0
2026-03-18 15:45:00+00:00,device-04,49.94011860363108,1.2835658990218168,2.1853659511771593,0
2026-03-18 15:50:00+00:00,device-04,52.97796198570832,1.2073451317270072,2.140324418871261,0
2026-03-18 15:55:00+00:00,device-04,51.66477469405082,1.131022623151987,2.143553152679005,0
2026-03-18 16:00:00+00:00,device-04,51.21804586814292,1.1534636944544625,2.192206888491401,0
2026-03-18 16:05:00+00:00,device-04,50.08598429154236,1.1809522014003269,2.1787786314097866,0
2026-03-18 16:10:00+00:00,device-04,51.24727101793458,1.2253868037488842,2.1246236419379962,0
2026-03-18 16:15:00+00:00,device-04,49.828995577248655,1.120197654072859,2.0593592085865966,0
2026-03-18 16:20:00+00:00,device-04,51.544166563102614,1.2165737428765266,2.0491812898526724,0
2026-03-18 16:25:00+00:00,device-04,51.36838225574738,1.2029013846232104,2.1330021697605757,0
2026-03-18 16:30:00+00:00,device-04,52.802507016493976,1.1294592731139363,2.215589737607816,0
2026-03-18 16:35:00+00:00,device-04,51.27389547262339,1.198376865628159,2.1731999099818955,0
2026-03-18 16:40:00+00:00,device-04,52.283626066025384,1.1320240277820077,2.1182114996772636,0
2026-03-18 16:45:00+00:00,device-04,52.359729391403896,1.1668684412767052,2.1393886623268457,0
2026-03-18 16:50:00+00:00,device-04,53.01080321520749,1.151463270195447,2.160083979193412,0
2026-03-18 16:55:00+00:00,device-04,51.36641961449019,1.1758512924434052,2.2214506167532253,0
2026-03-18 17:00:00+00:00,device-04,52.09730170252326,1.1074043261068887,2.072641706254048,0
2026-03-18 17:05:00+00:00,device-04,50.47418350337263,1.1871571143266524,2.1609803639811194,0
2026-03-18 17:10:00+00:00,device-04,50.776991854148825,1.0579211328447273,2.133759648044083,0
2026-03-18 17:15:00+00:00,device-04,51.38427873133171,1.1404782120017165,2.071187254266104,0
2026-03-18 17:20:00+00:00,device-04,51.57242797366082,1.1317213031199602,2.055310495733531,0
2026-03-18 17:25:00+00:00,device-04,50.72803859860384,1.2321576290953649,2.1915504474467773,0
2026-03-18 17:30:00+00:00,device-04,51.31203767850923,1.181622717294072,2.134929672338981,0
2026-03-18 17:35:00+00:00,device-04,52.11872561049715,1.131829049377753,2.1021020756489306,0
2026-03-18 17:40:00+00:00,device-04,51.2988263849222,1.111350853219043,2.120179694832487,0
2026-03-18 17:45:00+00:00,device-04,51.52422418267041,1.1541898458148285,2.1724676066089152,0
2026-03-18 17:50:00+00:00,device-04,51.00640926589318,1.121497106883074,2.118864669790834,0
2026-03-18 17:55:00+00:00,device-04,52.64414044337747,1.2562447978217826,2.208820734190647,0
2026-03-18 18:00:00+00:00,device-04,52.93860594675792,1.0173206941743858,2.0967173682104168,0
2026-03-18 18:05:00+00:00,device-04,51.81925767732959,1.1509167583144397,2.0648402196850975,0
2026-03-18 18:10:00+00:00,device-04,51.599558341052784,1.0300451344512471,2.104578958615104,0
2026-03-18 18:15:00+00:00,device-04,52.88510622144876,1.194711986853667,2.054652584487746,0
2026-03-18 18:20:00+00:00,device-04,52.043702477153325,1.1061808437090612,2.0894579932713944,0
2026-03-18 18:25:00+00:00,device-04,51.22938865686226,1.2192567179680007,2.1831907925953455,0
2026-03-18 18:30:00+00:00,device-04,50.75163971777123,1.1161116407327314,2.21153812244329,0
2026-03-18 18:35:00+00:00,device-04,51.30571850556919,1.1921794425857648,2.146740312069964,0
2026-03-18 18:40:00+00:00,device-04,53.31262303548569,1.1493151135163069,2.120291557787353,0
2026-03-18 18:45:00+00:00,device-04,51.32162936712611,1.194628686277744,2.0535782542569367,0
2026-03-18 18:50:00+00:00,device-04,53.82996818996101,1.1384650443609448,2.0475224658017375,0
2026-03-18 18:55:00+00:00,device-04,51.76469176894772,0.9951578578560216,2.129191214623165,0
2026-03-18 19:00:00+00:00,device-04,51.6205192526836,1.1007402121008387,2.1165969913763742,0
2026-03-18 19:05:00+00:00,device-04,52.73469125019416,1.0600314888640576,2.0714029989516773,0
2026-03-18 19:10:00+00:00,device-04,51.61859083673118,1.1777404850207227,2.0789657895623965,0
2026-03-18 19:15:00+00:00,device-04,52.076082641247154,1.1572296860510793,2.1985503205380663,0
2026-03-18 19:20:00+00:00,device-04,51.067271298019676,1.1308967095176397,2.164065693272014,0
2026-03-18 19:25:00+00:00,device-04,50.92980228333664,1.1510524671571971,2.1074982932106017,0
2026-03-18 19:30:00+00:00,device-04,51.30304419323598,1.1377340501828856,2.1175339562429274,0
2026-03-18 19:35:00+00:00,device-04,52.002181739526584,1.1001622179817006,2.1798504747192426,0
2026-03-18 19:40:00+00:00,device-04,51.37479460304762,1.2189672071794284,2.124536761268562,0
2026-03-18 19:45:00+00:00,device-04,50.45172090419101,1.1364466558522575,2.11678661862104,0
2026-03-18 19:50:00+00:00,device-04,52.2129895773512,1.114818014825766,2.007852018941569,0
2026-03-18 19:55:00+00:00,device-04,51.76242173429323,1.0532982099372934,2.0005602787262786,0
2026-03-18 20:00:00+00:00,device-04,51.68963874211975,1.0923443608987538,1.9868170898309054,0
2026-03-18 20:05:00+00:00,device-04,51.459743622020866,1.1213264038637987,1.9657394893208435,0
2026-03-18 20:10:00+00:00,device-04,50.2924495819094,1.111225727035073,2.0994512004233385,0
2026-03-18 20:15:00+00:00,device-04,53.0605993197876,1.0960021108822144,2.1196089911052893,0
2026-03-18 20:20:00+00:00,device-04,51.58409193539265,1.115159064701241,2.0472087575345217,0
2026-03-18 20:25:00+00:00,device-04,52.3172790419729,1.0631775381766269,2.1253774135127976,0
2026-03-14 16:30:00+00:00,device-05,56.36037932127879,1.343042339246243,2.3467364561118274,0
2026-03-14 16:35:00+00:00,device-05,55.04570990078049,1.3275700052080095,2.394435433302182,0
2026-03-14 16:40:00+00:00,device-05,54.47482445805882,1.3075172388839105,2.414117640397962,0
2026-03-14 16:45:00+00:00,device-05,54.74773865010551,1.337766182291097,2.390719809859536,0
2026-03-14 16:50:00+00:00,device-05,53.746616341134,1.3373563192795757,2.466093166829205,0
2026-03-14 16:55:00+00:00,device-05,54.80887759163333,1.3145882828010453,2.3611190177102976,0
2026-03-14 17:00:00+00:00,device-05,53.94461675580993,1.3953115001363574,2.3797577601526494,0
2026-03-14 17:05:00+00:00,device-05,55.865498834276984,1.291110562331765,2.4264093338823502,0
2026-03-14 17:10:00+00:00,device-05,55.30734374243005,1.381269557340048,2.406260466625157,0
2026-03-14 17:15:00+00:00,device-05,54.12243936185325,1.4179047418564055,2.4236316082701244,0
2026-03-14 17:20:00+00:00,device-05,55.5050699163827,1.4198829559520152,2.3973903061209545,0
2026-03-14 17:25:00+00:00,device-05,53.91299965678426,1.3287511308800277,2.363535810553568,0
2026-03-14 17:30:00+00:00,device-05,55.233114505002646,1.3070969561027725,2.44941231394664,0
2026-03-14 17:35:00+00:00,device-05,55.46782762959284,1.2373475201811632,2.4161689787343383,0
2026-03-14 17:40:00+00:00,device-05,55.19074708438131,1.3158934445140837,2.46449378747021,0
2026-03-14 17:45:00+00:00,device-05,54.36643246588856,1.4425142864245974,2.49022412595577,0
2026-03-14 17:50:00+00:00,device-05,55.08574290825777,1.2426168437351692,2.3932396907727607,0
2026-03-14 17:55:00+00:00,device-05,55.0449812370209,1.2449364885570178,2.371489990407009,0
2026-03-14 18:00:00+00:00,device-05,55.224858379085966,1.3657540537531,2.3887728992110193,0
2026-03-14 18:05:00+00:00,device-05,56.23263230747893,1.3559929081536122,2.3781190239937566,0
2026-03-14 18:10:00+00:00,device-05,56.38770428759729,1.2346721363435975,2.3012657872711655,0
2026-03-14 18:15:00+00:00,device-05,56.318143556305735,1.3245426273340903,2.512195845865261,0
2026-03-14 18:20:00+00:00,device-05,54.779435332364805,1.3457536866939839,2.441554775376938,0
2026-03-14 18:25:00+00:00,device-05,54.709090614171885,1.253862025802944,2.553495684081266,0
2026-03-14 18:30:00+00:00,device-05,55.25773305519735,1.3793220153452042,2.386777365447341,0
2026-03-14 18:35:00+00:00,device-05,55.55665147631233,1.265837866360101,2.454108297480463,0
2026-03-14 18:40:00+00:00,device-05,53.821835949835354,1.3903729714628095,2.4364011513900383,0
2026-03-14 18:45:00+00:00,device-05,54.84294677625886,1.3449664793167047,2.4171773041931988,0
2026-03-14 18:50:00+00:00,device-05,56.535383671345535,1.3010222622965415,2.4786355447726462,0
2026-03-14 18:55:00+00:00,device-05,54.42272430259523,1.2565130743597983,2.4228089047668675,0
2026-03-14 19:00:00+00:00,device-05,54.78512939147473,1.32128406426079,2.4187989007736843,0
2026-03-14 19:05:00+00:00,device-05,54.81680435702744,1.3348601700398313,2.4332829508525706,0
2026-03-14 19:10:00+00:00,device-05,55.662824717979014,1.3343114171062251,2.2953911587249665,0
2026-03-14 19:15:00+00:00,device-05,55.28572036639379,1.3122321232995056,2.3837420055384784,0
2026-03-14 19:20:00+00:00,device-05,55.11401724888077,1.3326495216960441,2.3833949151253297,0
2026-03-14 19:25:00+00:00,device-05,54.28802272627197,1.388144324692489,2.5219867559505804,0
2026-03-14 19:30:00+00:00,device-05,55.78732931755587,1.2999528736854253,2.461213121603761,0
2026-03-14 19:35:00+00:00,device-05,55.37152758340809,1.336299625001176,2.4733230949146736,0
2026-03-14 19:40:00+00:00,device-05,54.9138527383272,1.3710123532411975,2.4649676268613954,0
2026-03-14 19:45:00+00:00,device-05,55.40721817155836,1.3480552053772668,2.4182049111063892,0
2026-03-14 19:50:00+00:00,device-05,55.95122570780756,1.3937181139667052,2.525486315905866,0
2026-03-14 19:55:00+00:00,device-05,54.3752017764999,1.4294801248908817,2.4186692203932028,0
2026-03-14 20:00:00+00:00,device-05,54.3324626933196,1.3349213291809798,2.34961978002698,0
2026-03-14 20:05:00+00:00,device-05,54.71287415849462,1.3646617892943924,2.468400083708931,0
2026-03-14 20:10:00+00:00,device-05,54.825934149841146,1.2076728664543617,2.500862048759858,0
2026-03-14 20:15:00+00:00,device-05,53.31267908966767,1.338731626755235,2.4393866426190156,0
2026-03-14 20:20:00+00:00,device-05,55.0348017757942,1.390933304813914,2.4551247723221823,0
2026-03-14 20:25:00+00:00,device-05,56.24597807038241,1.302250945738762,2.4901391416035796,0
2026-03-14 20:30:00+00:00,device-05,55.24524224209027,1.4263099948514717,2.5238109358399865,0
2026-03-14 20:35:00+00:00,device-05,56.19828512966672,1.2662439719565437,2.4697733504985613,0
2026-03-14 20:40:00+00:00,device-05,53.48181429191752,1.4295965202065908,2.5339062760556623,0
2026-03-14 20:45:00+00:00,device-05,55.42624993565965,1.33708054054042,2.4541707978287937,0
2026-03-14 20:50:00+00:00,device-05,56.48691162676836,1.3128853171345134,2.5592076698407764,0
2026-03-14 20:55:00+00:00,device-05,56.625834999394804,1.3408583884313185,2.3592377963388294,0
2026-03-14 21:00:00+00:00,device-05,55.18436167829845,1.352983455954968,2.494049696636685,0
2026-03-14 21:05:00+00:00,device-05,54.96589572717916,1.3165186333507681,2.4567203956855006,0
2026-03-14 21:10:00+00:00,device-05,55.822992175104694,1.2992681432987236,2.4476956463553425,0
2026-03-14 21:15:00+00:00,device-05,54.71011343029839,1.343390169675055,2.3675036093361683,0
2026-03-14 21:20:00+00:00,device-05,55.317352107053,1.4182980937928915,2.504176720547422,0
2026-03-14 21:25:00+00:00,device-05,54.411144655914285,1.3922113793180364,2.431501836906407,0
2026-03-14 21:30:00+00:00,device-05,55.64951057177544,1.4402990188189615,2.3860559936783177,0
2026-03-14 21:35:00+00:00,device-05,55.60488010725474,1.3434065912179056,2.4076159493548377,0
2026-03-14 21:40:00+00:00,device-05,56.752003684399355,1.3572569095636413,2.4313589397616986,0
2026-03-14 21:45:00+00:00,device-05,55.870972704586684,1.359408746334538,2.4513088899482947,0
2026-03-14 21:50:00+00:00,device-05,55.167357298490835,1.3844362593531574,2.393653789517713,0
2026-03-14 21:55:00+00:00,device-05,55.57450010725709,1.4014506234306452,2.3934579296198795,0
2026-03-14 22:00:00+00:00,device-05,54.74537068715629,1.4675120606410503,2.471355716095651,0
2026-03-14 22:05:00+00:00,device-05,55.682130562541474,1.4156914216880072,2.4438980456101067,0
2026-03-14 22:10:00+00:00,device-05,55.51742743591554,1.389706520181307,2.5622456745400486,0
2026-03-14 22:15:00+00:00,device-05,55.97231985945185,1.4505170279906434,2.4249539181061444,0
2026-03-14 22:20:00+00:00,device-05,56.340357071625114,1.3442684338445408,2.492933910689335,0
2026-03-14 22:25:00+00:00,device-05,54.29348678409757,1.3186486301515563,2.551212500064514,0
2026-03-14 22:30:00+00:00,device-05,55.93476098685502,1.4190534307562852,2.439750889553107,0
2026-03-14 22:35:00+00:00,device-05,56.23180169224812,1.3949741467854853,2.508849077935258,0
2026-03-14 22:40:00+00:00,device-05,54.88351574885688,1.3936347650315626,2.470044070756731,0
2026-03-14 22:45:00+00:00,device-05,57.065752264767745,1.4353811863230868,2.4562826660742205,0
2026-03-14 22:50:00+00:00,device-05,55.237054897773795,1.3728342626266352,2.5465028887633534,0
2026-03-14 22:55:00+00:00,device-05,57.47915216314015,1.384991478271814,2.3972571697609064,0
2026-03-14 23:00:00+00:00,device-05,56.31106348412552,1.4106380589602454,2.4202885000105248,0
2026-03-14 23:05:00+00:00,device-05,56.44890473367154,1.4251805982321464,2.353629559343413,0
2026-03-14 23:10:00+00:00,device-05,55.96898683140133,1.4429543509303715,2.4494758089165303,0
2026-03-14 23:15:00+00:00,device-05,56.49677676070869,1.4004236052167989,2.513901083489744,0
2026-03-14 23:20:00+00:00,device-05,55.07136800983735,1.408795476508285,2.4430424343488113,0
2026-03-14 23:25:00+00:00,device-05,55.241553992983256,1.2751120698587355,2.5057341052884983,0
2026-03-14 23:30:00+00:00,device-05,54.440118158458745,1.4587795886353865,2.415231861361343,0
2026-03-14 23:35:00+00:00,device-05,56.20581801467457,1.3196392281064466,2.525554945009568,0
2026-03-14 23:40:00+00:00,device-05,55.336232383899485,1.3970529373424265,2.4537564173075688,0
2026-03-14 23:45:00+00:00,device-05,56.37093205718298,1.527343282498444,2.4333734821086845,0
2026-03-14 23:50:00+00:00,device-05,56.27130547013816,1.384725810987258,2.556100309809452,0
2026-03-14 23:55:00+00:00,device-05,54.921389515217335,1.3226654431356342,2.4615673862692304,0
2026-03-15 00:00:00+00:00,device-05,56.362781124928055,1.4838139203958272,2.4958393819992275,0
2026-03-15 00:05:00+00:00,device-05,56.06143363114062,1.3760357182417957,2.470395736973152,0
2026-03-15 00:10:00+00:00,device-05,56.029705729633605,1.3965440080047888,2.504631532226339,0
2026-03-15 00:15:00+00:00,device-05,56.220623843392175,1.3973379395668815,2.471700628498805,0
2026-03-15 00:20:00+00:00,device-05,55.887974204164465,1.4433702265030635,2.3960288357287745,0
2026-03-15 00:25:00+00:00,device-05,55.92385778622467,1.4463569830167577,2.4822483853147097,0
2026-03-15 00:30:00+00:00,device-05,56.66453395545122,1.4020461143900391,2.494123938753407,0
2026-03-15 00:35:00+00:00,device-05,55.234879201514936,1.4648161389555223,2.4895701404870327,0
2026-03-15 00:40:00+00:00,device-05,55.09835020106332,1.3647199957636416,2.4546901768305602,0
2026-03-15 00:45:00+00:00,device-05,55.416967372760396,1.4446375351135672,2.5729728933062574,0
2026-03-15 00:50:00+00:00,device-05,56.685867309094846,1.3804028347083088,2.4271489276834988,0
2026-03-15 00:55:00+00:00,device-05,55.742332478206045,1.447491505849395,2.4768111772291688,0
2026-03-15 01:00:00+00:00,device-05,57.32065373617113,1.3797833569657942,2.4825395574021556,0
2026-03-15 01:05:00+00:00,device-05,53.823148510657184,1.3920732170878525,2.4085549372044737,0
2026-03-15 01:10:00+00:00,device-05,55.49377117416623,1.4888337559272513,2.4029993808535925,0
2026-03-15 01:15:00+00:00,device-05,55.690225446712844,1.3593967462775942,2.5104923747470393,0
2026-03-15 01:20:00+00:00,device-05,56.201641044180796,1.3576221975086284,2.511755630211975,0
2026-03-15 01:25:00+00:00,device-05,56.95862179501683,1.4459872260344317,2.4815441880201856,0
2026-03-15 01:30:00+00:00,device-05,55.89816190683517,1.4045340500531907,2.381666371205982,0
2026-03-15 01:35:00+00:00,device-05,55.32408061038606,1.397229565168597,2.4580039638540927,0
2026-03-15 01:40:00+00:00,device-05,56.63380531845538,1.4123879781755957,2.489158710905916,0
2026-03-15 01:45:00+00:00,device-05,57.141753205163,1.5265566113175497,2.5117378962953834,0
2026-03-15 01:50:00+00:00,device-05,54.269774879071505,1.369149729907054,2.5450230577475157,0
2026-03-15 01:55:00+00:00,device-05,56.478188031504764,1.4081890348084969,2.50341234226818,0
2026-03-15 02:00:00+00:00,device-05,56.28787863655611,1.4307708129204946,2.533298542842604,0
2026-03-15 02:05:00+00:00,device-05,55.50380228774872,1.3760708106448931,2.5740777595563316,0
2026-03-15 02:10:00+00:00,device-05,55.76290760817239,1.422101167054213,2.344525134312495,0
2026-03-15 02:15:00+00:00,device-05,56.30810338781344,1.4488396512179247,2.5367806517543,0
2026-03-15 02:20:00+00:00,device-05,56.13322186397849,1.3796732251920651,2.4550880428888084,0
2026-03-15 02:25:00+00:00,device-05,55.94714127366152,1.481859496212824,2.5086046642317967,0
2026-03-15 02:30:00+00:00,device-05,55.31089762002779,1.36935448192034,2.4935206957899956,0
2026-03-15 02:35:00+00:00,device-05,56.33837120867741,1.420022153514847,2.423256262512679,0
2026-03-15 02:40:00+00:00,device-05,55.68004517474233,1.4447383743761968,2.4306703244013104,0
2026-03-15 02:45:00+00:00,device-05,56.21521262753918,1.587845480037211,2.5083590165597607,0
2026-03-15 02:50:00+00:00,device-05,55.75063067940024,1.3415861755551175,2.473505618538096,0
2026-03-15 02:55:00+00:00,device-05,56.310288142712515,1.4439207822092068,2.5265683774961194,0
2026-03-15 03:00:00+00:00,device-05,56.70285576660622,1.556635828112356,2.4628777225124465,0
2026-03-15 03:05:00+00:00,device-05,56.351626791767636,1.4011668656008214,2.6091890719941024,0
2026-03-15 03:10:00+00:00,device-05,56.6559365615699,1.48616040887075,2.4715804511895967,0
2026-03-15 03:15:00+00:00,device-05,55.22960291750927,1.4429619591195928,2.6061992731119044,0
2026-03-15 03:20:00+00:00,device-05,56.536080462357745,1.3612553748515397,2.443737000273941,0
2026-03-15 03:25:00+00:00,device-05,56.42187675132582,1.4531160801411769,2.5202516551833005,0
2026-03-15 03:30:00+00:00,device-05,55.78679151563223,1.3893870518038776,2.553380456170473,0
2026-03-15 03:35:00+00:00,device-05,56.1185725254845,1.4388259606748306,2.413822410584285,0
2026-03-15 03:40:00+00:00,device-05,54.278675076380935,1.3599907254633448,2.4341738749584416,0
2026-03-15 03:45:00+00:00,device-05,56.30500377967655,1.4721337785935804,2.5137737363033126,0
2026-03-15 03:50:00+00:00,device-05,55.969499610277914,1.315293144551865,2.5570097113886607,0
2026-03-15 03:55:00+00:00,device-05,54.67442230436079,1.4281102455896302,2.5701491065367374,0
2026-03-15 04:00:00+00:00,device-05,56.627412078040706,1.5015521207920777,2.524046049992778,0
2026-03-15 04:05:00+00:00,device-05,55.8318017040273,1.46343871809572,2.5530435803097684,0
2026-03-15 04:10:00+00:00,device-05,56.48187082703017,1.4206457956350567,2.42641963048654,0
2026-03-15 04:15:00+00:00,device-05,56.127091534690464,1.4268817412322394,2.4695532268269047,0
2026-03-15 04:20:00+00:00,device-05,56.6414242424374,1.4177522681684953,2.5775566020256955,0
2026-03-15 04:25:00+00:00,device-05,56.37041230184893,1.5754863517476259,2.463288122327086,0
2026-03-15 04:30:00+00:00,device-05,56.115398742525244,1.4373286518841415,2.481816189370426,0
2026-03-15 04:35:00+00:00,device-05,56.670525148035054,1.4397082002440855,2.3963263644923627,0
2026-03-15 04:40:00+00:00,device-05,56.91604780388754,1.404086267748049,2.4859091803778757,0
2026-03-15 04:45:00+00:00,device-05,54.75007924650287,1.417511817218313,2.4059155151095792,0
2026-03-15 04:50:00+00:00,device-05,56.36516251952601,1.4721761644907956,2.5186545638238313,0
2026-03-15 04:55:00+00:00,device-05,55.936464359216394,1.4115913719218802,2.5831204027812036,0
2026-03-15 05:00:00+00:00,device-05,55.5847837338447,1.402144021035595,2.517126272103418,0
2026-03-15 05:05:00+00:00,device-05,57.2830939794541,1.4153120076430885,2.5093084381300668,0
2026-03-15 05:10:00+00:00,device-05,57.04879383758165,1.4255684857976345,2.4772477637354564,0
2026-03-15 05:15:00+00:00,device-05,55.657408928833156,1.4522493178709444,2.5324148564798574,0
2026-03-15 05:20:00+00:00,device-05,55.60678075147604,1.4196636612804596,2.4376033903661023,0
2026-03-15 05:25:00+00:00,device-05,56.97031502390323,1.434698788344258,2.475428128858348,0
2026-03-15 05:30:00+00:00,device-05,55.96418690026388,1.4070987003535707,2.6266369927190563,0
2026-03-15 05:35:00+00:00,device-05,56.18183774309895,1.5068040906015403,2.4280466444849993,0
2026-03-15 05:40:00+00:00,device-05,55.03574157433245,1.449778934610166,2.471101140501107,0
2026-03-15 05:45:00+00:00,device-05,56.32982866080286,1.4298520291748973,2.423921903147038,0
2026-03-15 05:50:00+00:00,device-05,57.22767953883508,1.4603849941330154,2.575441272731333,0
2026-03-15 05:55:00+00:00,device-05,56.1153711007004,1.4438670912821245,2.4916432192332123,0
2026-03-15 06:00:00+00:00,device-05,56.36278964853853,1.3680494617123429,2.4326540578187634,0
2026-03-15 06:05:00+00:00,device-05,57.674965376116475,1.4376800698707763,2.434250749549978,0
2026-03-15 06:10:00+00:00,device-05,57.07397712612983,1.5295352990605129,2.5705450170530417,0
2026-03-15 06:15:00+00:00,device-05,57.46344790683237,1.4724317275385554,2.5460852523187585,0
2026-03-15 06:20:00+00:00,device-05,56.914200757227405,1.5062825705178646,2.553743820385307,0
2026-03-15 06:25:00+00:00,device-05,57.32004909731673,1.4141177015137552,2.504754024603151,0
2026-03-15 06:30:00+00:00,device-05,55.319843126813325,1.3735386955740163,2.560618784915604,0
2026-03-15 06:35:00+00:00,device-05,55.917364432264144,1.413177696551023,2.585006738780891,0
2026-03-15 06:40:00+00:00,device-05,55.33955016255666,1.515831667656502,2.548306664560437,0
2026-03-15 06:45:00+00:00,device-05,58.061919857706386,1.3984718313421762,2.4184455302776198,0
2026-03-15 06:50:00+00:00,device-05,56.63934778562954,1.4089130241358494,2.397858515868603,0
2026-03-15 06:55:00+00:00,device-05,56.43063453022286,1.5040424486647896,2.427411834181206,0
2026-03-15 07:00:00+00:00,device-05,55.995911155894575,1.4364061420866197,2.5273987184384175,0
2026-03-15 07:05:00+00:00,device-05,55.820387973957274,1.4391487141546644,2.4264311257185796,0
2026-03-15 07:10:00+00:00,device-05,54.57342061596642,1.4682439062573185,2.450753297285875,0
2026-03-15 07:15:00+00:00,device-05,58.114998860614925,1.453679347117097,2.5154350280544366,0
2026-03-15 07:20:00+00:00,device-05,56.49192492583461,1.4342815105128195,2.4634110384389163,0
2026-03-15 07:25:00+00:00,device-05,56.59988502271615,1.4622015030788562,2.4408109354148135,0
2026-03-15 07:30:00+00:00,device-05,55.57731651458525,1.4139093236323461,2.5701086322198794,0
2026-03-15 07:35:00+00:00,device-05,56.52601277658533,1.4475830316087588,2.543676552092877,0
2026-03-15 07:40:00+00:00,device-05,56.83902216065142,1.4825769340307207,2.561159495109452,0
2026-03-15 07:45:00+00:00,device-05,56.52362756438986,1.39680784353211,2.5693015561164287,0
2026-03-15 07:50:00+00:00,device-05,57.019608346134255,1.4392345506548727,2.5997730176235736,0
2026-03-15 07:55:00+00:00,device-05,56.004255309141335,1.3927602341751188,2.514947199237947,0
2026-03-15 08:00:00+00:00,device-05,56.825771366470676,1.487263950656876,2.506935010727386,0
2026-03-15 08:05:00+00:00,device-05,57.23063920928987,1.4807490877849157,2.417023721079124,0
2026-03-15 08:10:00+00:00,device-05,57.00362321088332,1.4971324658941578,2.504616350600031,0
2026-03-15 08:15:00+00:00,device-05,56.88401294783253,1.5016200213430067,2.4845534374099696,0
2026-03-15 08:20:00+00:00,device-05,56.549487099625914,1.5011920252517916,2.5797183466068385,0
2026-03-15 08:25:00+00:00,device-05,55.936423316453244,1.4858163420911494,2.5586880533128813,0
2026-03-15 08:30:00+00:00,device-05,57.02111205179735,1.4110396095685478,2.605296617252139,0
2026-03-15 08:35:00+00:00,device-05,56.365125398863675,1.4966607523221218,2.583745623198763,0
2026-03-15 08:40:00+00:00,device-05,55.98331968455016,1.4042071319856362,2.5897227400516787,0
2026-03-15 08:45:00+00:00,device-05,57.18661878952303,1.5663882072887796,2.5523821552424724,0
2026-03-15 08:50:00+00:00,device-05,55.53005145796256,1.464128363468937,2.530442846627902,0
2026-03-15 08:55:00+00:00,device-05,56.27106786708568,1.479265770815417,2.500908495446793,0
2026-03-15 09:00:00+00:00,device-05,57.21037329737603,1.3878422404488926,2.5222920954295236,0
2026-03-15 09:05:00+00:00,device-05,57.33591409360914,1.503018573365197,2.4689515478494775,0
2026-03-15 09:10:00+00:00,device-05,56.416144455992175,1.507961498985232,2.5468011704839895,0
2026-03-15 09:15:00+00:00,device-05,56.72825405519799,1.370671315795812,2.5199791826401565,0
2026-03-15 09:20:00+00:00,device-05,57.06911218546659,1.421155134847985,2.4082784223366094,0
2026-03-15 09:25:00+00:00,device-05,56.64579903590676,1.4254302691015541,2.3700923846706647,0
2026-03-15 09:30:00+00:00,device-05,56.15924988453272,1.4162741488804242,2.484211316049218,0
2026-03-15 09:35:00+00:00,device-05,57.00862869139192,1.5176461979304376,2.4996999020065425,0
2026-03-15 09:40:00+00:00,device-05,56.82464962908172,1.5566160708655112,2.5097211620846314,0
2026-03-15 09:45:00+00:00,device-05,56.7884560026793,1.3948863402040101,2.6020848714489224,0
2026-03-15 09:50:00+00:00,device-05,57.50036781140714,1.5004191393109567,2.4918381776426086,0
2026-03-15 09:55:00+00:00,device-05,56.93948039775916,1.4346338180068705,2.455322083194537,0
2026-03-15 10:00:00+00:00,device-05,56.4092896111103,1.5160616435286045,2.550952716000807,0
2026-03-15 10:05:00+00:00,device-05,56.84876247394055,1.3248194499218124,2.587100983997806,0
2026-03-15 10:10:00+00:00,device-05,58.09930461294823,1.4253346849203274,2.624673841217937,0
2026-03-15 10:15:00+00:00,device-05,56.242601364026775,1.5076240701082826,2.4720653315021845,0
2026-03-15 10:20:00+00:00,device-05,56.56495509885958,1.4084899757084597,2.5163572818223594,0
2026-03-15 10:25:00+00:00,device-05,56.19373283789025,1.5057886741858137,2.506863205783428,0
2026-03-15 10:30:00+00:00,device-05,57.006686599236936,1.420378536970117,2.618727617994972,0
2026-03-15 10:35:00+00:00,device-05,55.88041569004984,1.5026083865844406,2.5725107441155934,0
2026-03-15 10:40:00+00:00,device-05,57.08138570064466,1.4745686804795493,2.534162952627075,0
2026-03-15 10:45:00+00:00,device-05,57.30531167892003,1.4240168557028356,2.5749504688040386,0
2026-03-15 10:50:00+00:00,device-05,56.235724092753216,1.4065402213942304,2.5131953699988783,0
2026-03-15 10:55:00+00:00,device-05,56.18822148623461,1.435900505754755,2.522539599786937,0
2026-03-15 11:00:00+00:00,device-05,55.74502259857031,1.5020100683403814,2.5327001479617697,0
2026-03-15 11:05:00+00:00,device-05,56.82112282006628,1.4433136744778334,2.5063483955068957,0
2026-03-15 11:10:00+00:00,device-05,56.01157600375826,1.4100572154680875,2.5211106887637293,0
2026-03-15 11:15:00+00:00,device-05,56.361971202418474,1.6090630196424183,2.5564003092819254,0
2026-03-15 11:20:00+00:00,device-05,56.50972881276173,1.3636205916316235,2.550410410269294,0
2026-03-15 11:25:00+00:00,device-05,56.32600642808515,1.4307861328753027,2.6221980663677,0
2026-03-15 11:30:00+00:00,device-05,57.39661216679541,1.4688099169459155,2.587018141704837,0
2026-03-15 11:35:00+00:00,device-05,57.93403770019121,1.3890136462985314,2.5336622007526577,0
2026-03-15 11:40:00+00:00,device-05,55.33007866790068,1.4402832664774106,2.4123361409172372,0
2026-03-15 11:45:00+00:00,device-05,56.25594763360078,1.4193772958676765,2.4536801444574907,0
2026-03-15 11:50:00+00:00,device-05,57.003982995195265,1.3659008504259373,2.5103018891810667,0
2026-03-15 11:55:00+00:00,device-05,56.096483688004675,1.4623307613158518,2.517574438901899,0
2026-03-15 12:00:00+00:00,device-05,56.46142618961363,1.382109256912927,2.464798948901757,0
2026-03-15 12:05:00+00:00,device-05,56.98775913519443,1.4008979000968689,2.5188710107584558,0
2026-03-15 12:10:00+00:00,device-05,57.819063525914146,1.4998248839682722,2.547381665484934,0
2026-03-15 12:15:00+00:00,device-05,57.670920313026954,1.3816310326098464,2.5049236412207487,0
2026-03-15 12:20:00+00:00,device-05,56.64778476696661,1.4673345998771516,2.533530653465131,0
2026-03-15 12:25:00+00:00,device-05,56.94765931520609,1.4957923488351599,2.5367120061068715,0
2026-03-15 12:30:00+00:00,device-05,56.60563277613355,1.4857996266399924,2.5021562337626264,0
2026-03-15 12:35:00+00:00,device-05,56.741166416649655,1.4590104955339889,2.493389183409156,0
2026-03-15 12:40:00+00:00,device-05,56.045055737481896,1.4232513985932154,2.5359640161472274,0
2026-03-15 12:45:00+00:00,device-05,55.6316252520043,1.364226015027894,2.559096109576181,0
2026-03-15 12:50:00+00:00,device-05,56.6169003798412,1.4410912385088033,2.4844706167917106,0
2026-03-15 12:55:00+00:00,device-05,57.561817730753944,1.4555384249272405,2.4275317705078248,0
2026-03-15 13:00:00+00:00,device-05,57.41569039958834,1.4071725830197677,2.490194736125562,0
2026-03-15 13:05:00+00:00,device-05,55.578555792877616,1.382725926097277,2.574379650435996,0
2026-03-15 13:10:00+00:00,device-05,56.75290465704478,1.4749415591170982,2.4532940548074347,0
2026-03-15 13:15:00+00:00,device-05,56.45127335310264,1.3780704425876364,2.5992484196732457,0
2026-03-15 13:20:00+00:00,device-05,57.09572184752839,1.4523365975462459,2.513039292551134,0
2026-03-15 13:25:00+00:00,device-05,56.12891965241746,1.4055079520142597,2.554252900425257,0
2026-03-15 13:30:00+00:00,device-05,57.539849477385786,1.3445817947346916,2.503123114259752,0
2026-03-15 13:35:00+00:00,device-05,56.75958259024639,1.5090697847832244,2.581154373057939,0
2026-03-15 13:40:00+00:00,device-05,57.310066826373564,1.4581816952241555,2.5511067408144497,0
2026-03-15 13:45:00+00:00,device-05,57.52279880706498,1.4540802956882848,2.5698465753162583,0
2026-03-15 13:50:00+00:00,device-05,55.553493902823426,1.3553981613733272,2.4376974961627846,0
2026-03-15 13:55:00+00:00,device-05,56.76334531761951,1.419104922544322,2.5907985478707274,0
2026-03-15 14:00:00+00:00,device-05,57.977158584264764,1.438799353021704,2.453688413537132,0
2026-03-15 14:05:00+00:00,device-05,56.935145255293705,1.3867145106482228,2.5312124788539747,0
2026-03-15 14:10:00+00:00,device-05,57.653853838345576,1.5059197804998445,2.580322877600718,0
2026-03-15 14:15:00+00:00,device-05,57.22147767023076,1.3214090589295693,2.540089921479777,0
2026-03-15 14:20:00+00:00,device-05,56.58073312803859,1.457029348733956,2.5800598913033825,0
2026-03-15 14:25:00+00:00,device-05,57.129126130046494,1.326371512091805,2.561535639128704,0
2026-03-15 14:30:00+00:00,device-05,57.67065572560753,1.3417566902567184,2.5575287310019585,0
2026-03-15 14:35:00+00:00,device-05,57.83933698184566,1.3552341355153317,2.5064902362144466,0
2026-03-15 14:40:00+00:00,device-05,57.95284776545514,1.4471219864711617,2.6105591289822794,0
2026-03-15 14:45:00+00:00,device-05,56.16708629984556,1.3819355850878874,2.617707670547926,0
2026-03-15 14:50:00+00:00,device-05,57.52413752000495,1.3832036866743325,2.5233565558244795,0
2026-03-15 14:55:00+00:00,device-05,55.98325630231292,1.3705332196939497,2.503286369157102,0
2026-03-15 15:00:00+00:00,device-05,56.857885677171495,1.3410335704309828,2.5664353273530125,0
2026-03-15 15:05:00+00:00,device-05,56.80504916187071,1.3692447102541625,2.5120712415366193,0
2026-03-15 15:10:00+00:00,device-05,57.39211430069404,1.3639520321725145,2.5634514315170125,0
2026-03-15 15:15:00+00:00,device-05,57.175614441583726,1.3963259059410482,2.6025810664362203,0
2026-03-15 15:20:00+00:00,device-05,57.83071948870869,1.3924603048142017,2.5942328490529243,0
2026-03-15 15:25:00+00:00,device-05,56.530866540598836,1.2903228460373106,2.6410370871357296,0
2026-03-15 15:30:00+00:00,device-05,57.55054815324767,1.377144154554566,2.583493577890977,0
2026-03-15 15:35:00+00:00,device-05,57.23621924832654,1.469328073795962,2.4982315488424987,0
2026-03-15 15:40:00+00:00,device-05,56.96680558137774,1.3839271920071647,2.5093309825807566,0
2026-03-15 15:45:00+00:00,device-05,56.12770205362833,1.4029039068294271,2.588799154714196,0
2026-03-15 15:50:00+00:00,device-05,57.36726256958792,1.36942738874309,2.6673396468534296,0
2026-03-15 15:55:00+00:00,device-05,57.19084237355203,1.370162922909483,2.538944645016103,0
2026-03-15 16:00:00+00:00,device-05,57.52285018851833,1.399795636838711,2.5074398787185443,0
2026-03-15 16:05:00+00:00,device-05,56.94645977801859,1.3348962927917918,2.6392526464342696,0
2026-03-15 16:10:00+00:00,device-05,56.79604069429672,1.3930814132178122,2.5531933461303282,0
2026-03-15 16:15:00+00:00,device-05,57.24873652983797,1.317041374646221,2.600160358346041,0
2026-03-15 16:20:00+00:00,device-05,57.30117180619839,1.4161286900058128,2.622360796145629,0
2026-03-15 16:25:00+00:00,device-05,57.45977672997046,1.3195286105631172,2.5055421335166743,0
2026-03-15 16:30:00+00:00,device-05,58.30467693512286,1.4300169514816938,2.5414960189494393,0
2026-03-15 16:35:00+00:00,device-05,56.550148957322726,1.4469998853026755,2.5306174678878626,0
2026-03-15 16:40:00+00:00,device-05,58.384688815600256,1.3140127323025355,2.5926020437313917,0
2026-03-15 16:45:00+00:00,device-05,54.914618012526915,1.4280301411343348,2.6000080322087316,0
2026-03-15 16:50:00+00:00,device-05,57.65608614049062,1.3727640820510014,2.5351425239131635,0
2026-03-15 16:55:00+00:00,device-05,56.41450598571983,1.4503432024600482,2.595315984436906,0
2026-03-15 17:00:00+00:00,device-05,58.389181963309895,1.3644709749116266,2.4627117567834107,0
2026-03-15 17:05:00+00:00,device-05,56.368125267858545,1.3758609386620015,2.5842212515600638,0
2026-03-15 17:10:00+00:00,device-05,57.73109554800881,1.3743709306147391,2.5842372827045175,0
2026-03-15 17:15:00+00:00,device-05,56.29924896113903,1.4508629341883355,2.565227236473239,0
2026-03-15 17:20:00+00:00,device-05,56.200503483555245,1.2899883511196555,2.4832388335684374,0
2026-03-15 17:25:00+00:00,device-05,57.5532132081406,1.4241450915693779,2.5601124339823373,0
2026-03-15 17:30:00+00:00,device-05,57.59996470899085,1.3894138108735667,2.5053984983603375,0
2026-03-15 17:35:00+00:00,device-05,56.50475387194543,1.3592439673998333,2.6487160115061945,0
2026-03-15 17:40:00+00:00,device-05,58.67371319906836,1.37074452399932,2.5504809308983885,0
2026-03-15 17:45:00+00:00,device-05,56.77107569821706,1.4283296828331475,2.5554727557496344,0
2026-03-15 17:50:00+00:00,device-05,58.0871181504826,1.4218256812927934,2.5612390493677433,0
2026-03-15 17:55:00+00:00,device-05,56.28804603321604,1.4642821701603368,2.598447236139393,0
2026-03-15 18:00:00+00:00,device-05,56.323540663758145,1.3463130160157586,2.5726162243577777,0
2026-03-15 18:05:00+00:00,device-05,57.059639728597695,1.2827030669449966,2.598918948437789,0
2026-03-15 18:10:00+00:00,device-05,56.28996182098878,1.3486015085989576,2.5164310875437237,0
2026-03-15 18:15:00+00:00,device-05,57.31564745236029,1.365496993000792,2.631605519498344,0
2026-03-15 18:20:00+00:00,device-05,55.49760481828928,1.3521721095108314,2.5418359710905944,0
2026-03-15 18:25:00+00:00,device-05,57.121729055696555,1.4341368395563376,2.6127760885652536,0
2026-03-15 18:30:00+00:00,device-05,56.60530683877031,1.4859548304093377,2.5836762658577865,0
2026-03-15 18:35:00+00:00,device-05,56.32727218562265,1.3898651445878285,2.631210677097288,0
2026-03-15 18:40:00+00:00,device-05,57.145548682695,1.2805324286182749,2.566821650061893,0
2026-03-15 18:45:00+00:00,device-05,56.84276413281639,1.4206412194982767,2.488093570682596,0
2026-03-15 18:50:00+00:00,device-05,56.68406210718044,1.335288329705374,2.5066890092823284,0
2026-03-15 18:55:00+00:00,device-05,57.56329010154601,1.3685759662808923,2.559132699511831,0
2026-03-15 19:00:00+00:00,device-05,57.203792399936674,1.4073360294345574,2.6504462143920033,0
2026-03-15 19:05:00+00:00,device-05,57.262734691656426,1.3825931453889728,2.54890652343586,0
2026-03-15 19:10:00+00:00,device-05,57.925088846329075,1.3596691277884856,2.5760320654797124,0
2026-03-15 19:15:00+00:00,device-05,56.94602304847075,1.3762932804064767,2.6439920241679666,0
2026-03-15 19:20:00+00:00,device-05,57.581522406369686,1.3987490151655213,2.5417832647093928,0
2026-03-15 19:25:00+00:00,device-05,56.704762627805685,1.39107256790326,2.5911829239518096,0
2026-03-15 19:30:00+00:00,device-05,57.41957947103677,1.4621325499097493,2.5901109058601897,0
2026-03-15 19:35:00+00:00,device-05,57.36291476320791,1.2076117843541818,2.540679462476717,0
2026-03-15 19:40:00+00:00,device-05,56.61303680832112,1.3170947969194664,2.587812834336278,0
2026-03-15 19:45:00+00:00,device-05,55.93670637327932,1.3258114214946022,2.6341889563875682,0
2026-03-15 19:50:00+00:00,device-05,56.100210638652335,1.3951674276463386,2.634557794684363,0
2026-03-15 19:55:00+00:00,device-05,56.33508971414907,1.3638477808573692,2.5568292604899847,0
2026-03-15 20:00:00+00:00,device-05,57.37912951687534,1.394182844847466,2.7402608425357418,0
2026-03-15 20:05:00+00:00,device-05,56.897162042305034,1.2790766507467115,2.5960612214823824,0
2026-03-15 20:10:00+00:00,device-05,56.782379534294826,1.3383132270034612,2.56107893625644,0
2026-03-15 20:15:00+00:00,device-05,57.32166408590378,1.3803579227921146,2.536257760519224,0
2026-03-15 20:20:00+00:00,device-05,57.496778443069516,1.3443374508126662,2.521756964217241,0
2026-03-15 20:25:00+00:00,device-05,57.9592685978784,1.3257581091821895,2.623633746186375,0
2026-03-15 20:30:00+00:00,device-05,56.57081685711611,1.3582007647570058,2.415297082222563,0
2026-03-15 20:35:00+00:00,device-05,57.36817751541867,1.4257803822278223,2.569494246038427,0
2026-03-15 20:40:00+00:00,device-05,57.476864108425005,1.236752773987505,2.500956250307856,0
2026-03-15 20:45:00+00:00,device-05,56.319471096920054,1.4204107365863767,2.5690672739005542,0
2026-03-15 20:50:00+00:00,device-05,57.06778448255579,1.353716573500443,2.5770398631274922,0
2026-03-15 20:55:00+00:00,device-05,56.34142563760808,1.2957733209814086,2.505553871013615,0
2026-03-15 21:00:00+00:00,device-05,56.82170556244321,1.3703176786261273,2.523917647601824,0
2026-03-15 21:05:00+00:00,device-05,57.270427846750096,1.3382186529424265,2.651280845399109,0
2026-03-15 21:10:00+00:00,device-05,55.79070462468775,1.3954228929363615,2.5489438464215275,0
2026-03-15 21:15:00+00:00,device-05,56.36615455677359,1.2934940903107148,2.5799800869908935,0
2026-03-15 21:20:00+00:00,device-05,56.41035951996107,1.3809299651256928,2.5628469656348356,0
2026-03-15 21:25:00+00:00,device-05,57.03551001560337,1.2860410926139556,2.6276357455467507,0
2026-03-15 21:30:00+00:00,device-05,56.456090553731606,1.3460990866277733,2.649874632506282,0
2026-03-15 21:35:00+00:00,device-05,57.2275545322762,1.3637148030251873,2.6331132588032387,0
2026-03-15 21:40:00+00:00,device-05,56.368546608488955,1.3236349112775918,2.612810366479643,0
2026-03-15 21:45:00+00:00,device-05,56.60449528889048,1.3585180773182108,2.6136051064719217,0
2026-03-15 21:50:00+00:00,device-05,57.383461488055374,1.29546612541935,2.5153171277343405,0
2026-03-15 21:55:00+00:00,device-05,57.181651344842585,1.3771476931434985,2.6561665019675424,0
2026-03-15 22:00:00+00:00,device-05,57.063733288810745,1.2976549454852107,2.55119404569702,0
2026-03-15 22:05:00+00:00,device-05,56.92966149333023,1.2863870524765728,2.5329002932713345,0
2026-03-15 22:10:00+00:00,device-05,57.6523699431502,1.3145569711049467,2.5620094760974963,0
2026-03-15 22:15:00+00:00,device-05,57.90893665518622,1.3165533208303524,2.538686624119635,0
2026-03-15 22:20:00+00:00,device-05,56.69142953050128,1.2759913186966347,2.6069089914811836,0
2026-03-15 22:25:00+00:00,device-05,56.44254454404874,1.3565187872532192,2.624648915211609,0
2026-03-15 22:30:00+00:00,device-05,56.22119901653224,1.3092582932132006,2.656322632015122,0
2026-03-15 22:35:00+00:00,device-05,58.150197977788885,1.3444715299674932,2.579078217687454,0
2026-03-15 22:40:00+00:00,device-05,56.31735001392544,1.2383102878736063,2.5511166881539626,0
2026-03-15 22:45:00+00:00,device-05,56.01749761733966,1.2459852946349463,2.5691783530130654,0
2026-03-15 22:50:00+00:00,device-05,57.122015237799225,1.297184405661967,2.519109652440804,0
2026-03-15 22:55:00+00:00,device-05,57.664994236869,1.2596224762853208,2.5438956023395765,0
2026-03-15 23:00:00+00:00,device-05,56.07113786441585,1.3013607648674996,2.6981094217425636,0
2026-03-15 23:05:00+00:00,device-05,56.84175713616357,1.3347831442668714,2.54241169163309,0
2026-03-15 23:10:00+00:00,device-05,55.926775180804036,1.3612429180511203,2.5601791863174004,0
2026-03-15 23:15:00+00:00,device-05,56.438759623318745,1.3777392751004474,2.6217127438814214,0
2026-03-15 23:20:00+00:00,device-05,58.05282903371552,1.3423148275368433,2.6008849547439716,0
2026-03-15 23:25:00+00:00,device-05,57.03414297993131,1.266446720659161,2.6298766500805466,0
2026-03-15 23:30:00+00:00,device-05,56.73330879140606,1.3280303734714771,2.538051167638893,0
2026-03-15 23:35:00+00:00,device-05,56.96117001792225,1.2731109361784174,2.527018108292372,0
2026-03-15 23:40:00+00:00,device-05,57.105335517935266,1.3251334667092685,2.661629180370186,0
2026-03-15 23:45:00+00:00,device-05,56.834104305640764,1.2440959458148866,2.549379051075321,0
2026-03-15 23:50:00+00:00,device-05,56.0762814902382,1.362805395055852,2.582255431032516,0
2026-03-15 23:55:00+00:00,device-05,56.07761577911729,1.3150009725843546,2.5999647067366602,0
2026-03-16 00:00:00+00:00,device-05,58.29471323483209,1.2787657091472948,2.484089900487864,0
2026-03-16 00:05:00+00:00,device-05,56.361569783834355,1.2238170238690798,2.577558799232422,0
2026-03-16 00:10:00+00:00,device-05,57.72335144724657,1.304651417425094,2.551939433307916,0
2026-03-16 00:15:00+00:00,device-05,56.38734112284134,1.2630456992541854,2.618274877377818,0
2026-03-16 00:20:00+00:00,device-05,57.788643135350995,1.300666689263551,2.571435257198631,0
2026-03-16 00:25:00+00:00,device-05,57.36480556100294,1.2512460050495084,2.4624527364476054,0
2026-03-16 00:30:00+00:00,device-05,56.73027120317048,1.2584834868232029,2.6337187427747053,0
2026-03-16 00:35:00+00:00,device-05,58.27189038146495,1.315447589656077,2.4455837029950103,0
2026-03-16 00:40:00+00:00,device-05,56.220030370885986,1.357064059181846,2.5665747935353354,0
2026-03-16 00:45:00+00:00,device-05,56.70353239389322,1.2186728555973105,2.5508297573763516,0
2026-03-16 00:50:00+00:00,device-05,56.26610707202472,1.2709416554474082,2.555613139989808,0
2026-03-16 00:55:00+00:00,device-05,56.31885064063045,1.2989483927842513,2.589533681308618,0
2026-03-16 01:00:00+00:00,device-05,56.60303464619528,1.2705064118480516,2.6440275345970314,0
2026-03-16 01:05:00+00:00,device-05,56.186205652607214,1.254996162613391,2.5414791897957336,0
2026-03-16 01:10:00+00:00,device-05,56.62162442062909,1.383942169109878,2.5562938491113036,0
2026-03-16 01:15:00+00:00,device-05,57.94315799094556,1.2324945667667453,2.6327805265350186,0
2026-03-16 01:20:00+00:00,device-05,55.630593009335115,1.2912930668689104,2.6196749447678327,0
2026-03-16 01:25:00+00:00,device-05,55.963039445025,1.2476235754571148,2.631654313706213,0
2026-03-16 01:30:00+00:00,device-05,56.169857400163245,1.2659736829591701,2.6102199087124034,0
2026-03-16 01:35:00+00:00,device-05,56.50428407120161,1.1552869200963518,2.5778780232180294,0
2026-03-16 01:40:00+00:00,device-05,57.52748251303955,1.3126904765699678,2.564222024627901,0
2026-03-16 01:45:00+00:00,device-05,57.321486036243044,1.2565852744025174,2.5652185943300814,0
2026-03-16 01:50:00+00:00,device-05,57.14879084837987,1.2176134047597564,2.6431727270190164,0
2026-03-16 01:55:00+00:00,device-05,56.953690732548004,1.3478268391275137,2.6765241964002655,0
2026-03-16 02:00:00+00:00,device-05,58.47358741897961,1.249614145322286,2.7040979649722194,0
2026-03-16 02:05:00+00:00,device-05,56.0195663999157,1.2315815850277207,2.53396016176266,0
2026-03-16 02:10:00+00:00,device-05,55.99795894755206,1.2187414257468618,2.579340131832385,0
2026-03-16 02:15:00+00:00,device-05,56.77738161445542,1.3131531860422732,2.5931397135203387,0
2026-03-16 02:20:00+00:00,device-05,56.93330788807187,1.26006908134517,2.5837451046488566,0
2026-03-16 02:25:00+00:00,device-05,56.62080840334376,1.2419262397993538,2.529594848754668,0
2026-03-16 02:30:00+00:00,device-05,56.19652290038047,1.189983015414488,2.7163322762634903,0
2026-03-16 02:35:00+00:00,device-05,55.86654774928547,1.2098375023829486,2.6786702100867967,0
2026-03-16 02:40:00+00:00,device-05,56.57985118596463,1.271040640305433,2.5843625982802387,0
2026-03-16 02:45:00+00:00,device-05,56.27518902803989,1.2515241004131732,2.568134862949303,0
2026-03-16 02:50:00+00:00,device-05,56.428017058243796,1.150745466083219,2.5934313140748935,0
2026-03-16 02:55:00+00:00,device-05,56.00592224842221,1.2064955242457118,2.525790638323934,0
2026-03-16 03:00:00+00:00,device-05,57.685123854959286,1.2603381180294264,2.575028904397242,0
2026-03-16 03:05:00+00:00,device-05,57.06233501703802,1.381975763633025,2.637944652082096,0
2026-03-16 03:10:00+00:00,device-05,58.03201091036893,1.2089706697980298,2.687920417962001,0
2026-03-16 03:15:00+00:00,device-05,56.38021748045295,1.1342868898015528,2.6448119743732197,0
2026-03-16 03:20:00+00:00,device-05,56.77473408880774,1.2825625616878837,2.667950811296383,0
2026-03-16 03:25:00+00:00,device-05,56.555942743171094,1.219105779349357,2.535180017278354,0
2026-03-16 03:30:00+00:00,device-05,56.738256335213705,1.1758588387885478,2.411901574720589,0
2026-03-16 03:35:00+00:00,device-05,56.54069025401497,1.2689097390005424,2.672917610005938,0
2026-03-16 03:40:00+00:00,device-05,56.599030919112245,1.2279645341249121,2.605564797499101,0
2026-03-16 03:45:00+00:00,device-05,55.3375284844484,1.190237594720067,2.59060819731832,0
2026-03-16 03:50:00+00:00,device-05,56.51383722151198,1.1716696688827308,2.6899073018636734,0
2026-03-16 03:55:00+00:00,device-05,57.1789610160221,1.2299519368464202,2.541009725619892,0
2026-03-16 04:00:00+00:00,device-05,55.337858307941474,1.239292842706671,2.5414919763960446,0
2026-03-16 04:05:00+00:00,device-05,56.445046430189144,1.144916279934692,2.5536101951498646,0
2026-03-16 04:10:00+00:00,device-05,57.080015144978375,1.2819467126952562,2.6873436027551545,0
2026-03-16 04:15:00+00:00,device-05,57.55681784963437,1.1680911510198606,2.6494781659790054,0
2026-03-16 04:20:00+00:00,device-05,56.612106413225575,1.3004510848679338,2.494964441837545,0
2026-03-16 04:25:00+00:00,device-05,56.98271310192716,1.245872884514225,2.6899645639408387,0
2026-03-16 04:30:00+00:00,device-05,57.8792399478706,1.218832999768419,2.5969459059176274,0
2026-03-16 04:35:00+00:00,device-05,57.5563209406353,1.2438293669081602,2.6204432337948185,0
2026-03-16 04:40:00+00:00,device-05,56.3350273604214,1.1962892948298915,2.5524926466899713,0
2026-03-16 04:45:00+00:00,device-05,56.22270556502518,1.221554441185914,2.7030102281670705,0
2026-03-16 04:50:00+00:00,device-05,57.34577679404237,1.306068803751456,2.621311771637029,0
2026-03-16 04:55:00+00:00,device-05,56.78648603144161,1.1940642478496137,2.671290559206669,0
2026-03-16 05:00:00+00:00,device-05,56.248893317005404,1.2623874881654842,2.5399864551159475,0
2026-03-16 05:05:00+00:00,device-05,56.45947724279334,1.1755742516341494,2.6363880689243664,0
2026-03-16 05:10:00+00:00,device-05,56.834076697625896,1.2183999122562013,2.6019162407681176,0
2026-03-16 05:15:00+00:00,device-05,56.46921799880671,1.2664939445118744,2.5840284389139287,0
2026-03-16 05:20:00+00:00,device-05,56.42558921567002,1.15713966128713,2.550695332479291,0
2026-03-16 05:25:00+00:00,device-05,56.43196295338733,1.2329424802588602,2.557151812089124,0
2026-03-16 05:30:00+00:00,device-05,55.553302583527696,1.1075821891630335,2.530543576338778,0
2026-03-16 05:35:00+00:00,device-05,57.7907139211726,1.1566949794339518,2.5593294453125197,0
2026-03-16 05:40:00+00:00,device-05,57.426476078835535,1.1920761410023333,2.5956764869602202,0
2026-03-16 05:45:00+00:00,device-05,57.624256221509064,1.2560703360340806,2.6303129177956137,0
2026-03-16 05:50:00+00:00,device-05,56.47225201067736,1.24675146822576,2.5084477714876,0
2026-03-16 05:55:00+00:00,device-05,56.64666505164154,1.1641589623981492,2.5383114288098985,0
2026-03-16 06:00:00+00:00,device-05,56.953347235433945,1.2022776131422956,2.562417042948698,0
2026-03-16 06:05:00+00:00,device-05,57.11717722966125,1.2171226576412315,2.5041049796057324,0
2026-03-16 06:10:00+00:00,device-05,55.26989761693409,1.1286106498757182,2.580934700940504,0
2026-03-16 06:15:00+00:00,device-05,56.78021710649666,1.2269698974855934,2.582332946136891,0
2026-03-16 06:20:00+00:00,device-05,55.83380206173378,1.2723350909439324,2.5865539104141404,0
2026-03-16 06:25:00+00:00,device-05,56.471105653180004,1.2659813482889768,2.6209285544991174,0
2026-03-16 06:30:00+00:00,device-05,56.05405001064041,1.1732554203115226,2.6511927762172673,0
2026-03-16 06:35:00+00:00,device-05,57.69251805293782,1.1814212642431945,2.6431645933571732,0
2026-03-16 06:40:00+00:00,device-05,56.87551679145826,1.1540587103206508,2.6134663526523463,0
2026-03-16 06:45:00+00:00,device-05,56.475736716066095,1.1751077858984698,2.631279705296176,0
2026-03-16 06:50:00+00:00,device-05,57.45704666198256,1.1864274998472866,2.5522896637152637,0
2026-03-16 06:55:00+00:00,device-05,56.43225045665997,1.232052530473167,2.5439582506567677,0
2026-03-16 07:00:00+00:00,device-05,55.97121599172495,1.201133818439811,2.634516213927338,0
2026-03-16 07:05:00+00:00,device-05,56.339184269489806,1.1496505471142402,2.6298771606670535,0
2026-03-16 07:10:00+00:00,device-05,56.20747972237307,1.2361129645347932,2.7228215189373,0
2026-03-16 07:15:00+00:00,device-05,56.48764254092771,1.2382376169694496,2.584856493411665,0
2026-03-16 07:20:00+00:00,device-05,57.031538735679426,1.162758110632089,2.541410683910737,0
2026-03-16 07:25:00+00:00,device-05,56.35875291894724,1.180028499362566,2.614357492888038,0
2026-03-16 07:30:00+00:00,device-05,56.38843861695157,1.1863465019764283,2.572125430064139,0
2026-03-16 07:35:00+00:00,device-05,57.13054147744217,1.1083572395641352,2.546932508435346,0
2026-03-16 07:40:00+00:00,device-05,56.620123467707145,1.1964434692932158,2.675593379062173,0
2026-03-16 07:45:00+00:00,device-05,57.07183885513712,1.2224233787265937,2.707677233732878,0
2026-03-16 07:50:00+00:00,device-05,56.49913261057739,1.2852830523727738,2.618962395101953,0
2026-03-16 07:55:00+00:00,device-05,55.49348713350655,1.1966651544239377,2.5604771569882327,0
2026-03-16 08:00:00+00:00,device-05,55.61218442624318,1.1719442259520385,2.612351372154717,0
2026-03-16 08:05:00+00:00,device-05,55.231981553951265,1.1779681283826726,2.5946889605999197,0
2026-03-16 08:10:00+00:00,device-05,57.16753068023994,1.2150818832387176,2.51846136215421,0
2026-03-16 08:15:00+00:00,device-05,56.657752166565615,1.2235053858484237,2.6454051975917734,0
2026-03-16 08:20:00+00:00,device-05,56.03268992434155,1.139920837200971,2.6174612113575035,0
2026-03-16 08:25:00+00:00,device-05,55.66739340367164,1.191665863077237,2.6694287827192733,0
2026-03-16 08:30:00+00:00,device-05,56.598301850939166,1.2139238057498882,2.566066786712503,0
2026-03-16 08:35:00+00:00,device-05,56.24823688234344,1.0800314509822595,2.5968150277780415,0
2026-03-16 08:40:00+00:00,device-05,56.55499538532644,1.2482177523268871,2.5911314560896233,0
2026-03-16 08:45:00+00:00,device-05,55.73968203355427,1.1681835185536902,2.499303612235792,0
2026-03-16 08:50:00+00:00,device-05,55.54806374600305,1.221654792279026,2.741132015923197,0
2026-03-16 08:55:00+00:00,device-05,57.40036039163954,1.1750246079507851,2.478255334652955,0
2026-03-16 09:00:00+00:00,device-05,55.64161933479025,1.1642849744440444,2.5322732455712393,0
2026-03-16 09:05:00+00:00,device-05,56.279170990647444,1.172052319285118,2.5773737784501014,0
2026-03-16 09:10:00+00:00,device-05,57.21568322907158,1.189465648158059,2.5083026600504694,0
2026-03-16 09:15:00+00:00,device-05,55.00730878890288,1.2178036823340181,2.6217190855486496,0
2026-03-16 09:20:00+00:00,device-05,56.758005724954,1.1604290540112485,2.5710977870899567,0
2026-03-16 09:25:00+00:00,device-05,56.31220271699755,1.1168949766134755,2.601899246358033,0
2026-03-16 09:30:00+00:00,device-05,56.15689120422108,1.1372633845277182,2.611011120201007,0
2026-03-16 09:35:00+00:00,device-05,56.436291009969864,1.1226875994120005,2.6019309236083283,0
2026-03-16 09:40:00+00:00,device-05,55.417711434119795,1.2088265806212513,2.603256718121392,0
2026-03-16 09:45:00+00:00,device-05,54.69053214587454,1.1222291234941157,2.5890139954270763,0
2026-03-16 09:50:00+00:00,device-05,57.53595253442145,1.245490297187446,2.6220561264214455,0
2026-03-16 09:55:00+00:00,device-05,56.01873108084087,1.1753444922134635,2.643914957329423,0
2026-03-16 10:00:00+00:00,device-05,56.827218035173516,1.1637622968672023,2.582920892023864,0
2026-03-16 10:05:00+00:00,device-05,56.96957636301393,1.2328261052100766,2.571968938100514,0
2026-03-16 10:10:00+00:00,device-05,56.3932899547694,1.1485601003301977,2.574583019097998,0
2026-03-16 10:15:00+00:00,device-05,56.501767463909154,1.1515248911161349,2.6151269548912013,0
2026-03-16 10:20:00+00:00,device-05,56.67148545589728,1.2046541789796141,2.5763661831307694,0
2026-03-16 10:25:00+00:00,device-05,57.262917908415,1.2020630709567768,2.575531787405217,0
2026-03-16 10:30:00+00:00,device-05,56.50242296538235,1.114620465359819,2.511013014222676,0
2026-03-16 10:35:00+00:00,device-05,57.02799869186665,1.2867978768412303,2.707941034210366,0
2026-03-16 10:40:00+00:00,device-05,55.9431631967482,1.1917374022807734,2.5266303116933444,0
2026-03-16 10:45:00+00:00,device-05,55.84355909983607,1.1000328614993709,2.6936672597750175,0
2026-03-16 10:50:00+00:00,device-05,56.1873553335873,1.153494982603433,2.6430292460960314,0
2026-03-16 10:55:00+00:00,device-05,56.39806787459078,1.2079640928665456,2.6560733457905514,0
2026-03-16 11:00:00+00:00,device-05,56.48414810918786,1.1721236438306128,2.61218069777801,0
2026-03-16 11:05:00+00:00,device-05,57.45345654349149,1.2034484099577543,2.6254567920993157,0
2026-03-16 11:10:00+00:00,device-05,56.677578943177586,1.2783998904660847,2.613849541081605,0
2026-03-16 11:15:00+00:00,device-05,56.1320740360895,1.2061589528771963,2.6311139619606174,0
2026-03-16 11:20:00+00:00,device-05,57.45677297497349,1.2595233400504546,2.6452904327439946,0
2026-03-16 11:25:00+00:00,device-05,56.29892080515922,1.192697723160369,2.6845578165404045,0
2026-03-16 11:30:00+00:00,device-05,56.31057500307491,1.1249596436001583,2.5399772019929925,0
2026-03-16 11:35:00+00:00,device-05,56.395188749798606,1.2333386967885778,2.6250702720990096,0
2026-03-16 11:40:00+00:00,device-05,55.815500921226544,1.122341358132122,2.689829271209598,0
2026-03-16 11:45:00+00:00,device-05,55.28139085654836,1.2047755191986036,2.677120293341962,0
2026-03-16 11:50:00+00:00,device-05,56.12029250856298,1.1892022691152282,2.5378246504123956,0
2026-03-16 11:55:00+00:00,device-05,55.80535788619285,1.1138159174065194,2.614748217417523,0
2026-03-16 12:00:00+00:00,device-05,55.41280415482939,1.1205544511460732,2.6127856326895684,0
2026-03-16 12:05:00+00:00,device-05,56.08574750372222,1.1465994745798846,2.6109184307971884,0
2026-03-16 12:10:00+00:00,device-05,55.85644594880805,1.1751140603739139,2.4667474723007707,0
2026-03-16 12:15:00+00:00,device-05,55.57544516337981,1.2213670021249357,2.646378117564056,0
2026-03-16 12:20:00+00:00,device-05,54.74596887979453,1.1582104713589574,2.503668253164602,0
2026-03-16 12:25:00+00:00,device-05,55.85140167302922,1.249210032702967,2.722618663108328,0
2026-03-16 12:30:00+00:00,device-05,57.176936315838624,1.197585833514547,2.6342304561433165,0
2026-03-16 12:35:00+00:00,device-05,56.56547221732619,1.1215896778066783,2.590627574351233,0
2026-03-16 12:40:00+00:00,device-05,56.69057519536884,1.1224315534640055,2.632789761947298,0
2026-03-16 12:45:00+00:00,device-05,55.918083376974636,1.1573477439353992,2.604400309736988,0
2026-03-16 12:50:00+00:00,device-05,56.65513695857592,1.1268264278479947,2.565267810435173,0
2026-03-16 12:55:00+00:00,device-05,55.449138377452456,1.1480944591481435,2.5906099414795047,0
2026-03-16 13:00:00+00:00,device-05,55.589900323495335,1.1911409385722869,2.615955456487678,0
2026-03-16 13:05:00+00:00,device-05,56.25646909040064,1.1651686571084419,2.5492792839507428,0
2026-03-16 13:10:00+00:00,device-05,54.90112663621484,1.2006424777043023,2.63695198493355,0
2026-03-16 13:15:00+00:00,device-05,55.9188861255485,1.1172123929593931,2.660125249793626,0
2026-03-16 13:20:00+00:00,device-05,56.078712132060176,1.10829727324654,2.657566064052972,0
2026-03-16 13:25:00+00:00,device-05,57.029599377132485,1.081259242222445,2.663583336778733,0
2026-03-16 13:30:00+00:00,device-05,55.36839849977252,1.0619203953137704,2.6704662529423246,0
2026-03-16 13:35:00+00:00,device-05,56.135027082375295,1.1284358083980779,2.635993314486686,0
2026-03-16 13:40:00+00:00,device-05,55.38331192636003,1.154044349530941,2.6708739499526915,0
2026-03-16 13:45:00+00:00,device-05,55.44777120429752,1.140473276486481,2.5985507936495753,0
2026-03-16 13:50:00+00:00,device-05,53.948411884776554,1.1506033180739703,2.6185390172243177,0
2026-03-16 13:55:00+00:00,device-05,55.15701180810162,1.2523313944838719,2.676936777201702,0
2026-03-16 14:00:00+00:00,device-05,56.59461772520507,1.0954341950340543,2.7069608125101605,0
2026-03-16 14:05:00+00:00,device-05,56.14762115544948,1.1363575422497663,2.5740905836631636,0
2026-03-16 14:10:00+00:00,device-05,55.88882314017617,1.125258361898282,2.5101502858926272,0
2026-03-16 14:15:00+00:00,device-05,57.47716517787912,1.104132160819018,2.718558809180008,0
2026-03-16 14:20:00+00:00,device-05,56.135810844983794,1.2170426016738383,2.661142884475071,0
2026-03-16 14:25:00+00:00,device-05,54.89563728558041,1.1477083982862042,2.699832915855957,0
2026-03-16 14:30:00+00:00,device-05,55.60263630026702,1.2118324622090664,2.6462138061405938,0
2026-03-16 14:35:00+00:00,device-05,55.69383045477263,1.0927280394753136,2.607586923610431,0
2026-03-16 14:40:00+00:00,device-05,56.836286806216904,1.2428384593668482,2.5565112417404947,0
2026-03-16 14:45:00+00:00,device-05,55.09249633288272,1.2622257845159015,2.537459450966827,0
2026-03-16 14:50:00+00:00,device-05,55.99877507937894,1.105333966041869,2.677466274142396,0
2026-03-16 14:55:00+00:00,device-05,56.373170765695626,1.148327570646968,2.6501406768782565,0
2026-03-16 15:00:00+00:00,device-05,55.126747332309996,1.1423263546139333,2.61125990209066,0
2026-03-16 15:05:00+00:00,device-05,55.7388767378111,1.1767054126423124,2.52782514301881,0
2026-03-16 15:10:00+00:00,device-05,54.27705613741808,1.0837164817019223,2.5619532319454743,0
2026-03-16 15:15:00+00:00,device-05,55.72792355520518,1.1720894490592049,2.5561072672719396,0
2026-03-16 15:20:00+00:00,device-05,54.12493116740475,1.1850406433497702,2.57442971116533,0
2026-03-16 15:25:00+00:00,device-05,55.37332276978063,1.1186967809250914,2.423983133010541,0
2026-03-16 15:30:00+00:00,device-05,56.821570235427934,1.0354802456644732,2.604772503859235,0
2026-03-16 15:35:00+00:00,device-05,55.90478418233688,1.1147000120350392,2.6823835592107197,0
2026-03-16 15:40:00+00:00,device-05,55.647107097680966,1.1289834188961236,2.559469755947583,0
2026-03-16 15:45:00+00:00,device-05,55.707217071461386,1.1869853077761783,2.592554982161505,0
2026-03-16 15:50:00+00:00,device-05,57.085542072910016,1.1178670771649786,2.6068551456625575,0
2026-03-16 15:55:00+00:00,device-05,55.96665285986789,1.0913680448852505,2.532390946526771,0
2026-03-16 16:00:00+00:00,device-05,56.29434902738709,1.179796938630548,2.615454698262588,0
2026-03-16 16:05:00+00:00,device-05,55.2623463143278,1.1675657203769805,2.5427599182081213,0
2026-03-16 16:10:00+00:00,device-05,55.254739168869776,1.185791747998288,2.564318057367109,0
2026-03-16 16:15:00+00:00,device-05,54.82225053997944,1.1515251442539092,2.6044624768004727,0
2026-03-16 16:20:00+00:00,device-05,55.41413106992003,1.2021473980058361,2.5862658932200517,0
2026-03-16 16:25:00+00:00,device-05,55.04281942205,1.1750530660493623,2.594882637142936,0
2026-03-16 16:30:00+00:00,device-05,56.19884839486737,1.0602921445960285,2.535360334445509,0
2026-03-16 16:35:00+00:00,device-05,55.95082101912209,1.1596316367542527,2.6313054502575004,0
2026-03-16 16:40:00+00:00,device-05,55.415495670227784,1.1884910983148322,2.5252770134401414,0
2026-03-16 16:45:00+00:00,device-05,55.11130594373392,1.1518402097357816,2.6377209510939355,0
2026-03-16 16:50:00+00:00,device-05,53.475541465312766,1.2232161539243147,2.560013108977229,0
2026-03-16 16:55:00+00:00,device-05,55.05826178492986,1.127570751559769,2.518607998560652,0
2026-03-16 17:00:00+00:00,device-05,55.668761816143636,1.1854272732276743,2.5825063579960648,0
2026-03-16 17:05:00+00:00,device-05,55.90535926711386,1.0892646176160559,2.5256760992440195,0
2026-03-16 17:10:00+00:00,device-05,53.30383557235761,1.1509254496464842,2.5561841487013854,0
2026-03-16 17:15:00+00:00,device-05,53.767004568761116,1.123671392840766,2.5781197927587254,0
2026-03-16 17:20:00+00:00,device-05,55.52833021408785,1.101318832178608,2.632417860404744,0
2026-03-16 17:25:00+00:00,device-05,54.694611504602726,1.086263802851177,2.632971597657229,0
2026-03-16 17:30:00+00:00,device-05,55.24881264603119,1.1630109069891206,2.6141844306697117,0
2026-03-16 17:35:00+00:00,device-05,55.06183103478542,1.1734860446804989,2.569371211787854,0
2026-03-16 17:40:00+00:00,device-05,55.785893343880744,1.1206062188002053,2.4965771607606957,0
2026-03-16 17:45:00+00:00,device-05,54.084173240302285,1.0907459689297188,2.5723161842957816,0
2026-03-16 17:50:00+00:00,device-05,54.96554671619567,1.1090509953393621,2.5663816310459264,0
2026-03-16 17:55:00+00:00,device-05,56.002124563334874,1.191188244600992,2.577297679045479,0
2026-03-16 18:00:00+00:00,device-05,55.483616049776074,1.0933547652548548,2.5537762988687858,0
2026-03-16 18:05:00+00:00,device-05,54.756840720912955,1.2106917448192966,2.5537139976707164,0
2026-03-16 18:10:00+00:00,device-05,55.63433628044038,1.0706533921321424,2.6311600252595864,0
2026-03-16 18:15:00+00:00,device-05,55.50780797646852,1.1684127446596295,2.5057633426025263,0
2026-03-16 18:20:00+00:00,device-05,54.685843710929326,1.1881237741208768,2.5840748216982585,0
2026-03-16 18:25:00+00:00,device-05,55.768683541985276,1.2162144751403796,2.656996046684583,0
2026-03-16 18:30:00+00:00,device-05,55.74788850549376,1.1340711241540133,2.537896057965514,0
2026-03-16 18:35:00+00:00,device-05,55.17972563387127,1.117659877615835,2.524964152496826,0
2026-03-16 18:40:00+00:00,device-05,55.91245171069094,1.085148043519103,2.569301546817772,0
2026-03-16 18:45:00+00:00,device-05,54.440702829212235,1.2021511015346715,2.56205622236413,0
2026-03-16 18:50:00+00:00,device-05,55.77074419706376,1.1506430026955237,2.597213755333375,0
2026-03-16 18:55:00+00:00,device-05,55.09816166812474,1.1345411263279859,2.6608548895223936,0
2026-03-16 19:00:00+00:00,device-05,54.57249264168373,1.1369659990333416,2.573856046333357,0
2026-03-16 19:05:00+00:00,device-05,54.79928199437515,1.171037889529404,2.613652752021505,0
2026-03-16 19:10:00+00:00,device-05,56.00916662958771,1.1604322296557459,2.5466898089572707,0
2026-03-16 19:15:00+00:00,device-05,54.807554296521374,1.218242321546105,2.5517739896281695,0
2026-03-16 19:20:00+00:00,device-05,54.9413947716186,1.0521536035487615,2.597253015917789,0
2026-03-16 19:25:00+00:00,device-05,54.71856685449671,1.2024328419839134,2.5405032321528074,0
2026-03-16 19:30:00+00:00,device-05,54.613583980004144,1.1340698774215856,2.649756482918246,0
2026-03-16 19:35:00+00:00,device-05,55.81719929448018,1.15727600705833,2.5554171848728884,0
2026-03-16 19:40:00+00:00,device-05,56.6734227048091,1.1459774750444478,2.5693424186406575,0
2026-03-16 19:45:00+00:00,device-05,56.058064012869536,1.1579567241466662,2.5174737747723195,0
2026-03-16 19:50:00+00:00,device-05,55.472612103456946,1.2005048105491936,2.5526908018230934,0
2026-03-16 19:55:00+00:00,device-05,55.63490421032966,1.17435174093077,2.519175484932311,0
2026-03-16 20:00:00+00:00,device-05,54.86298912321701,1.091708942584729,2.548942452137135,0
2026-03-16 20:05:00+00:00,device-05,54.74883556987967,1.1610216941925169,2.4731132507457105,0
2026-03-16 20:10:00+00:00,device-05,54.26992483370057,1.1600585325178354,2.5762797436211273,0
2026-03-16 20:15:00+00:00,device-05,56.06823742502055,1.184083695840159,2.6789802585291533,0
2026-03-16 20:20:00+00:00,device-05,54.82780894616242,1.168148566124187,2.466189497331274,0
2026-03-16 20:25:00+00:00,device-05,54.556591106140104,1.1626813413518133,2.6778964595504613,0
2026-03-16 20:30:00+00:00,device-05,54.60136704494096,1.2185774495042874,2.568470872508214,0
2026-03-16 20:35:00+00:00,device-05,55.16411438760092,1.1134848694986306,2.6272392789745385,0
2026-03-16 20:40:00+00:00,device-05,54.64246538205457,1.2775156312535116,2.5156910494069913,0
2026-03-16 20:45:00+00:00,device-05,55.02492905390705,1.1409761463335015,2.693722186718575,0
2026-03-16 20:50:00+00:00,device-05,55.11764767528337,1.1180256809872504,2.5109289609464884,0
2026-03-16 20:55:00+00:00,device-05,55.91774212094094,1.2096289763109571,2.5693430604840937,0
2026-03-16 21:00:00+00:00,device-05,54.12411737761609,1.224840057856986,2.664976932699758,0
2026-03-16 21:05:00+00:00,device-05,55.177328417347695,1.2343236238939481,2.498090357377247,0
2026-03-16 21:10:00+00:00,device-05,54.48163687656388,1.24540073711966,2.435453394117401,0
2026-03-16 21:15:00+00:00,device-05,54.655819740611086,1.1970217476483391,2.5681802218682797,0
2026-03-16 21:20:00+00:00,device-05,56.063050416557296,1.1770625527815064,2.5268625952373367,0
2026-03-16 21:25:00+00:00,device-05,55.36541701315576,1.1933995002862643,2.514446405365472,0
2026-03-16 21:30:00+00:00,device-05,54.65482806360752,1.175098621200634,2.5174879125330714,0
2026-03-16 21:35:00+00:00,device-05,55.25256013259602,1.1488565764439103,2.4846601638394206,0
2026-03-16 21:40:00+00:00,device-05,54.88922806581634,1.2569425443146627,2.6532274191309013,0
2026-03-16 21:45:00+00:00,device-05,55.66121575921612,1.2683125069763932,2.6421756436596175,0
2026-03-16 21:50:00+00:00,device-05,54.546576793045624,1.1786102442104525,2.489440664167931,0
2026-03-16 21:55:00+00:00,device-05,55.21112503880174,1.1674700639231714,2.5632695138364197,0
2026-03-16 22:00:00+00:00,device-05,54.72032845090776,1.1551714936895927,2.5420258478789743,0
2026-03-16 22:05:00+00:00,device-05,54.860964724227046,1.0963266707689825,2.6338526970569025,0
2026-03-16 22:10:00+00:00,device-05,54.73801945662971,1.1473795543864949,2.5189411098458843,0
2026-03-16 22:15:00+00:00,device-05,54.404537342405156,1.1562336230652484,2.663885988141374,0
2026-03-16 22:20:00+00:00,device-05,54.89732412870432,1.181856342785274,2.567881027358539,0
2026-03-16 22:25:00+00:00,device-05,55.49193215397381,1.133586868830103,2.5207019793964327,0
2026-03-16 22:30:00+00:00,device-05,54.38504307238436,1.0893480715908261,2.561617536987811,0
2026-03-16 22:35:00+00:00,device-05,54.526474393018574,1.2179226729547488,2.531959831710814,0
2026-03-16 22:40:00+00:00,device-05,55.03881304232484,1.2722005895854653,2.699713973883963,0
2026-03-16 22:45:00+00:00,device-05,54.25320908340156,1.0804846646072612,2.5744999544109652,0
2026-03-16 22:50:00+00:00,device-05,55.36574326688792,1.1809142308988194,2.5367935836520576,0
2026-03-16 22:55:00+00:00,device-05,55.242902642734485,1.231428577831052,2.5705856171840566,0
2026-03-16 23:00:00+00:00,device-05,53.15806388011693,1.1311568880025595,2.6519379202190074,0
2026-03-16 23:05:00+00:00,device-05,54.28242556107709,1.1185313274059363,2.5071380726855677,0
2026-03-16 23:10:00+00:00,device-05,53.97856498574213,1.1929037477571853,2.463901998080003,0
2026-03-16 23:15:00+00:00,device-05,55.286935934304026,1.1804354161170023,2.64113101676506,0
2026-03-16 23:20:00+00:00,device-05,55.353583529208606,1.1611391102731463,2.5993332303293277,0
2026-03-16 23:25:00+00:00,device-05,53.8674205249703,1.2760644169500617,2.5358193928953874,0
2026-03-16 23:30:00+00:00,device-05,54.211307439080194,1.2697428600739609,2.557382435515926,0
2026-03-16 23:35:00+00:00,device-05,54.6199927147572,1.2285256917973248,2.62743104285224,0
2026-03-16 23:40:00+00:00,device-05,54.410587393085116,1.1933735003288768,2.399549633687065,0
2026-03-16 23:45:00+00:00,device-05,55.15300401627794,1.181377714821388,2.6365209216827328,0
2026-03-16 23:50:00+00:00,device-05,55.322659981066884,1.2428792393852142,2.5500315481627296,0
2026-03-16 23:55:00+00:00,device-05,55.04504193880026,1.187930677426745,2.6003083719177034,0
2026-03-17 00:00:00+00:00,device-05,55.38057397705347,1.2750754674373734,2.556573717531105,0
2026-03-17 00:05:00+00:00,device-05,55.26364210368824,1.264027510053181,2.743148080526969,0
2026-03-17 00:10:00+00:00,device-05,54.558205533125836,1.1724458921325724,2.5219503206533074,0
2026-03-17 00:15:00+00:00,device-05,54.297588089354825,1.2417455539569433,2.6238771628331214,0
2026-03-17 00:20:00+00:00,device-05,54.07793707216713,1.2831125470703642,2.4028382539605944,0
2026-03-17 00:25:00+00:00,device-05,55.14376031259669,1.238545694165646,2.559865507721283,0
2026-03-17 00:30:00+00:00,device-05,55.183304299228695,1.1595545086627468,2.604058785759319,0
2026-03-17 00:35:00+00:00,device-05,55.26024249199373,1.1944952590381446,2.4645787548694633,0
2026-03-17 00:40:00+00:00,device-05,54.32320089399739,1.1919520415226454,2.435210561529067,0
2026-03-17 00:45:00+00:00,device-05,54.26989829387004,1.2160831997318715,2.561563601441795,0
2026-03-17 00:50:00+00:00,device-05,54.71302150211294,1.2126786440235737,2.6158027774376333,0
2026-03-17 00:55:00+00:00,device-05,55.38502618362728,1.1945669663185814,2.6256710737998192,0
2026-03-17 01:00:00+00:00,device-05,54.757134737690535,1.25621060675653,2.513629214504274,0
2026-03-17 01:05:00+00:00,device-05,54.65631929289072,1.2820767111971598,2.5747550529302425,0
2026-03-17 01:10:00+00:00,device-05,53.9218983655068,1.1873223173086975,2.46929527072604,0
2026-03-17 01:15:00+00:00,device-05,54.788048003802444,1.1428492938656518,2.657455892479184,0
2026-03-17 01:20:00+00:00,device-05,54.84372757323857,1.2363299689047382,2.5185506382312246,0
2026-03-17 01:25:00+00:00,device-05,53.807598509699844,1.2191671564723028,2.628522575036491,0
2026-03-17 01:30:00+00:00,device-05,55.66538621997501,1.2411000422416925,2.535754697013377,0
2026-03-17 01:35:00+00:00,device-05,53.80971745480715,1.1869625461954345,2.531701296259391,0
2026-03-17 01:40:00+00:00,device-05,55.07546358625789,1.2368725003295102,2.6478952853815385,0
2026-03-17 01:45:00+00:00,device-05,54.28433203152108,1.177910212057187,2.498444471732663,0
2026-03-17 01:50:00+00:00,device-05,54.526501656267364,1.2791049791054685,2.627406961753335,0
2026-03-17 01:55:00+00:00,device-05,53.86316054132699,1.309821319592377,2.528281845997185,0
2026-03-17 02:00:00+00:00,device-05,54.00729520681084,1.1803918819151762,2.496587249851447,0
2026-03-17 02:05:00+00:00,device-05,54.87044237261036,1.0981760410060872,2.498572065382253,0
2026-03-17 02:10:00+00:00,device-05,54.243392087460364,1.204773364308217,2.6156897436271915,0
2026-03-17 02:15:00+00:00,device-05,54.13242020741781,1.2040831284423112,2.5429678778928038,0
2026-03-17 02:20:00+00:00,device-05,54.97132643083504,1.241383000196907,2.526090281262416,0
2026-03-17 02:25:00+00:00,device-05,54.84081043349332,1.233794324802981,2.4565506575876825,0
2026-03-17 02:30:00+00:00,device-05,54.454039145414214,1.2586716346914004,2.616676752421703,0
2026-03-17 02:35:00+00:00,device-05,54.49061506582013,1.370844135867944,2.6086931297312947,0
2026-03-17 02:40:00+00:00,device-05,55.508505696820876,1.2084121523653688,2.5647624604451384,0
2026-03-17 02:45:00+00:00,device-05,54.19622883222196,1.2187896478752926,2.5915267715805785,0
2026-03-17 02:50:00+00:00,device-05,54.571076749086515,1.2603173475325138,2.349862759385958,0
2026-03-17 02:55:00+00:00,device-05,54.58720322758301,1.1473307118281217,2.512138107882512,0
2026-03-17 03:00:00+00:00,device-05,53.31881979785727,1.2803621147733866,2.553179803638972,0
2026-03-17 03:05:00+00:00,device-05,52.94202028567345,1.2110891482705481,2.5493380609514813,0
2026-03-17 03:10:00+00:00,device-05,54.35335312166693,1.1715394394630196,2.508486982995573,0
2026-03-17 03:15:00+00:00,device-05,54.854469796806015,1.2022866680427764,2.556289368216662,0
2026-03-17 03:20:00+00:00,device-05,54.386241447112,1.2709441299189812,2.497842412246708,0
2026-03-17 03:25:00+00:00,device-05,53.87022629329857,1.2890741566186779,2.5018501796380614,0
2026-03-17 03:30:00+00:00,device-05,53.77704484808666,1.3106039726141274,2.465954953632874,0
2026-03-17 03:35:00+00:00,device-05,54.77974500217366,1.2713465026093187,2.5483948028043133,0
2026-03-17 03:40:00+00:00,device-05,54.005159151021836,1.214542577605309,2.496392345253316,0
2026-03-17 03:45:00+00:00,device-05,53.091741578290424,1.279717097214031,2.5090225832213067,0
2026-03-17 03:50:00+00:00,device-05,54.6614491969127,1.2491667780639555,2.621778247846767,0
2026-03-17 03:55:00+00:00,device-05,54.34736802870648,1.3713119531325084,2.535629267886572,0
2026-03-17 04:00:00+00:00,device-05,54.43649141220496,1.152657829633011,2.5355865914003903,0
2026-03-17 04:05:00+00:00,device-05,54.88210932952092,1.337436058095071,2.4451450893849143,0
2026-03-17 04:10:00+00:00,device-05,55.06834922075504,1.296597291901026,2.5053490881962075,0
2026-03-17 04:15:00+00:00,device-05,54.532607710445475,1.2797534193073095,2.5951673405104367,0
2026-03-17 04:20:00+00:00,device-05,54.01745416508251,1.2559859658824395,2.5688561511803987,0
2026-03-17 04:25:00+00:00,device-05,52.67018297711143,1.2337479308868693,2.538478062005068,0
2026-03-17 04:30:00+00:00,device-05,54.3233721590511,1.2148536189275734,2.524232145703958,0
2026-03-17 04:35:00+00:00,device-05,54.00776058167312,1.1864127902118151,2.5382731587462315,0
2026-03-17 04:40:00+00:00,device-05,55.010590869510935,1.367559319833294,2.557664652107126,0
2026-03-17 04:45:00+00:00,device-05,54.972514495315394,1.3137649938989209,2.5137974494010074,0
2026-03-17 04:50:00+00:00,device-05,54.411699775520965,1.301825671617984,2.3835813774465398,0
2026-03-17 04:55:00+00:00,device-05,55.01878972133669,1.2875781845686913,2.650229418877354,0
2026-03-17 05:00:00+00:00,device-05,54.01459591979676,1.1748098802388791,2.5999646244455326,0
2026-03-17 05:05:00+00:00,device-05,54.02698261791536,1.2580432694331043,2.5220362396238567,0
2026-03-17 05:10:00+00:00,device-05,53.465301323543194,1.2793437411333815,2.6154412697749816,0
2026-03-17 05:15:00+00:00,device-05,53.82532900386744,1.3324572531891015,2.451939171377354,0
2026-03-17 05:20:00+00:00,device-05,54.17649979966006,1.2256369476646378,2.607151273765484,0
2026-03-17 05:25:00+00:00,device-05,54.75119417014543,1.2906445230320496,2.540737762903771,0
2026-03-17 05:30:00+00:00,device-05,53.50718121537431,1.2664027352523697,2.5820605336861977,0
2026-03-17 05:35:00+00:00,device-05,54.55656682983666,1.2810809935138034,2.5075166624217875,0
2026-03-17 05:40:00+00:00,device-05,55.60847827525203,1.2418516046193981,2.5367884792319106,0
2026-03-17 05:45:00+00:00,device-05,53.06056971431016,1.3002047572932582,2.5622789669149686,0
2026-03-17 05:50:00+00:00,device-05,53.80064108497938,1.2874624324755182,2.589599037281863,0
2026-03-17 05:55:00+00:00,device-05,53.984453355115456,1.1911850468446865,2.557035897949634,0
2026-03-17 06:00:00+00:00,device-05,54.6540050207377,1.3466671541587163,2.5522687257327874,0
2026-03-17 06:05:00+00:00,device-05,55.322771985035146,1.397142865891512,2.4896163759001086,0
2026-03-17 06:10:00+00:00,device-05,54.794634932736585,1.2446362258481916,2.627624471871948,0
2026-03-17 06:15:00+00:00,device-05,53.91074104210371,1.3473330380608008,2.5365966605736885,0
2026-03-17 06:20:00+00:00,device-05,53.34183247612764,1.2421371898369367,2.5100311709055827,0
2026-03-17 06:25:00+00:00,device-05,53.88033436639,1.2659490370472273,2.5035933462292683,0
2026-03-17 06:30:00+00:00,device-05,53.883985741631705,1.3817333116332022,2.4503601375986555,0
2026-03-17 06:35:00+00:00,device-05,54.07013826904757,1.3050038809676672,2.47766716245013,0
2026-03-17 06:40:00+00:00,device-05,53.277857508808054,1.3721085733271605,2.430071063918385,0
2026-03-17 06:45:00+00:00,device-05,54.93678108440745,1.3122490022289284,2.5331549803635203,0
2026-03-17 06:50:00+00:00,device-05,53.37915871287766,1.349495031180639,2.515506447448433,0
2026-03-17 06:55:00+00:00,device-05,54.33851593693977,1.2919469312911198,2.5329797276881267,0
2026-03-17 07:00:00+00:00,device-05,54.0081785238606,1.373229066983639,2.4443185471134647,0
2026-03-17 07:05:00+00:00,device-05,53.097224304229,1.3922474442042165,2.4934557023423105,0
2026-03-17 07:10:00+00:00,device-05,53.88977279391926,1.3381033234265678,2.479747557681845,0
2026-03-17 07:15:00+00:00,device-05,53.84958210903103,1.277168026518878,2.5771711004392435,0
2026-03-17 07:20:00+00:00,device-05,53.69809913675251,1.2883521198633687,2.4276763334994342,0
2026-03-17 07:25:00+00:00,device-05,54.37623348081044,1.2608596037997335,2.425461067187376,0
2026-03-17 07:30:00+00:00,device-05,53.484386986334144,1.33963931490002,2.593108467434958,0
2026-03-17 07:35:00+00:00,device-05,55.55933545553625,1.3367337911547854,2.5371783162988564,0
2026-03-17 07:40:00+00:00,device-05,54.57430501510335,1.2770594006153546,2.4208809717065214,0
2026-03-17 07:45:00+00:00,device-05,53.15580531557897,1.3591495312570778,2.595367734309863,0
2026-03-17 07:50:00+00:00,device-05,52.061026234961275,1.2856660233232533,2.603417258907113,0
2026-03-17 07:55:00+00:00,device-05,54.63777803075952,1.406804240753692,2.581829742272527,0
2026-03-17 08:00:00+00:00,device-05,53.93676411925899,1.3583864537240482,2.3890021455146995,0
2026-03-17 08:05:00+00:00,device-05,53.81177289734749,1.3979300179603507,2.5194306564023043,0
2026-03-17 08:10:00+00:00,device-05,53.07375609342766,1.2840824190458595,2.4597625546382726,0
2026-03-17 08:15:00+00:00,device-05,52.74511506582677,1.2711983846680972,2.4951360588706404,0
2026-03-17 08:20:00+00:00,device-05,52.444930751860284,1.230985641525333,2.4157261007795796,0
2026-03-17 08:25:00+00:00,device-05,55.49659274021991,1.3558909296531394,2.6140263061995705,0
2026-03-17 08:30:00+00:00,device-05,54.82422752758164,1.2686487251691412,2.46786691767571,0
2026-03-17 08:35:00+00:00,device-05,53.32730334902654,1.3933151820987624,2.525494403470197,0
2026-03-17 08:40:00+00:00,device-05,54.99738803710951,1.3346464947633159,2.556571700409473,0
2026-03-17 08:45:00+00:00,device-05,52.41243415196717,1.3668952921652433,2.5445356953933596,0
2026-03-17 08:50:00+00:00,device-05,54.16835917426377,1.2658539934973245,2.531871714442417,0
2026-03-17 08:55:00+00:00,device-05,54.16535848767518,1.3016267459496969,2.483151252298197,0
2026-03-17 09:00:00+00:00,device-05,53.07544233721407,1.3417099127583674,2.5192798193141424,0
2026-03-17 09:05:00+00:00,device-05,53.34755040040705,1.3706270331216033,2.492217965869225,0
2026-03-17 09:10:00+00:00,device-05,52.93364701353105,1.270702650266707,2.368473668726883,0
2026-03-17 09:15:00+00:00,device-05,53.67627333492127,1.3534170601574778,2.564327241698953,0
2026-03-17 09:20:00+00:00,device-05,54.54939945961383,1.2961999162534013,2.4660781134620278,0
2026-03-17 09:25:00+00:00,device-05,54.320892453060374,1.3792973665674424,2.471861889013045,0
2026-03-17 09:30:00+00:00,device-05,53.913497627225574,1.3286321544716948,2.4778371677177637,0
2026-03-17 09:35:00+00:00,device-05,54.39131512679703,1.3263665282829802,2.4186345429186344,0
2026-03-17 09:40:00+00:00,device-05,52.37394373011677,1.3642582601234416,2.4286869185637685,0
2026-03-17 09:45:00+00:00,device-05,55.00311597383914,1.4014343360167076,2.392616668823605,0
2026-03-17 09:50:00+00:00,device-05,53.56045431134424,1.3328603348110823,2.5283735067406647,0
2026-03-17 09:55:00+00:00,device-05,52.676279922962394,1.407263883735435,2.5705611220587605,0
2026-03-17 10:00:00+00:00,device-05,53.31600676146458,1.2975321618927143,2.5035735835012143,0
2026-03-17 10:05:00+00:00,device-05,53.12365704807561,1.3626714793534411,2.4297643366412265,0
2026-03-17 10:10:00+00:00,device-05,53.63221149734247,1.2938932088493231,2.5763265960797863,0
2026-03-17 10:15:00+00:00,device-05,53.776870582532716,1.3615698806029854,2.4781609317524067,0
2026-03-17 10:20:00+00:00,device-05,51.93350825494068,1.306614484242993,2.4010741484067166,0
2026-03-17 10:25:00+00:00,device-05,54.42054971484128,1.355030613327707,2.3831942192549365,0
2026-03-17 10:30:00+00:00,device-05,54.73834764361978,1.385513317497985,2.5064493029747315,0
2026-03-17 10:35:00+00:00,device-05,52.81322541886531,1.307511172488746,2.581605837453986,0
2026-03-17 10:40:00+00:00,device-05,54.549717282637744,1.2693761042911746,2.471300688614964,0
2026-03-17 10:45:00+00:00,device-05,54.39217335932755,1.3492622064443738,2.4556597582614943,0
2026-03-17 10:50:00+00:00,device-05,54.21546599377912,1.3851582731846346,2.476728425044486,0
2026-03-17 10:55:00+00:00,device-05,54.63850984343279,1.3718471414706743,2.4415968616202357,0
2026-03-17 11:00:00+00:00,device-05,52.53290999151376,1.3161638936480022,2.4591633093078427,0
2026-03-17 11:05:00+00:00,device-05,53.995657968543604,1.4042314836700784,2.5065080149221055,0
2026-03-17 11:10:00+00:00,device-05,52.781721060914435,1.3492988363984646,2.447349157990953,0
2026-03-17 11:15:00+00:00,device-05,55.12524571362732,1.4030388670345721,2.546101409032434,0
2026-03-17 11:20:00+00:00,device-05,52.7964124545956,1.321985648192454,2.4308944265235666,0
2026-03-17 11:25:00+00:00,device-05,52.61333431689341,1.3890934239011339,2.531469536935321,0
2026-03-17 11:30:00+00:00,device-05,54.239974370290135,1.4268733060081917,2.5090919688113864,0
2026-03-17 11:35:00+00:00,device-05,53.8850645212617,1.3363428152596246,2.464560175140271,0
2026-03-17 11:40:00+00:00,device-05,53.465771347075105,1.355956901553417,2.469286763228018,0
2026-03-17 11:45:00+00:00,device-05,53.535194160919815,1.4025136113014742,2.467019412395281,0
2026-03-17 11:50:00+00:00,device-05,53.86082851787382,1.3987583615800405,2.5866549622349444,0
2026-03-17 11:55:00+00:00,device-05,54.63034292808361,1.3915130025938458,2.4367287800675737,0
2026-03-17 12:00:00+00:00,device-05,52.924895854325555,1.368763329615746,2.556000472741104,0
2026-03-17 12:05:00+00:00,device-05,53.024698047283785,1.2981071629526282,2.544660514487784,0
2026-03-17 12:10:00+00:00,device-05,53.006540367826034,1.3767421577263166,2.463192611899448,0
2026-03-17 12:15:00+00:00,device-05,53.35158195270884,1.3137910755621969,2.5799461287292913,0
2026-03-17 12:20:00+00:00,device-05,53.405129186348226,1.3833077368121733,2.339545377868326,0
2026-03-17 12:25:00+00:00,device-05,52.49363857807959,1.2637837724991476,2.4963841608767354,0
2026-03-17 12:30:00+00:00,device-05,53.59580736862498,1.4527270130989824,2.4887885504947196,0
2026-03-17 12:35:00+00:00,device-05,52.49714143437084,1.476889141899947,2.481638780065524,0
2026-03-17 12:40:00+00:00,device-05,53.15614320294102,1.4054765546073387,2.530064734747079,0
2026-03-17 12:45:00+00:00,device-05,53.19320162510207,1.342262689109648,2.4552028511487127,0
2026-03-17 12:50:00+00:00,device-05,53.19170553332732,1.370375666510718,2.4674192933956967,0
2026-03-17 12:55:00+00:00,device-05,54.38995393467751,1.4306163092096273,2.546989394670567,0
2026-03-17 13:00:00+00:00,device-05,54.492671772448375,1.420251287546351,2.4704098038313513,0
2026-03-17 13:05:00+00:00,device-05,54.096668470345975,1.3538888794592825,2.414712082003514,0
2026-03-17 13:10:00+00:00,device-05,54.443974505796646,1.4492213096018478,2.5103279141284847,0
2026-03-17 13:15:00+00:00,device-05,53.13312269858758,1.4265940164578277,2.4705439856519895,0
2026-03-17 13:20:00+00:00,device-05,54.31068683302194,1.418208555924399,2.4410380836285586,0
2026-03-17 13:25:00+00:00,device-05,53.285167269780665,1.3751381483112812,2.5074107908717225,0
2026-03-17 13:30:00+00:00,device-05,53.47553006489879,1.3935396008527594,2.4273738614273825,0
2026-03-17 13:35:00+00:00,device-05,53.50146488315886,1.3593537722717788,2.414164055165106,0
2026-03-17 13:40:00+00:00,device-05,52.372052936551725,1.4049553147229317,2.456725731944332,0
2026-03-17 13:45:00+00:00,device-05,52.874119525382945,1.3638151643731602,2.46035477703968,0
2026-03-17 13:50:00+00:00,device-05,53.18374055189035,1.4557641688191054,2.4743205723693245,0
2026-03-17 13:55:00+00:00,device-05,53.54490338831396,1.4005251629235085,2.3982667480137976,0
2026-03-17 14:00:00+00:00,device-05,53.19608907877358,1.4099939553185783,2.573096843550286,0
2026-03-17 14:05:00+00:00,device-05,52.68386175031525,1.4168797514268243,2.5098195126158496,0
2026-03-17 14:10:00+00:00,device-05,52.46511146576127,1.4174043681778654,2.4772135027684192,0
2026-03-17 14:15:00+00:00,device-05,53.27582741910196,1.331776655137145,2.4818184130173466,0
2026-03-17 14:20:00+00:00,device-05,52.437675624210634,1.466858685517435,2.3172750152463597,0
2026-03-17 14:25:00+00:00,device-05,52.4358155253762,1.4091019107111942,2.522246169859877,0
2026-03-17 14:30:00+00:00,device-05,53.1819467802405,1.3779708802736237,2.4047647739640077,0
2026-03-17 14:35:00+00:00,device-05,53.37368846728401,1.3580845121335645,2.4957185508579536,0
2026-03-17 14:40:00+00:00,device-05,52.66427469722118,1.3732407572534477,2.393190792574053,0
2026-03-17 14:45:00+00:00,device-05,51.994256386769415,1.3776112249131298,2.52336530166695,0
2026-03-17 14:50:00+00:00,device-05,53.435160029283125,1.4094834458725276,2.4315042231769715,0
2026-03-17 14:55:00+00:00,device-05,53.80189566057649,1.3670794802555817,2.45023679306265,0
2026-03-17 15:00:00+00:00,device-05,52.939844733570034,1.4160638832769312,2.5540764599827943,0
2026-03-17 15:05:00+00:00,device-05,52.95804438210094,1.4187183675212987,2.521108896501483,0
2026-03-17 15:10:00+00:00,device-05,51.590735706232216,1.378092269671451,2.3785452127233824,0
2026-03-17 15:15:00+00:00,device-05,53.84284860677401,1.5227371587086034,2.41854669685102,0
2026-03-17 15:20:00+00:00,device-05,52.44096906866519,1.408164579488773,2.4714581003517075,0
2026-03-17 15:25:00+00:00,device-05,53.70597392852695,1.4315098544160538,2.4451537662206335,0
2026-03-17 15:30:00+00:00,device-05,52.78600052148299,1.4211659713618197,2.5070169163371276,0
2026-03-17 15:35:00+00:00,device-05,53.094625974894036,1.4085668084478558,2.4168293094304696,0
2026-03-17 15:40:00+00:00,device-05,53.05838537818245,1.4506924151952905,2.3446727024339,0
2026-03-17 15:45:00+00:00,device-05,51.927312478973185,1.4863968072543132,2.4018895219340535,0
2026-03-17 15:50:00+00:00,device-05,55.10604429797537,1.415244589315764,2.444879229039422,0
2026-03-17 15:55:00+00:00,device-05,52.0829182390389,1.3770993318303066,2.488218604231613,0
2026-03-17 16:00:00+00:00,device-05,53.24990810731647,1.4474685625447217,2.499331766804306,0
2026-03-17 16:05:00+00:00,device-05,52.600179530213715,1.3144664404383954,2.5288313309013377,0
2026-03-17 16:10:00+00:00,device-05,52.99938655935583,1.4296715797044517,2.46753925889837,0
2026-03-17 16:15:00+00:00,device-05,54.12454251720435,1.4132859521338732,2.440600101153492,0
2026-03-17 16:20:00+00:00,device-05,51.85317270337581,1.4394525081825233,2.4959857744117233,0
2026-03-17 16:25:00+00:00,device-05,53.053590103660696,1.3492676963040002,2.4454964518086717,0
2026-03-17 16:30:00+00:00,device-05,53.49406490482008,1.4031168476923668,2.422705135290219,0
2026-03-17 16:35:00+00:00,device-05,53.229927579301894,1.3745795111820633,2.4221206767963626,0
2026-03-17 16:40:00+00:00,device-05,53.419602305286396,1.3993700410510261,2.505264829851177,0
2026-03-17 16:45:00+00:00,device-05,52.61309377466055,1.4558392624363719,2.538042158419561,0
2026-03-17 16:50:00+00:00,device-05,51.98664869568561,1.4175682560066916,2.5272257621922205,0
2026-03-17 16:55:00+00:00,device-05,52.213010206259554,1.3984030972258596,2.351673318519305,0
2026-03-17 17:00:00+00:00,device-05,52.84092307771383,1.4871574085768222,2.51254510808604,0
2026-03-17 17:05:00+00:00,device-05,53.64338942514241,1.4298361269128903,2.379072606126935,0
2026-03-17 17:10:00+00:00,device-05,53.176849573097705,1.3295939479939363,2.4251737436982346,0
2026-03-17 17:15:00+00:00,device-05,54.239733233071114,1.3787604931847341,2.4801958565783786,0
2026-03-17 17:20:00+00:00,device-05,53.184143811358844,1.4512422816041952,2.3643381103077417,0
2026-03-17 17:25:00+00:00,device-05,53.24586558101135,1.4531101471007812,2.370098021107963,0
2026-03-17 17:30:00+00:00,device-05,53.24730922686754,1.442987824090689,2.398047256571606,0
2026-03-17 17:35:00+00:00,device-05,51.89195177078497,1.4454934607376055,2.543722864599253,0
2026-03-17 17:40:00+00:00,device-05,53.504093088566044,1.3886632984414882,2.5063746254866257,0
2026-03-17 17:45:00+00:00,device-05,52.32029846174097,1.428931413317425,2.387211696391438,0
2026-03-17 17:50:00+00:00,device-05,52.82886006627504,1.3754250383281128,2.448766640808746,0
2026-03-17 17:55:00+00:00,device-05,54.73208612133138,1.3932953811010085,2.4479566302528415,0
2026-03-17 18:00:00+00:00,device-05,52.223313673527414,1.3900902377828852,2.4579365035527867,0
2026-03-17 18:05:00+00:00,device-05,53.16859141727218,1.3941039883209019,2.395892661129737,0
2026-03-17 18:10:00+00:00,device-05,53.287143709545376,1.4191606606432825,2.524335519527156,0
2026-03-17 18:15:00+00:00,device-05,53.17031260361691,1.4252827094670155,2.414456208313305,0
2026-03-17 18:20:00+00:00,device-05,53.079758102522625,1.3973792486799692,2.485732859533785,0
2026-03-17 18:25:00+00:00,device-05,52.68372148422708,1.4906514888057203,2.334865463282537,0
2026-03-17 18:30:00+00:00,device-05,54.46631469220581,1.415321896230472,2.458767944464459,0
2026-03-17 18:35:00+00:00,device-05,51.66477363033201,1.514065084232524,2.443294743030091,0
2026-03-17 18:40:00+00:00,device-05,52.34824641505592,1.4880644075213485,2.515417919639384,0
2026-03-17 18:45:00+00:00,device-05,54.10268869183656,1.379255584640624,2.277464041145142,0
2026-03-17 18:50:00+00:00,device-05,53.44579499615357,1.4832415008856927,2.465948079147101,0
2026-03-17 18:55:00+00:00,device-05,52.523482524393415,1.3708881584737411,2.4807872667960087,0
2026-03-17 19:00:00+00:00,device-05,52.42790371298004,1.5116092156055738,2.415407865394247,0
2026-03-17 19:05:00+00:00,device-05,52.87995488982716,1.4567697881690094,2.5096113476504005,0
2026-03-17 19:10:00+00:00,device-05,54.8998808788117,1.3919782092036916,2.5562020852440934,0
2026-03-17 19:15:00+00:00,device-05,53.39523188904469,1.3332471603037064,2.4822122373938855,0
2026-03-17 19:20:00+00:00,device-05,52.32580745456351,1.4218702862074937,2.4772895633968757,0
2026-03-17 19:25:00+00:00,device-05,53.212245550149625,1.375206008385796,2.5090180304529133,0
2026-03-17 19:30:00+00:00,device-05,52.60500546634424,1.496217165210079,2.453774038384279,0
2026-03-17 19:35:00+00:00,device-05,54.09018271125054,1.381133189007094,2.5004501912337656,0
2026-03-17 19:40:00+00:00,device-05,53.24508838699963,1.431464505765286,2.462077688848606,0
2026-03-17 19:45:00+00:00,device-05,53.91967355466701,1.4672674948862838,2.384357520988421,0
2026-03-17 19:50:00+00:00,device-05,53.148350031917495,1.44391649693392,2.3617180160959164,0
2026-03-17 19:55:00+00:00,device-05,54.46080439637077,1.4565377257079684,2.4946671576363286,0
2026-03-17 20:00:00+00:00,device-05,53.32011947121802,1.4317300871793817,2.459411036181214,0
2026-03-17 20:05:00+00:00,device-05,53.226625975254954,1.4798410114087235,2.3826098122609167,0
2026-03-17 20:10:00+00:00,device-05,52.314733233269806,1.3985811866115399,2.423764577437336,0
2026-03-17 20:15:00+00:00,device-05,52.731719940663325,1.4728704124906509,2.5094253109207827,0
2026-03-17 20:20:00+00:00,device-05,53.29818814809244,1.385777698242417,2.317959596245057,0
2026-03-17 20:25:00+00:00,device-05,52.67601988285421,1.454115651781534,2.3660349885471446,0
2026-03-17 20:30:00+00:00,device-05,54.76343276379427,1.3895091690049464,2.4614405583264416,0
2026-03-17 20:35:00+00:00,device-05,53.012772252883956,1.4358998969239343,2.4683234222713524,0
2026-03-17 20:40:00+00:00,device-05,52.48615821911256,1.4750616239172334,2.347881920746857,0
2026-03-17 20:45:00+00:00,device-05,53.70919275459173,1.5072906457391135,2.3577714671804233,0
2026-03-17 20:50:00+00:00,device-05,52.64586076060623,1.3578635725839463,2.426817079184793,0
2026-03-17 20:55:00+00:00,device-05,53.30016909911532,1.4089848903270616,2.5005829108583235,0
2026-03-17 21:00:00+00:00,device-05,52.94878193155689,1.3989767705097662,2.8930764249269094,1
2026-03-17 21:05:00+00:00,device-05,52.50881989793589,1.5069610751314628,2.7522701359740367,1
2026-03-17 21:10:00+00:00,device-05,53.98365215965354,1.404715210184229,2.952830878165364,1
2026-03-17 21:15:00+00:00,device-05,53.07486578721951,1.4823153690448916,2.889070865440118,1
2026-03-17 21:20:00+00:00,device-05,53.77137168248913,1.4223779357917257,2.8621581830149365,1
2026-03-17 21:25:00+00:00,device-05,52.77138142377896,1.37686724742449,2.819331700815214,1
2026-03-17 21:30:00+00:00,device-05,52.009030254675395,1.4535785970138988,2.9601005826392113,1
2026-03-17 21:35:00+00:00,device-05,52.13660547258852,1.3921307045897615,2.903762337110394,1
2026-03-17 21:40:00+00:00,device-05,52.64330134946053,1.4844125329573399,2.9113149813793795,1
2026-03-17 21:45:00+00:00,device-05,52.87684282330916,1.489345721455581,2.9074100496375674,1
2026-03-17 21:50:00+00:00,device-05,53.04339439756651,1.5143290766634743,2.9118918357072587,1
2026-03-17 21:55:00+00:00,device-05,53.36327417751671,1.3987742832747214,2.9352930732110636,1
2026-03-17 22:00:00+00:00,device-05,52.133498384065554,1.5264811858196194,2.5104866457865818,0
2026-03-17 22:05:00+00:00,device-05,53.16351077387086,1.4966420954875956,2.343068023561728,0
2026-03-17 22:10:00+00:00,device-05,52.14971092608613,1.360669697277113,2.4017100507183335,0
2026-03-17 22:15:00+00:00,device-05,52.52322893510966,1.5583864725050136,2.3783386672499116,0
2026-03-17 22:20:00+00:00,device-05,54.79719255635808,1.5322953821108953,2.5059349089456724,0
2026-03-17 22:25:00+00:00,device-05,53.89284625119454,1.3980846373538327,2.3869220406222236,0
2026-03-17 22:30:00+00:00,device-05,52.74686759869061,1.4655423189988313,2.306798200426028,0
2026-03-17 22:35:00+00:00,device-05,54.25528938541397,1.3831792291049996,2.401248091265488,0
2026-03-17 22:40:00+00:00,device-05,53.99364628036434,1.4427718960394433,2.358207085209906,0
2026-03-17 22:45:00+00:00,device-05,53.62264892624028,1.458579709550589,2.3570991934709333,0
2026-03-17 22:50:00+00:00,device-05,54.02739413190222,1.4799685118855324,2.374040489051991,0
2026-03-17 22:55:00+00:00,device-05,52.826548858626765,1.408784107063029,2.321677087601966,0
2026-03-17 23:00:00+00:00,device-05,52.91260146187572,1.4481072628439144,2.283413036299205,0
2026-03-17 23:05:00+00:00,device-05,52.39833033693368,1.4034645543582887,2.515993286788442,0
2026-03-17 23:10:00+00:00,device-05,53.40858303729033,1.468293628820999,2.3905855380219863,0
2026-03-17 23:15:00+00:00,device-05,52.122626494138615,1.482149010825237,2.341323769246525,0
2026-03-17 23:20:00+00:00,device-05,52.64801182667147,1.4528994710244387,2.4342730141320694,0
2026-03-17 23:25:00+00:00,device-05,53.32176007176879,1.505989627175496,2.4762926909440406,0
2026-03-17 23:30:00+00:00,device-05,52.647704101385294,1.4865053613642794,2.29052922999491,0
2026-03-17 23:35:00+00:00,device-05,53.24426156076133,1.4674846792905163,2.3679934638990425,0
2026-03-17 23:40:00+00:00,device-05,54.279216393828264,1.5063971626211266,2.4110560323197614,0
2026-03-17 23:45:00+00:00,device-05,52.31271469007449,1.387606489097321,2.3427966677480834,0
2026-03-17 23:50:00+00:00,device-05,53.985203330031,1.4470495956268927,2.419905176632452,0
2026-03-17 23:55:00+00:00,device-05,52.5251152704747,1.361202259256273,2.3178389105699084,0
2026-03-18 00:00:00+00:00,device-05,52.34986027277237,1.4477074163259858,2.3514732684458335,0
2026-03-18 00:05:00+00:00,device-05,53.16223835305976,1.4252469679661055,2.3835276186083383,0
2026-03-18 00:10:00+00:00,device-05,53.72508242691232,1.4891572572829803,2.4158892391650806,0
2026-03-18 00:15:00+00:00,device-05,52.506261555377804,1.4263326128429337,2.3918225883664364,0
2026-03-18 00:20:00+00:00,device-05,52.49655017416521,1.4163842592038214,2.3478818094708105,0
2026-03-18 00:25:00+00:00,device-05,52.69987319320734,1.4431522641348975,2.3659857821026025,0
2026-03-18 00:30:00+00:00,device-05,52.50431276025559,1.4411186250620651,2.2604134341028814,0
2026-03-18 00:35:00+00:00,device-05,53.141370160143666,1.4728924650911202,2.515019917805841,0
2026-03-18 00:40:00+00:00,device-05,52.51166783722179,1.4040794753963033,2.3615386061882693,0
2026-03-18 00:45:00+00:00,device-05,52.83326126715535,1.3729335513871526,2.3677323426342274,0
2026-03-18 00:50:00+00:00,device-05,53.26033636016774,1.3681665565266132,2.4007166505279782,0
2026-03-18 00:55:00+00:00,device-05,52.72141239034061,1.5034566669338132,2.418429180361282,0
2026-03-18 01:00:00+00:00,device-05,53.82257973929161,1.3839752840810864,2.4040571643952235,0
2026-03-18 01:05:00+00:00,device-05,52.54232134495409,1.4231538494245786,2.342049658120037,0
2026-03-18 01:10:00+00:00,device-05,52.47714313351472,1.3911915747769228,2.282499908987391,0
2026-03-18 01:15:00+00:00,device-05,54.445269359134834,1.4890880614666733,2.3709427755336034,0
2026-03-18 01:20:00+00:00,device-05,54.07413351341952,1.4173601260532154,2.3327995804051462,0
2026-03-18 01:25:00+00:00,device-05,53.0713879090649,1.5056553166851934,2.346865978022129,0
2026-03-18 01:30:00+00:00,device-05,53.60415685595262,1.4098328161256584,2.37928570694669,0
2026-03-18 01:35:00+00:00,device-05,53.26277941949381,1.459024495712203,2.3932035210926714,0
2026-03-18 01:40:00+00:00,device-05,52.66890574112764,1.4814930334567964,2.455688836627641,0
2026-03-18 01:45:00+00:00,device-05,53.500821918768445,1.4915217823172353,2.3685400001258317,0
2026-03-18 01:50:00+00:00,device-05,53.2424974733793,1.3843721665354634,2.2729794277549136,0
2026-03-18 01:55:00+00:00,device-05,53.92843323637004,1.4248578561514502,2.411189920756748,0
2026-03-18 02:00:00+00:00,device-05,51.7428386340788,1.4386960596148097,2.4310797021985966,0
2026-03-18 02:05:00+00:00,device-05,53.59963251594222,1.3518461164663098,2.2758819027051924,0
2026-03-18 02:10:00+00:00,device-05,53.15337061326825,1.4771307673990823,2.410455113014443,0
2026-03-18 02:15:00+00:00,device-05,52.55764338151772,1.4608436651958119,2.384601657756528,0
2026-03-18 02:20:00+00:00,device-05,52.74038157218239,1.4663547021480163,2.3400551743401308,0
2026-03-18 02:25:00+00:00,device-05,52.75917337775208,1.371832988839739,2.3823113814986345,0
2026-03-18 02:30:00+00:00,device-05,52.11883979716291,1.449435930935469,2.394739765454131,0
2026-03-18 02:35:00+00:00,device-05,52.64511743614115,1.461495876211375,2.406259229310355,0
2026-03-18 02:40:00+00:00,device-05,53.59680886909234,1.4904044845971811,2.4389978890515356,0
2026-03-18 02:45:00+00:00,device-05,51.98909848302643,1.4132202761915003,2.3685900015581214,0
2026-03-18 02:50:00+00:00,device-05,52.790299974774925,1.4720779048574852,2.3683245261015924,0
2026-03-18 02:55:00+00:00,device-05,51.40029884878802,1.5352337372176303,2.51317551353224,0
2026-03-18 03:00:00+00:00,device-05,52.65533545666999,1.4161290244929428,2.3031070985301527,0
2026-03-18 03:05:00+00:00,device-05,53.334548114111605,1.416803397524528,2.3502403512076806,0
2026-03-18 03:10:00+00:00,device-05,53.02801271465187,1.4206404388424632,2.344746718154591,0
2026-03-18 03:15:00+00:00,device-05,53.09645330628837,1.3623731637619036,2.411557707614503,0
2026-03-18 03:20:00+00:00,device-05,52.28538805176275,1.41768497535315,2.431278973347049,0
2026-03-18 03:25:00+00:00,device-05,53.46973622997739,1.5154971796588583,3.056805646241782,1
2026-03-18 03:30:00+00:00,device-05,52.44116870315303,1.3886576323322681,3.2095603822672136,1
2026-03-18 03:35:00+00:00,device-05,53.7122113172822,1.424484819811548,3.0634693829615083,1
2026-03-18 03:40:00+00:00,device-05,53.22723609567417,1.492677743714172,3.29107295578059,1
2026-03-18 03:45:00+00:00,device-05,52.81311153575206,1.4609191722482802,3.0933092620968994,1
2026-03-18 03:50:00+00:00,device-05,54.12472980300509,1.4436828090426805,3.1993697625179616,1
2026-03-18 03:55:00+00:00,device-05,52.81103028820871,1.415268062630627,3.116229440244325,1
2026-03-18 04:00:00+00:00,device-05,53.80748531890237,1.4255349791544583,3.174308350120451,1
2026-03-18 04:05:00+00:00,device-05,53.16693662966892,1.431190400206999,3.0860401552829035,1
2026-03-18 04:10:00+00:00,device-05,53.096930541681395,1.464027732625081,3.13833959471344,1
2026-03-18 04:15:00+00:00,device-05,53.80041030425122,1.433277218772555,3.131106133954544,1
2026-03-18 04:20:00+00:00,device-05,53.40951464904679,1.4752760566283025,3.1346506911754717,1
2026-03-18 04:25:00+00:00,device-05,53.100877766229864,1.3359313541461497,3.1761880056323415,1
2026-03-18 04:30:00+00:00,device-05,53.026454738534106,1.468049451083626,3.7133454378101716,1
2026-03-18 04:35:00+00:00,device-05,53.26108875020736,1.400716786862475,3.7197174110949307,1
2026-03-18 04:40:00+00:00,device-05,53.17603244829274,1.4267977008684087,3.6594700123801864,1
2026-03-18 04:45:00+00:00,device-05,52.89097936645358,1.4045986042341287,3.7295466098569676,1
2026-03-18 04:50:00+00:00,device-05,52.397379477391965,1.4566015369360656,3.7077119897170885,1
2026-03-18 04:55:00+00:00,device-05,51.31289097365753,1.4183324395032548,3.789725169629616,1
2026-03-18 05:00:00+00:00,device-05,53.05174556366501,1.4543804606039907,3.776264707717943,1
2026-03-18 05:05:00+00:00,device-05,52.96353618914677,1.3830120009136289,3.6918285836475144,1
2026-03-18 05:10:00+00:00,device-05,53.986699902558875,1.43143760792981,3.761261771329729,1
2026-03-18 05:15:00+00:00,device-05,53.45521820615271,1.4820038053772078,3.812999447919042,1
2026-03-18 05:20:00+00:00,device-05,53.94327939344333,1.4756881584851844,2.948656096832581,1
2026-03-18 05:25:00+00:00,device-05,54.36382099955861,1.4022699313017863,2.890133714207458,1
2026-03-18 05:30:00+00:00,device-05,53.07698855016413,1.4261861879588245,3.107891203037341,1
2026-03-18 05:35:00+00:00,device-05,52.567189433684696,1.4001281207085245,2.9926136724192087,1
2026-03-18 05:40:00+00:00,device-05,53.73202562887587,1.4117103774235236,3.00098321508381,1
2026-03-18 05:45:00+00:00,device-05,52.74681397390736,1.4176947554890058,3.108561347470486,1
2026-03-18 05:50:00+00:00,device-05,52.98986957988617,1.4758844262276936,2.9094469797076083,1
2026-03-18 05:55:00+00:00,device-05,54.17944939989095,1.4440623036922369,2.9751541893575446,1
2026-03-18 06:00:00+00:00,device-05,53.562990666027964,1.4865195927809445,2.230215385569695,0
2026-03-18 06:05:00+00:00,device-05,53.94839041129423,1.4895367848301773,2.3730612655328773,0
2026-03-18 06:10:00+00:00,device-05,52.240395867596916,1.3503657818880062,2.366589776866529,0
2026-03-18 06:15:00+00:00,device-05,53.21372655744978,1.4272891701447297,2.295135609572947,0
2026-03-18 06:20:00+00:00,device-05,53.97668643271933,1.3892263076491567,2.2903391363646826,0
2026-03-18 06:25:00+00:00,device-05,52.30072048348691,1.330644666248705,2.3303453095545152,0
2026-03-18 06:30:00+00:00,device-05,53.34086541271592,1.3562707114153978,2.326416500158273,0
2026-03-18 06:35:00+00:00,device-05,53.48943043769906,1.3838785674896656,2.434759388296839,0
2026-03-18 06:40:00+00:00,device-05,51.597139727932785,1.4903183447320094,2.324319898465392,0
2026-03-18 06:45:00+00:00,device-05,54.33323253130466,1.4112497597135227,2.3288348174649447,0
2026-03-18 06:50:00+00:00,device-05,52.72093411739198,1.3969192379313733,2.3271305411075347,0
2026-03-18 06:55:00+00:00,device-05,53.12807056037129,1.4037833334147654,2.2409967684644063,0
2026-03-18 07:00:00+00:00,device-05,54.40476818351778,1.3673688525155205,2.307171054584294,0
2026-03-18 07:05:00+00:00,device-05,51.98142816753665,1.4119355985562247,2.254574037949282,0
2026-03-18 07:10:00+00:00,device-05,53.56397611448029,1.3980189979818005,2.3427921627332218,0
2026-03-18 07:15:00+00:00,device-05,52.930802169253234,1.3212798056906674,2.2027307108655503,0
2026-03-18 07:20:00+00:00,device-05,53.27910712600333,1.3745264138249471,2.266307664454296,0
2026-03-18 07:25:00+00:00,device-05,52.679937082428886,1.565186032670098,2.3485444917424636,0
2026-03-18 07:30:00+00:00,device-05,54.21334643524807,1.4299345998053516,2.206407321161319,0
2026-03-18 07:35:00+00:00,device-05,52.479028970715625,1.3931237934208842,2.238332308076274,0
2026-03-18 07:40:00+00:00,device-05,53.52168728192608,1.429764665232306,2.391105722031034,0
2026-03-18 07:45:00+00:00,device-05,53.6525157860067,1.3481551056451042,2.2507003608606606,0
2026-03-18 07:50:00+00:00,device-05,53.21404232766927,1.3994967158609175,2.329522943878038,0
2026-03-18 07:55:00+00:00,device-05,53.09212413661212,1.4372525152350382,2.3479078024637907,0
2026-03-18 08:00:00+00:00,device-05,53.10311644022441,1.3141466232528887,2.265071383883243,0
2026-03-18 08:05:00+00:00,device-05,54.010179880248394,1.3560254151804751,2.226702181859274,0
2026-03-18 08:10:00+00:00,device-05,53.61579188033626,1.371485986139154,2.4193159256321977,0
2026-03-18 08:15:00+00:00,device-05,53.247203819611606,1.376275354937309,2.293413684155411,0
2026-03-18 08:20:00+00:00,device-05,52.54603834274571,1.3640115013434198,2.357353592867622,0
2026-03-18 08:25:00+00:00,device-05,53.426609563394294,1.4015242143828528,2.2800196065667553,0
2026-03-18 08:30:00+00:00,device-05,53.69397798838856,1.437205614967171,2.3469544636864135,0
2026-03-18 08:35:00+00:00,device-05,53.30365644016263,1.40304805908777,2.2455453177506906,0
2026-03-18 08:40:00+00:00,device-05,54.33779474231837,1.4354061317500413,2.2412067987661675,0
2026-03-18 08:45:00+00:00,device-05,51.999990822853654,1.435380019980798,2.260345094573175,0
2026-03-18 08:50:00+00:00,device-05,55.08854367388716,1.353767016617477,2.284837392644286,0
2026-03-18 08:55:00+00:00,device-05,53.220026266975665,1.395354550482256,2.284217636566686,0
2026-03-18 09:00:00+00:00,device-05,52.55604550356092,1.362576060018269,2.3014900506034213,0
2026-03-18 09:05:00+00:00,device-05,52.138405590977776,1.4121708905102563,2.3467471772371744,0
2026-03-18 09:10:00+00:00,device-05,53.973018418808266,1.3617002261393083,2.28788287645753,0
2026-03-18 09:15:00+00:00,device-05,53.772377193556885,1.368677667770425,2.3756489480976968,0
2026-03-18 09:20:00+00:00,device-05,53.22535022551543,1.459964623994695,2.2790427296934412,0
2026-03-18 09:25:00+00:00,device-05,53.348883387569195,1.366948131573368,2.358076227482748,0
2026-03-18 09:30:00+00:00,device-05,53.50758783373642,1.2981511545681754,2.3964610917883893,0
2026-03-18 09:35:00+00:00,device-05,53.09853003469484,1.3793664163985697,2.4216484076624187,0
2026-03-18 09:40:00+00:00,device-05,54.20879341010269,1.3869381107517786,2.197016013349401,0
2026-03-18 09:45:00+00:00,device-05,53.84540516185739,1.3465469577239337,2.4195081751049017,0
2026-03-18 09:50:00+00:00,device-05,53.32918866556236,1.3736554849092681,2.2092014415679597,0
2026-03-18 09:55:00+00:00,device-05,52.27183501565372,1.4191045038308185,2.399892264265918,0
2026-03-18 10:00:00+00:00,device-05,54.38530183025857,1.3426530091562654,2.3132758881987088,0
2026-03-18 10:05:00+00:00,device-05,53.09756973098734,1.3577349451246188,2.3345762857151158,0
2026-03-18 10:10:00+00:00,device-05,52.713480519032004,1.33113387475338,2.2560485516943753,0
2026-03-18 10:15:00+00:00,device-05,54.34745370208094,1.380877142697965,2.3684430584966667,0
2026-03-18 10:20:00+00:00,device-05,53.80007885362338,1.3574279490842986,2.3528939365262946,0
2026-03-18 10:25:00+00:00,device-05,52.046733137471854,1.3172501800151544,2.2778339203160156,0
2026-03-18 10:30:00+00:00,device-05,52.29958395710017,1.3537199511949842,2.2734442498386542,0
2026-03-18 10:35:00+00:00,device-05,53.19190335476398,1.4496578162657776,2.3613825809555906,0
2026-03-18 10:40:00+00:00,device-05,52.59646648603816,1.2756104604553358,2.3713195413119363,0
2026-03-18 10:45:00+00:00,device-05,53.37524425795879,1.2902135231402783,2.3548993637405276,0
2026-03-18 10:50:00+00:00,device-05,55.32151876468378,1.37321989905243,2.2852624921313573,0
2026-03-18 10:55:00+00:00,device-05,55.58374519276523,1.287820538171393,2.307750029046092,0
2026-03-18 11:00:00+00:00,device-05,53.47431293226567,1.4498623576318226,2.363344123883807,0
2026-03-18 11:05:00+00:00,device-05,54.07119457349979,1.2804218706107409,2.35669024815454,0
2026-03-18 11:10:00+00:00,device-05,54.14088849907314,1.2883321252423716,2.3735897055235906,0
2026-03-18 11:15:00+00:00,device-05,53.440519942308306,1.3258153435267315,2.3137779085217587,0
2026-03-18 11:20:00+00:00,device-05,52.49679894703431,1.40251209921745,2.262379308985114,0
2026-03-18 11:25:00+00:00,device-05,54.29056688181154,1.3877896303884776,2.321434536592894,0
2026-03-18 11:30:00+00:00,device-05,53.42069779782503,1.3752594785530208,2.330680006115063,0
2026-03-18 11:35:00+00:00,device-05,53.86981205430632,1.360755892674369,2.270944891729631,0
2026-03-18 11:40:00+00:00,device-05,54.05470270433803,1.4085784142788662,2.3292552952392063,0
2026-03-18 11:45:00+00:00,device-05,52.999711745032755,1.2550204414168318,2.2514284566654137,0
2026-03-18 11:50:00+00:00,device-05,54.754638091351566,1.3561801391687716,2.316610124656271,0
2026-03-18 11:55:00+00:00,device-05,53.63285684639786,1.4113048758959261,2.264264901513816,0
2026-03-18 12:00:00+00:00,device-05,53.74469748613029,1.288105574776392,2.427089584266438,0
2026-03-18 12:05:00+00:00,device-05,53.2910943569851,1.354686520233355,2.370950751096325,0
2026-03-18 12:10:00+00:00,device-05,54.099080653306295,1.3975854611441225,2.314604849629055,0
2026-03-18 12:15:00+00:00,device-05,54.317943715379606,1.3977182641114354,2.219396911147609,0
2026-03-18 12:20:00+00:00,device-05,53.225410736956725,1.3287899423665497,2.223918363335537,0
2026-03-18 12:25:00+00:00,device-05,54.03295777102114,1.4251041254823706,2.339045486299485,0
2026-03-18 12:30:00+00:00,device-05,53.325957865806764,1.3576702309029642,2.28748413740378,0
2026-03-18 12:35:00+00:00,device-05,52.775250243403384,1.3840633087593783,2.3144792408158756,0
2026-03-18 12:40:00+00:00,device-05,53.414251128344546,1.2782691008940672,2.2007933773546133,0
2026-03-18 12:45:00+00:00,device-05,54.079759779805826,1.2924739406397232,2.204484982150985,0
2026-03-18 12:50:00+00:00,device-05,54.04746772194471,1.2910113530905616,2.3011665376367003,0
2026-03-18 12:55:00+00:00,device-05,54.424500866813034,1.4130524276696614,2.2811909564256663,0
2026-03-18 13:00:00+00:00,device-05,53.202663878827664,1.211878005854932,2.2131176301654527,0
2026-03-18 13:05:00+00:00,device-05,53.470447525282275,1.2348598649011224,2.2445276714425613,0
2026-03-18 13:10:00+00:00,device-05,53.74139016931655,1.3621123926640128,2.3390953137339,0
2026-03-18 13:15:00+00:00,device-05,54.1331627296808,1.3291045292619514,2.265333144726195,0
2026-03-18 13:20:00+00:00,device-05,53.62383334166554,1.1763771661773834,2.3253934165502566,0
2026-03-18 13:25:00+00:00,device-05,53.047230920517144,1.300148064255767,2.389495668761539,0
2026-03-18 13:30:00+00:00,device-05,52.6345470930714,1.3033008442205518,2.3100076996830747,0
2026-03-18 13:35:00+00:00,device-05,54.555722486583164,1.375965460738197,2.2969222909165965,0
2026-03-18 13:40:00+00:00,device-05,54.48652391688405,1.2224980972895338,2.252918274273082,0
2026-03-18 13:45:00+00:00,device-05,53.278336334431955,1.2886582763981547,2.3611730183949113,0
2026-03-18 13:50:00+00:00,device-05,54.790619376691104,1.3651759515159885,2.200822866270771,0
2026-03-18 13:55:00+00:00,device-05,53.71615570933587,1.3491945889618977,2.221056226226295,0
2026-03-18 14:00:00+00:00,device-05,54.087623828606745,1.2660037914718254,2.2853456631527482,0
2026-03-18 14:05:00+00:00,device-05,54.66236709490276,1.2955982920931863,2.1974480791815747,0
2026-03-18 14:10:00+00:00,device-05,53.44800814003468,1.2364146896841017,2.3441869016254993,0
2026-03-18 14:15:00+00:00,device-05,53.248879733460065,1.3735229097743304,2.2472776651964423,0
2026-03-18 14:20:00+00:00,device-05,52.58232336108543,1.2849505517948476,2.3160086506743496,0
2026-03-18 14:25:00+00:00,device-05,54.02333365390766,1.3665543686589465,2.2651172924667797,0
2026-03-18 14:30:00+00:00,device-05,54.133577523919236,1.3423287285148344,2.268010055758086,0
2026-03-18 14:35:00+00:00,device-05,54.43153207291464,1.259046910736637,2.2834253443612047,0
2026-03-18 14:40:00+00:00,device-05,54.25812341516932,1.2938344280991565,2.164240511074899,0
2026-03-18 14:45:00+00:00,device-05,53.91593216019267,1.331209309069123,2.2161867929864956,0
2026-03-18 14:50:00+00:00,device-05,54.656882714382675,1.3199462238339081,2.2525712841672307,0
2026-03-18 14:55:00+00:00,device-05,53.13852382561333,1.3714024754717031,2.4137090044320413,0
2026-03-18 15:00:00+00:00,device-05,54.14081524367121,1.3503212340215636,2.328748623872354,0
2026-03-18 15:05:00+00:00,device-05,54.23597486943875,1.3105797832600878,2.3227862365669156,0
2026-03-18 15:10:00+00:00,device-05,53.79890154230115,1.3271051971180992,2.216540644630115,0
2026-03-18 15:15:00+00:00,device-05,55.104794298617875,1.2578040804448356,2.3318632258725582,0
2026-03-18 15:20:00+00:00,device-05,54.20860944583851,1.2621360361886655,2.352497677091764,0
2026-03-18 15:25:00+00:00,device-05,54.855505943194885,1.3191485880911928,2.322385733980111,0
2026-03-18 15:30:00+00:00,device-05,54.54750355955329,1.304962997581666,2.43420193500604,0
2026-03-18 15:35:00+00:00,device-05,53.800035187043115,1.2336212154666684,2.195300086291995,0
2026-03-18 15:40:00+00:00,device-05,55.29301301904751,1.2823145859055023,2.211071159276147,0
2026-03-18 15:45:00+00:00,device-05,54.72261991499536,1.2461576942072699,2.259308131553926,0
2026-03-18 15:50:00+00:00,device-05,53.96449680275552,1.25677315790796,2.216051784284809,0
2026-03-18 15:55:00+00:00,device-05,53.87637428039162,1.3452499326372078,2.277172031159436,0
2026-03-18 16:00:00+00:00,device-05,53.24101404126942,1.2354157804367434,2.304778473056291,0
2026-03-18 16:05:00+00:00,device-05,53.871107470679746,1.248293623899722,2.272239337917483,0
2026-03-18 16:10:00+00:00,device-05,53.81957241574104,1.3063319569841247,2.2785616244103917,0
2026-03-18 16:15:00+00:00,device-05,54.141610537692614,1.2812779456445083,2.2962972831690607,0
2026-03-18 16:20:00+00:00,device-05,53.70594916510548,1.2845646991111543,2.3179456268801197,0
2026-03-18 16:25:00+00:00,device-05,54.41312204977569,1.2051848886506378,2.23132866114456,0
2026-03-18 16:30:00+00:00,device-05,53.96256830222992,1.2727059486133,2.2302560279925667,0
2026-03-18 16:35:00+00:00,device-05,52.918452035295935,1.2547919913157541,2.3414757507651234,0
2026-03-18 16:40:00+00:00,device-05,53.68204047038317,1.2323573320459804,2.2490078805310794,0
2026-03-18 16:45:00+00:00,device-05,53.41513081135887,1.24313859132315,2.2189029414625585,0
2026-03-18 16:50:00+00:00,device-05,53.16004148861539,1.2549349055505703,2.285382354028137,0
2026-03-18 16:55:00+00:00,device-05,53.88640536624724,1.3087037817287193,2.2467196919255867,0
2026-03-18 17:00:00+00:00,device-05,54.715746739084445,1.3579270317800136,2.2744794118986635,0
2026-03-18 17:05:00+00:00,device-05,53.29640899352937,1.2709836145078899,2.262981342016128,0
2026-03-18 17:10:00+00:00,device-05,52.68300621553561,1.336264729129847,2.304234978315541,0
2026-03-18 17:15:00+00:00,device-05,53.9866089547888,1.2687237302637855,2.320694357282572,0
2026-03-18 17:20:00+00:00,device-05,56.20959391048165,1.1901599680640675,2.215531936268784,0
2026-03-18 17:25:00+00:00,device-05,53.70347366655749,1.2636934726296691,2.1918911623785693,0
2026-03-18 17:30:00+00:00,device-05,54.31854235742202,1.3217724327068505,2.360078962100454,0
2026-03-18 17:35:00+00:00,device-05,53.84725794059213,1.326324366397939,2.2226810606807645,0
2026-03-18 17:40:00+00:00,device-05,54.74946255907282,1.2145911987130233,2.170202932472486,0
2026-03-18 17:45:00+00:00,device-05,55.16805022240488,1.3643840793042152,2.1489699884887687,0
2026-03-18 17:50:00+00:00,device-05,54.05249686294484,1.2192783998638557,2.2601145189688174,0
2026-03-18 17:55:00+00:00,device-05,55.0048723771196,1.2184308511876696,2.223138945373123,0
2026-03-18 18:00:00+00:00,device-05,53.42075645020608,1.2273354570601762,2.1514162745050114,0
2026-03-18 18:05:00+00:00,device-05,54.33852548362216,1.3216435170912528,2.2039418811298406,0
2026-03-18 18:10:00+00:00,device-05,53.30874550507586,1.2697320164141117,2.1967474892664205,0
2026-03-18 18:15:00+00:00,device-05,54.342086780623,1.2932487916637618,2.3195726376839194,0
2026-03-18 18:20:00+00:00,device-05,53.78878692708126,1.14050611124477,2.2734078205376194,0
2026-03-18 18:25:00+00:00,device-05,54.39732364043908,1.2443283646469967,2.258087330676332,0
2026-03-18 18:30:00+00:00,device-05,53.450739393408526,1.240296705229611,2.182058162428442,0
2026-03-18 18:35:00+00:00,device-05,54.40998368889654,1.278375085655273,2.2469590126692234,0
2026-03-18 18:40:00+00:00,device-05,54.33667297110531,1.2207959464111213,2.2970724302378853,0
2026-03-18 18:45:00+00:00,device-05,53.86562284972349,1.3001023619772822,2.2663803037287527,0
2026-03-18 18:50:00+00:00,device-05,53.71163841906962,1.2079007463962668,2.3197305761076557,0
2026-03-18 18:55:00+00:00,device-05,53.452098981892995,1.1725952114631764,2.2605502077104154,0
2026-03-18 19:00:00+00:00,device-05,54.01639456405557,1.1595743978476996,2.2969440318721865,0
2026-03-18 19:05:00+00:00,device-05,54.586518983692145,1.2990451378257262,2.2823529212598577,0
2026-03-18 19:10:00+00:00,device-05,54.22022673193072,1.2734030196069441,2.2204460772041847,0
2026-03-18 19:15:00+00:00,device-05,54.43331319607041,1.1978185102899,2.3342233886810657,0
2026-03-18 19:20:00+00:00,device-05,55.22420013941957,1.2879453791935762,2.2752472682219014,0
2026-03-18 19:25:00+00:00,device-05,54.11591437749595,1.225183074717764,2.3025361011021994,0
2026-03-18 19:30:00+00:00,device-05,54.55873843941805,1.2265018303866115,2.188750116164616,0
2026-03-18 19:35:00+00:00,device-05,54.94416906448043,1.1605351525834846,2.1870162245944154,0
2026-03-18 19:40:00+00:00,device-05,54.73328994479551,1.2036311509817514,2.2409107456880446,0
2026-03-18 19:45:00+00:00,device-05,54.65262331905104,1.2343857295395353,2.202937655663007,0
2026-03-18 19:50:00+00:00,device-05,54.44664097401355,1.2379053748685613,2.2879700532708545,0
2026-03-18 19:55:00+00:00,device-05,55.755453769261344,1.1997896017440206,2.2748966360492577,0
2026-03-18 20:00:00+00:00,device-05,54.35687320060446,1.2739798780080316,2.3234588421819224,0
2026-03-18 20:05:00+00:00,device-05,54.147770808182116,1.294461422818188,2.2847822107607256,0
2026-03-18 20:10:00+00:00,device-05,54.84484397911038,1.1846546802319404,2.181250874631634,0
2026-03-18 20:15:00+00:00,device-05,55.58841877658248,1.2421525875007375,2.305460364777291,0
2026-03-18 20:20:00+00:00,device-05,55.44332327477282,1.147980260970938,2.2091449978351516,0
2026-03-18 20:25:00+00:00,device-05,54.48148081893848,1.240641127113292,2.2036878063927348,0
